$GPNVS,2,224401,010826,0.00,0.00,0.00,0.00,0.00,0.00,0.00,0.00,*62
$GPNVS,3,224401,010826,+0.38,,,+4.32,-4.11,,,,1,+36.12,*68
$GPNVS,4,224401,010826,0.00,0.00,,,,,,,*64
$GPNVS,5,224401,010826,5C9,0,0,+36.12,00000,00000,*29
$GPNVS,6,0,A,0,0x00000,0x20,,0x00,00,,0x00000,,*05
$GPNVS,7,224401,010826,A,13,0x00,0,1,0,393219,+4.32,-4.11*59
$GPNVS,9,+10000000.000,+1.87501,+10000000.00,15,+0.000,+0.39,,+36.12,50.0,99.0,*62
$GPNVS,10,1,0,0,+5,+5,2,100,0.5,3,2,30,1,+0,1.0,20,+18,1,2,8000*68
$GPNVS,1,224402,010826,A,N,0,N,0x00000,0x20,0x00,1,N*16
$GPNVS,2,224402,010826,0.00,0.00,0.00,0.00,0.00,0.00,0.00,0.00,*61
$GPNVS,3,224402,010826,+0.38,,,+4.32,-4.09,,,,1,+36.12,*62
$GPNVS,4,224402,010826,0.00,0.00,,,,,,,*67
$GPNVS,5,224402,010826,5C9,0,0,+36.12,00000,00000,*2A
$GPNVS,6,0,A,0,0x00000,0x20,,0x00,00,,0x00000,,*05
$GPNVS,7,224402,010826,A,13,0x00,0,1,0,393219,+4.32,-4.10*5B
$GPNVS,9,+10000000.000,+1.87501,+10000000.00,15,+0.000,+0.39,,+36.12,50.0,99.0,*62
$GPNVS,10,1,0,0,+5,+5,2,100,0.5,3,2,30,1,+0,1.0,20,+18,1,2,8000*68
$GPNVS,1,224403,010826,A,N,0,N,0x00000,0x20,0x00,1,N*17
$GPNVS,2,224403,010826,0.00,0.00,0.00,0.00,0.00,0.00,0.00,0.00,*60
$GPNVS,3,224403,010826,+0.38,,,+4.32,-4.09,,,,1,+36.12,*63
$GPNVS,4,224403,010826,0.00,0.00,,,,,,,*66
$GPNVS,5,224403,010826,5C9,0,0,+36.12,00000,00000,*2B
$GPNVS,6,0,A,0,0x00000,0x20,,0x00,00,,0x00000,,*05
$GPNVS,7,224403,010826,A,13,0x00,0,1,0,393219,+4.32,-4.10*5A
$GPNVS,9,+10000000.000,+1.87501,+10000000.00,15,+0.000,+0.39,,+36.12,50.0,99.0,*62
$GPNVS,10,1,0,0,+5,+5,2,100,0.5,3,2,30,1,+0,1.0,20,+18,1,2,8000*68
$GPNVS,1,224404,010826,A,N,0,N,0x00000,0x20,0x00,1,N*10
$GPNVS,2,224404,010826,0.00,0.00,0.00,0.00,0.00,0.00,0.00,0.00,*67
$GPNVS,3,224404,010826,+0.38,,,+4.32,-4.09,,,,1,+36.12,*64
$GPNVS,4,224404,010826,0.00,0.00,,,,,,,*61
$GPNVS,5,224404,010826,5C9,0,0,+36.12,00000,00000,*2C
$GPNVS,6,0,A,0,0x00000,0x20,,0x00,00,,0x00000,,*05
$GPNVS,7,224404,010826,A,13,0x00,0,1,0,393219,+4.32,-4.10*5D
$GPNVS,9,+10000000.000,+1.87501,+10000000.00,15,+0.000,+0.39,,+36.12,50.0,99.0,*62
$GPNVS,10,1,0,0,+5,+5,2,100,0.5,3,2,30,1,+0,1.0,20,+18,1,2,8000*68
$GPNVS,1,224405,010826,A,N,0,N,0x00000,0x20,0x00,1,N*11
$GPNVS,2,224405,010826,0.00,0.00,0.00,0.00,0.00,0.00,0.00,0.00,*66
$GPNVS,3,224405,010826,+0.38,,,+4.32,-4.09,,,,1,+36.12,*65
$GPNVS,4,224405,010826,0.00,0.00,,,,,,,*60
$GPNVS,5,224405,010826,5C9,0,0,+36.12,00000,00000,*2D
$GPNVS,6,0,A,0,0x00000,0x20,,0x00,00,,0x00000,,*05
$GPNVS,7,224405,010826,A,13,0x00,0,1,0,393219,+4.32,-4.10*5C
$GPNVS,9,+10000000.000,+1.87501,+10000000.00,15,+0.000,+0.39,,+36.12,50.0,99.0,*62
$GPNVS,10,1,0,0,+5,+5,2,100,0.5,3,2,30,1,+0,1.0,20,+18,1,2,8000*68
$GPNVS,1,224406,010826,A,N,0,N,0x00000,0x20,0x00,1,N*12
$GPNVS,2,224406,010826,0.00,0.00,0.00,0.00,0.00,0.00,0.00,0.00,*65
$GPNVS,3,224406,010826,+0.38,,,+4.32,-4.09,,,,1,+36.12,*66
$GPNVS,4,224406,010826,0.00,0.00,,,,,,,*63
$GPNVS,5,224406,010826,5C9,0,0,+36.12,00000,00000,*2E
$GPNVS,6,0,A,0,0x00000,0x20,,0x00,00,,0x00000,,*05
$GPNVS,7,224406,010826,A,13,0x00,0,1,0,393219,+4.32,-4.10*5F
$GPNVS,9,+10000000.000,+1.87501,+10000000.00,15,+0.000,+0.39,,+36.12,50.0,99.0,*62
$GPNVS,10,1,0,0,+5,+5,2,100,0.5,3,2,30,1,+0,1.0,20,+18,1,2,8000*68
$GPNVS,1,224407,010826,A,N,0,N,0x00000,0x20,0x00,1,N*13
$GPNVS,2,224407,010826,0.00,0.00,0.00,0.00,0.00,0.00,0.00,0.00,*64
$GPNVS,3,224407,010826,+0.38,,,+4.32,-4.11,,,,1,+36.12,*6E
$GPNVS,4,224407,010826,0.00,0.00,,,,,,,*62
$GPNVS,5,224407,010826,5C9,0,0,+36.12,00000,00000,*2F
$GPNVS,6,0,A,0,0x00000,0x20,,0x00,00,,0x00000,,*05
$GPNVS,7,224407,010826,A,13,0x00,0,1,0,393219,+4.32,-4.11*5F
$GPNVS,9,+9999999.9989,+1.87501,+10000000.00,15,+0.000,+0.39,,+36.12,50.0,99.0,*6B
$GPNVS,10,1,0,0,+5,+5,2,100,0.5,3,2,30,1,+0,1.0,20,+18,1,2,8000*68
$GPNVS,99,,,*5C
$GPNVS,1,224408,010826,A,N,0,N,0x00000,0x20,0x00,1,N*1C
$GPNVS,2,224408,010826,0.00,0.00,0.00,0.00,0.00,0.00,0.00,0.00,*6B
$GPNVS,3,224408,010826,+0.38,,,+4.32,-4.09,,,,1,+36.12,*68
$GPNVS,4,224408,010826,0.00,0.00,,,,,,,*6D
$GPNVS,5,224408,010826,5C9,0,0,+36.12,00000,00000,*20
$GPNVS,6,0,A,0,0x00000,0x20,,0x00,00,,0x00000,,*05
$GPNVS,7,224408,010826,A,13,0x00,0,1,0,393219,+4.32,-4.10*51
$GPNVS,9,+9999999.9989,+1.87501,+10000000.00,15,+0.000,+0.39,,+36.12,50.0,99.0,*6B
$GPNVS,10,1,0,0,+5,+5,2,100,0.5,3,2,30,1,+0,1.0,20,+18,1,2,8000*68
$GPNVS,1,224409,010826,A,N,0,N,0x00000,0x20,0x00,1,N*1D
$GPNVS,2,224409,010826,0.00,0.00,0.00,0.00,0.00,0.00,0.00,0.00,*6A
$GPNVS,3,224409,010826,+0.38,,,+4.32,-4.09,,,,1,+36.12,*69
$GPNVS,4,224409,010826,0.00,0.00,,,,,,,*6C
$GPNVS,5,224409,010826,5C9,0,0,+36.12,00000,00000,*21
$GPNVS,6,0,A,0,0x00000,0x20,,0x00,00,,0x00000,,*05
$GPNVS,7,224409,010826,A,13,0x00,0,1,0,393219,+4.32,-4.10*50
$GPNVS,9,+9999999.9989,+1.87501,+10000000.00,15,+0.000,+0.39,,+36.12,50.0,99.0,*6B
$GPNVS,10,1,0,0,+5,+5,2,100,0.5,3,2,30,1,+0,1.0,20,+18,1,2,8000*68
$GPNVS,1,224410,010826,A,N,0,N,0x00000,0x20,0x00,1,N*15
$GPNVS,2,224410,010826,0.00,0.00,0.00,0.00,0.00,0.00,0.00,0.00,*62
$GPNVS,3,224410,010826,+0.38,,,+4.32,-4.11,,,,1,+36.12,*68
$GPNVS,4,224410,010826,0.00,0.00,,,,,,,*64
$GPNVS,5,224410,010826,5C9,0,0,+36.12,00000,00000,*29
$GPNVS,6,0,A,0,0x00000,0x20,,0x00,00,,0x00000,,*05
$GPNVS,7,224410,010826,A,13,0x00,0,1,0,393219,+4.32,-4.11*59
$GPNVS,9,+9999999.9989,+1.87501,+10000000.00,15,+0.000,+0.39,,+36.12,50.0,99.0,*6B
$GPNVS,10,1,0,0,+5,+5,2,100,0.5,3,2,30,1,+0,1.0,20,+18,1,2,8000*68
$GPNVS,1,224411,010826,A,N,0,N,0x00000,0x20,0x00,1,N*14
$GPNVS,2,224411,010826,0.00,0.00,0.00,0.00,0.00,0.00,0.00,0.00,*63
$GPNVS,3,224411,010826,+0.38,,,+4.32,-4.09,,,,1,+36.12,*60
$GPNVS,4,224411,010826,0.00,0.00,,,,,,,*65
$GPNVS,5,224411,010826,5C9,0,0,+36.12,00000,00000,*28
$GPNVS,6,0,A,0,0x00000,0x20,,0x00,00,,0x00000,,*05
$GPNVS,7,224411,010826,A,13,0x00,0,1,0,393219,+4.32,-4.10*59
$GPNVS,9,+9999999.9989,+1.87501,+10000000.00,15,+0.000,+0.39,,+36.12,50.0,99.0,*6B
$GPNVS,10,1,0,0,+5,+5,2,100,0.5,3,2,30,1,+0,1.0,20,-2,1,2,8000*55
$GPNVS,1,224412,010826,A,N,0,N,0x00000,0x20,0x00,1,N*17
$GPNVS,2,224412,010826,0.00,0.00,0.00,0.00,0.00,0.00,0.00,0.00,*60
$GPNVS,3,224412,010826,+0.38,,,+4.32,-4.11,,,,1,+36.12,*6A
$GPNVS,4,224412,010826,0.00,0.00,,,,,,,*66
$GPNVS,5,224412,010826,5C9,0,0,+36.12,00000,00000,*2B
$GPNVS,6,0,A,0,0x00000,0x20,,0x00,00,,0x00000,,*05
$GPNVS,7,224412,010826,A,13,0x00,0,1,0,393219,+4.32,-4.11*5B
$GPNVS,9,+9999999.9989,+1.87501,+10000000.00,15,+0.000,+0.39,,+36.12,50.0,99.0,*6B
$GPNVS,10,1,0,0,+5,+5,2,100,0.5,3,2,30,1,+0,1.0,20,-2,1,2,8000*55
$GPNVS,1,224413,010826,A,N,0,N,0x00000,0x20,0x00,1,N*16
$GPNVS,2,224413,010826,0.00,0.00,0.00,0.00,0.00,0.00,0.00,0.00,*61
$GPNVS,3,224413,010826,+0.38,,,+4.32,-4.09,,,,1,+36.12,*62
$GPNVS,4,224413,010826,0.00,0.00,,,,,,,*67
$GPNVS,5,224413,010826,5C9,0,0,+36.12,00000,00000,*2A
$GPNVS,6,0,A,0,0x00000,0x20,,0x00,00,,0x00000,,*05
$GPNVS,7,224413,010826,A,13,0x00,0,1,0,393219,+4.32,-4.10*5B
$GPNVS,9,+9999999.9989,+1.87501,+10000000.00,15,+0.000,+0.39,,+36.12,50.0,99.0,*6B
$GPNVS,10,1,0,0,+5,+5,2,100,0.5,3,2,30,1,+0,1.0,20,-2,1,2,8000*55
$GPNVS,1,224414,010826,A,N,0,N,0x00000,0x20,0x00,1,N*11
$GPNVS,2,224414,010826,0.00,0.00,0.00,0.00,0.00,0.00,0.00,0.00,*66
$GPNVS,3,224414,010826,+0.38,,,+4.32,-4.11,,,,1,+36.12,*6C
$GPNVS,4,224414,010826,0.00,0.00,,,,,,,*60
$GPNVS,5,224414,010826,5C9,0,0,+36.12,00000,00000,*2D
$GPNVS,6,0,A,0,0x00000,0x20,,0x00,00,,0x00000,,*05
$GPNVS,7,224414,010826,A,13,0x00,0,1,0,393219,+4.32,-4.11*5D
$GPNVS,9,+9999999.9989,+1.87501,+10000000.00,15,+0.000,+0.39,,+36.12,50.0,99.0,*6B
$GPNVS,10,1,0,0,+5,+5,2,100,0.5,3,2,30,1,+0,1.0,20,-2,1,2,8000*55
$GPNVS,1,224415,010826,A,N,0,N,0x00000,0x20,0x00,1,N*10
$GPNVS,2,224415,010826,0.00,0.00,0.00,0.00,0.00,0.00,0.00,0.00,*67
$GPNVS,3,224415,010826,+0.38,,,+4.32,-4.09,,,,1,+36.12,*64
$GPNVS,4,224415,010826,0.00,0.00,,,,,,,*61
$GPNVS,5,224415,010826,5C9,0,0,+36.12,00000,00000,*2C
$GPNVS,6,0,A,0,0x00000,0x20,,0x00,00,,0x00000,,*05
$GPNVS,7,224415,010826,A,13,0x00,0,1,0,393219,+4.32,-4.10*5D
$GPNVS,9,+9999999.9989,+1.87501,+10000000.00,15,+0.000,+0.39,,+36.12,50.0,99.0,*6B
$GPNVS,10,1,0,0,+5,+5,2,100,0.5,3,2,30,1,+0,1.0,20,-2,1,2,8000*55
$GPNVS,1,224416,010826,A,N,0,N,0x00000,0x20,0x00,1,N*13
$GPNVS,2,224416,010826,0.00,0.00,0.00,0.00,0.00,0.00,0.00,0.00,*64
$GPNVS,3,224416,010826,+0.38,,,+4.32,-4.09,,,,1,+36.12,*67
$GPNVS,4,224416,010826,0.00,0.00,,,,,,,*62
$GPNVS,5,224416,010826,5C9,0,0,+36.12,00000,00000,*2F
$GPNVS,6,0,A,0,0x00000,0x20,,0x00,00,,0x00000,,*05
$GPNVS,7,224416,010826,A,13,0x00,0,2,0,393219,+4.32,-4.10*5D
$GPNVS,9,+9999999.9989,+1.87501,+9999999.949,15,+0.000,+0.39,,+36.12,50.0,99.0,*67
$GPNVS,10,1,0,0,+10,+5,2,100,0.5,3,2,30,1,+0,1.0,20,-2,1,2,8000*61
$GPNVS,1,224417,010826,A,N,0,N,0x00000,0x20,0x00,1,N*12
$GPNVS,2,224417,010826,0.00,0.00,0.00,0.00,0.00,0.00,0.00,0.00,*65
$GPNVS,3,224417,010826,+0.38,,,+4.32,-4.11,,,,1,+36.12,*6F
$GPNVS,4,224417,010826,0.00,0.00,,,,,,,*63
$GPNVS,5,224417,010826,5C9,0,0,+36.12,00000,00000,*2E
$GPNVS,6,0,A,0,0x00000,0x20,,0x00,00,,0x00000,,*05
$GPNVS,7,224417,010826,A,13,0x00,0,1,0,393219,+4.32,-4.11*5E
$GPNVS,9,+10000000.000,+1.87501,+10000000.05,15,+0.000,+0.39,,+36.12,50.0,99.0,*67
$GPNVS,10,1,0,0,+5,+5,2,100,0.5,3,2,30,1,+0,1.0,20,-2,1,2,8000*55
$GPNVS,1,224418,010826,A,N,0,N,0x00000,0x20,0x00,1,N*1D
$GPNVS,2,224418,010826,0.00,0.00,0.00,0.00,0.00,0.00,0.00,0.00,*6A
$GPNVS,3,224418,010826,+0.38,,,+4.32,-4.11,,,,1,+36.12,*60
$GPNVS,4,224418,010826,0.00,0.00,,,,,,,*6C
$GPNVS,5,224418,010826,5C9,0,0,+36.12,00000,00000,*21
$GPNVS,6,0,A,0,0x00000,0x20,,0x00,00,,0x00000,,*05
$GPNVS,7,224418,010826,A,13,0x00,0,1,0,393219,+4.32,-4.11*51
$GPNVS,9,+10000000.000,+1.87501,+10000000.00,15,+0.000,+0.39,,+36.12,50.0,99.0,*62
$GPNVS,10,1,0,0,+5,+5,2,100,0.5,3,2,30,1,+0,1.0,20,-2,1,2,8000*55
$GPNVS,1,224419,010826,A,N,0,N,0x00000,0x20,0x00,1,N*1C
$GPNVS,2,224419,010826,0.00,0.00,0.00,0.00,0.00,0.00,0.00,0.00,*6B
$GPNVS,3,224419,010826,+0.38,,,+4.32,-4.11,,,,1,+36.12,*61
$GPNVS,4,224419,010826,0.00,0.00,,,,,,,*6D
$GPNVS,5,224419,010826,5C9,0,0,+36.12,00000,00000,*20
$GPNVS,6,0,A,0,0x00000,0x20,,0x00,00,,0x00000,,*05
$GPNVS,7,224419,010826,A,13,0x00,0,1,0,393219,+4.32,-4.11*50
$GPNVS,9,+10000000.000,+1.87501,+10000000.00,15,+0.000,+0.39,,+36.12,50.0,99.0,*62
$GPNVS,10,1,0,0,+5,+5,2,100,0.5,3,2,30,1,+0,1.0,20,-2,1,2,8000*55
$GPNVS,1,224420,010826,A,N,0,N,0x00000,0x20,0x00,1,N*16
$GPNVS,2,224420,010826,0.00,0.00,0.00,0.00,0.00,0.00,0.00,0.00,*61
$GPNVS,3,224420,010826,+0.38,,,+4.32,-4.09,,,,1,+36.12,*62
$GPNVS,4,224420,010826,0.00,0.00,,,,,,,*67
$GPNVS,5,224420,010826,5C9,0,0,+36.12,00000,00000,*2A
$GPNVS,6,0,A,0,0x00000,0x20,,0x00,00,,0x00000,,*05
$GPNVS,7,224420,010826,A,13,0x00,0,1,0,393219,+4.32,-4.10*5B
$GPNVS,9,+9999999.9989,+1.87501,+10000000.00,15,+0.000,+0.39,,+36.12,50.0,99.0,*6B
$GPNVS,10,1,0,0,+5,+5,2,100,0.5,3,2,30,1,+0,1.0,20,-2,1,2,8000*55
$GPNVS,1,224421,010826,A,N,0,N,0x00000,0x20,0x00,1,N*17
$GPNVS,2,224421,010826,0.00,0.00,0.00,0.00,0.00,0.00,0.00,0.00,*60
$GPNVS,3,224421,010826,+0.38,,,+4.32,-4.11,,,,1,+36.12,*6A
$GPNVS,4,224421,010826,0.00,0.00,,,,,,,*66
$GPNVS,5,224421,010826,5C9,0,0,+36.12,00000,00000,*2B
$GPNVS,6,0,A,0,0x00000,0x20,,0x00,00,,0x00000,,*05
$GPNVS,7,224421,010826,A,13,0x00,0,1,0,393219,+4.32,-4.11*5B
$GPNVS,9,+9999999.9989,+1.87501,+10000000.00,15,+0.000,+0.39,,+36.12,50.0,99.0,*6B
$GPNVS,10,1,0,0,+5,+5,2,100,0.5,3,2,30,1,+0,1.0,20,-2,1,2,8000*55
$GPNVS,1,224422,010826,A,N,0,N,0x00000,0x20,0x00,1,N*14
$GPNVS,2,224422,010826,0.00,0.00,0.00,0.00,0.00,0.00,0.00,0.00,*63
$GPNVS,3,224422,010826,+0.38,,,+4.32,-4.11,,,,1,+36.12,*69
$GPNVS,4,224422,010826,0.00,0.00,,,,,,,*65
$GPNVS,5,224422,010826,5C9,0,0,+36.12,00000,00000,*28
$GPNVS,6,0,A,0,0x00000,0x20,,0x00,00,,0x00000,,*05
$GPNVS,7,224422,010826,A,13,0x00,0,1,0,393219,+4.32,-4.11*58
$GPNVS,9,+10000000.000,+1.87501,+10000000.00,15,+0.000,+0.39,,+36.12,50.0,99.0,*62
$GPNVS,10,1,0,0,+5,+5,2,100,0.5,3,2,30,1,+0,1.0,20,+14,1,2,8000*64
$GPNVS,99,,,*5C
$GPNVS,1,224423,010826,A,N,0,N,0x00000,0x20,0x00,1,N*15
$GPNVS,2,224423,010826,0.00,0.00,0.00,0.00,0.00,0.00,0.00,0.00,*62
$GPNVS,3,224423,010826,+0.38,,,+4.32,-4.11,,,,1,+36.12,*68
$GPNVS,4,224423,010826,0.00,0.00,,,,,,,*64
$GPNVS,5,224423,010826,5C9,0,0,+36.12,00000,00000,*29
$GPNVS,6,0,A,0,0x00000,0x20,,0x00,00,,0x00000,,*05
$GPNVS,7,224423,010826,A,13,0x00,0,1,0,393219,+4.32,-4.11*59
$GPNVS,9,+10000000.000,+1.87501,+10000000.00,15,+0.000,+0.39,,+36.12,50.0,99.0,*62
$GPNVS,10,1,0,0,+5,+5,2,100,0.5,3,2,30,1,+0,1.0,20,+14,1,2,8000*64
$GPNVS,1,224424,010826,A,N,0,N,0x00000,0x20,0x00,1,N*12
$GPNVS,2,224424,010826,0.00,0.00,0.00,0.00,0.00,0.00,0.00,0.00,*65
$GPNVS,3,224424,010826,+0.38,,,+4.32,-4.09,,,,1,+36.12,*66
$GPNVS,4,224424,010826,0.00,0.00,,,,,,,*63
$GPNVS,5,224424,010826,5C9,0,0,+36.12,00000,00000,*2E
$GPNVS,6,0,A,0,0x00000,0x20,,0x00,00,,0x00000,,*05
$GPNVS,7,224424,010826,A,13,0x00,0,1,0,393219,+4.32,-4.10*5F
$GPNVS,9,+10000000.000,+1.87501,+10000000.00,15,+0.000,+0.39,,+36.12,50.0,99.0,*62
$GPNVS,10,1,0,0,+5,+5,2,100,0.5,3,2,30,1,+0,1.0,20,+14,1,2,8000*64
$GPNVS,1,224425,010826,A,N,0,N,0x00000,0x20,0x00,1,N*13
$GPNVS,2,224425,010826,0.00,0.00,0.00,0.00,0.00,0.00,0.00,0.00,*64
$GPNVS,3,224425,010826,+0.38,,,+4.32,-4.09,,,,1,+36.12,*67
$GPNVS,4,224425,010826,0.00,0.00,,,,,,,*62
$GPNVS,5,224425,010826,5C9,0,0,+36.12,00000,00000,*2F
$GPNVS,6,0,A,0,0x00000,0x20,,0x00,00,,0x00000,,*05
$GPNVS,7,224425,010826,A,13,0x00,0,1,0,393219,+4.32,-4.10*5E
$GPNVS,9,+10000000.000,+1.87501,+10000000.00,15,+0.000,+0.39,,+36.12,50.0,99.0,*62
$GPNVS,10,1,0,0,+5,+5,2,100,0.5,3,2,30,1,+0,1.0,20,+14,1,2,8000*64
$GPNVS,1,224426,010826,A,N,0,N,0x00000,0x20,0x00,1,N*10
$GPNVS,2,224426,010826,0.00,0.00,0.00,0.00,0.00,0.00,0.00,0.00,*67
$GPNVS,3,224426,010826,+0.38,,,+4.32,-4.09,,,,1,+36.12,*64
$GPNVS,4,224426,010826,0.00,0.00,,,,,,,*61
$GPNVS,5,224426,010826,5C9,0,0,+36.12,00000,00000,*2C
$GPNVS,6,0,A,0,0x00000,0x20,,0x00,00,,0x00000,,*05
$GPNVS,7,224426,010826,A,13,0x00,0,1,0,393219,+4.32,-4.10*5D
$GPNVS,9,+10000000.000,+1.87501,+10000000.00,15,+0.000,+0.39,,+36.12,50.0,99.0,*62
$GPNVS,10,1,0,0,+5,+5,2,100,0.5,3,2,30,1,+0,1.0,20,+14,1,2,8000*64
$GPNVS,1,224427,010826,A,N,0,N,0x00000,0x20,0x00,1,N*11
$GPNVS,2,224427,010826,0.00,0.00,0.00,0.00,0.00,0.00,0.00,0.00,*66
$GPNVS,3,224427,010826,+0.38,,,+4.32,-4.11,,,,1,+36.12,*6C
$GPNVS,4,224427,010826,0.00,0.00,,,,,,,*60
$GPNVS,5,224427,010826,5C9,0,0,+36.12,00000,00000,*2D
$GPNVS,6,0,A,0,0x00000,0x20,,0x00,00,,0x00000,,*05
$GPNVS,7,224427,010826,A,13,0x00,0,1,0,393219,+4.32,-4.11*5D
$GPNVS,9,+9999999.9989,+1.87501,+10000000.00,15,+0.000,+0.39,,+36.12,50.0,99.0,*6B
$GPNVS,10,1,0,0,+5,+5,2,100,0.5,3,2,30,1,+0,1.0,20,+14,1,2,8000*64
$GPNVS,1,224428,010826,A,N,0,N,0x00000,0x20,0x00,1,N*1E
$GPNVS,2,224428,010826,0.00,0.00,0.00,0.00,0.00,0.00,0.00,0.00,*69
$GPNVS,3,224428,010826,+0.38,,,+4.32,-4.09,,,,1,+36.12,*6A
$GPNVS,4,224428,010826,0.00,0.00,,,,,,,*6F
$GPNVS,5,224428,010826,5C9,0,0,+36.12,00000,00000,*22
$GPNVS,6,0,A,0,0x00000,0x20,,0x00,00,,0x00000,,*05
$GPNVS,7,224428,010826,A,13,0x00,0,1,0,393219,+4.32,-4.10*53
$GPNVS,9,+10000000.000,+1.87501,+10000000.00,15,+0.000,+0.39,,+36.12,50.0,99.0,*62
$GPNVS,10,1,0,0,+5,+5,2,100,0.5,3,2,30,1,+0,1.0,20,+14,1,2,8000*64
$GPNVS,1,224429,010826,A,N,0,N,0x00000,0x20,0x00,1,N*1F
$GPNVS,2,224429,010826,0.00,0.00,0.00,0.00,0.00,0.00,0.00,0.00,*68
$GPNVS,3,224429,010826,+0.38,,,+4.32,-4.09,,,,1,+36.12,*6B
$GPNVS,4,224429,010826,0.00,0.00,,,,,,,*6E
$GPNVS,5,224429,010826,5C9,0,0,+36.12,00000,00000,*23
$GPNVS,6,0,A,0,0x00000,0x20,,0x00,00,,0x00000,,*05
$GPNVS,7,224429,010826,A,13,0x00,0,1,0,393219,+4.32,-4.10*52
$GPNVS,9,+10000000.000,+1.87501,+10000000.00,15,+0.000,+0.39,,+36.12,50.0,99.0,*62
$GPNVS,10,1,0,0,+5,+5,2,100,0.5,3,2,30,1,+0,1.0,20,+14,1,2,8000*64
$GPNVS,1,224430,010826,A,N,0,N,0x00000,0x20,0x00,1,N*17
$GPNVS,2,224430,010826,0.00,0.00,0.00,0.00,0.00,0.00,0.00,0.00,*60
$GPNVS,3,224430,010826,+0.38,,,+4.32,-4.11,,,,1,+36.12,*6A
$GPNVS,4,224430,010826,0.00,0.00,,,,,,,*66
$GPNVS,5,224430,010826,5C9,0,0,+36.12,00000,00000,*2B
$GPNVS,6,0,A,0,0x00000,0x20,,0x00,00,,0x00000,,*05
$GPNVS,7,224430,010826,A,13,0x00,0,1,0,393219,+4.32,-4.11*5B
$GPNVS,9,+10000000.000,+1.87501,+10000000.00,15,+0.000,+0.39,,+36.12,50.0,99.0,*62
$GPNVS,10,1,0,0,+5,+5,2,100,0.5,3,2,30,1,+0,1.0,20,+14,1,2,8000*64
$GPNVS,1,224431,010826,A,N,0,N,0x00000,0x20,0x00,1,N*16
$GPNVS,2,224431,010826,0.00,0.00,0.00,0.00,0.00,0.00,0.00,0.00,*61
$GPNVS,3,224431,010826,+0.38,,,+4.32,-4.09,,,,1,+36.12,*62
$GPNVS,4,224431,010826,0.00,0.00,,,,,,,*67
$GPNVS,5,224431,010826,5C9,0,0,+36.12,00000,00000,*2A
$GPNVS,6,0,A,0,0x00000,0x20,,0x00,00,,0x00000,,*05
$GPNVS,7,224431,010826,A,13,0x00,0,1,0,393219,+4.32,-4.10*5B
$GPNVS,9,+10000000.000,+1.87501,+10000000.00,15,+0.000,+0.39,,+36.12,50.0,99.0,*62
$GPNVS,10,1,0,0,+5,+5,2,100,0.5,3,2,30,1,+0,1.0,20,+14,1,2,8000*64
$GPNVS,1,224432,010826,A,N,0,N,0x00000,0x20,0x00,1,N*15
$GPNVS,2,224432,010826,0.00,0.00,0.00,0.00,0.00,0.00,0.00,0.00,*62
$GPNVS,3,224432,010826,+0.38,,,+4.32,-4.09,,,,1,+36.12,*61
$GPNVS,4,224432,010826,0.00,0.00,,,,,,,*64
$GPNVS,5,224432,010826,5C9,0,0,+36.12,00000,00000,*29
$GPNVS,6,0,A,0,0x00000,0x20,,0x00,00,,0x00000,,*05
$GPNVS,7,224432,010826,A,13,0x00,0,0,0,393219,+4.32,-4.10*59
$GPNVS,9,+10000000.001,+1.87501,+10000000.05,15,+0.000,+0.39,,+36.12,50.0,99.0,*66
$GPNVS,10,1,0,0,+0,+0,2,100,0.5,3,2,30,1,+0,1.0,20,+14,1,2,8000*64
$GPNVS,1,224433,010826,A,N,0,N,0x00000,0x20,0x00,1,N*14
$GPNVS,2,224433,010826,0.00,0.00,0.00,0.00,0.00,0.00,0.00,0.00,*63
$GPNVS,3,224433,010826,+0.38,,,+4.32,-4.11,,,,1,+36.12,*69
$GPNVS,4,224433,010826,0.00,0.00,,,,,,,*65
$GPNVS,5,224433,010826,5C9,0,0,+36.12,00000,00000,*28
$GPNVS,6,0,A,0,0x00000,0x20,,0x00,00,,0x00000,,*05
$GPNVS,7,224433,010826,A,13,0x00,0,1,0,393219,+4.32,-4.11*58
$GPNVS,9,+10000000.000,+1.87501,+9999999.949,15,+0.000,+0.39,,+36.12,50.0,99.0,*6E
$GPNVS,10,1,0,0,+5,+0,2,100,0.5,3,2,30,1,+0,1.0,20,-6,1,2,8000*54
$GPNVS,1,224434,010826,A,N,0,N,0x00000,0x20,0x00,1,N*13
$GPNVS,2,224434,010826,0.00,0.00,0.00,0.00,0.00,0.00,0.00,0.00,*64
$GPNVS,3,224434,010826,+0.38,,,+4.32,-4.09,,,,1,+36.12,*67
$GPNVS,4,224434,010826,0.00,0.00,,,,,,,*62
$GPNVS,5,224434,010826,5C9,0,0,+36.12,00000,00000,*2F
$GPNVS,6,0,A,0,0x00000,0x20,,0x00,00,,0x00000,,*05
$GPNVS,7,224434,010826,A,13,0x00,0,1,0,393219,+4.32,-4.10*5E
$GPNVS,9,+10000000.000,+1.87501,+10000000.00,15,+0.000,+0.39,,+36.12,50.0,99.0,*62
$GPNVS,10,1,0,0,+5,+5,2,100,0.5,3,2,30,1,+0,1.0,20,-6,1,2,8000*51
$GPNVS,1,224435,010826,A,N,0,N,0x00000,0x20,0x00,1,N*12
$GPNVS,2,224435,010826,0.00,0.00,0.00,0.00,0.00,0.00,0.00,0.00,*65
$GPNVS,3,224435,010826,+0.38,,,+4.32,-4.11,,,,1,+36.12,*6F
$GPNVS,4,224435,010826,0.00,0.00,,,,,,,*63
$GPNVS,5,224435,010826,5C9,0,0,+36.12,00000,00000,*2E
$GPNVS,6,0,A,0,0x00000,0x20,,0x00,00,,0x00000,,*05
$GPNVS,7,224435,010826,A,13,0x00,0,0,0,393219,+4.32,-4.11*5F
$GPNVS,9,+10000000.001,+1.87501,+10000000.05,15,+0.000,+0.39,,+36.12,50.0,99.0,*66
$GPNVS,10,1,0,0,+0,+0,2,100,0.5,3,2,30,1,+0,1.0,20,-6,1,2,8000*51
$GPNVS,1,224436,010826,A,N,0,N,0x00000,0x20,0x00,1,N*11
$GPNVS,2,224436,010826,0.00,0.00,0.00,0.00,0.00,0.00,0.00,0.00,*66
$GPNVS,3,224436,010826,+0.38,,,+4.32,-4.09,,,,1,+36.12,*65
$GPNVS,4,224436,010826,0.00,0.00,,,,,,,*60
$GPNVS,5,224436,010826,5C9,0,0,+36.12,00000,00000,*2D
$GPNVS,6,0,A,0,0x00000,0x20,,0x00,00,,0x00000,,*05
$GPNVS,7,224436,010826,A,13,0x00,0,0,0,393219,+4.32,-4.10*5D
$GPNVS,9,+10000000.001,+1.87501,+10000000.00,15,+0.000,+0.39,,+36.12,50.0,99.0,*63
$GPNVS,10,1,0,0,+0,+0,2,100,0.5,3,2,30,1,+0,1.0,20,-6,1,2,8000*51
$GPNVS,1,224437,010826,A,N,0,N,0x00000,0x20,0x00,1,N*10
$GPNVS,2,224437,010826,0.00,0.00,0.00,0.00,0.00,0.00,0.00,0.00,*67
$GPNVS,3,224437,010826,+0.38,,,+4.32,-4.09,,,,1,+36.12,*64
$GPNVS,4,224437,010826,0.00,0.00,,,,,,,*61
$GPNVS,5,224437,010826,5C9,0,0,+36.12,00000,00000,*2C
$GPNVS,6,0,A,0,0x00000,0x20,,0x00,00,,0x00000,,*05
$GPNVS,7,224437,010826,A,13,0x00,0,0,-1,393218,+4.32,-4.10*71
$GPNVS,9,+10000000.001,+1.87501,+10000000.00,15,+0.000,+0.39,,+36.12,50.0,99.0,*63
$GPNVS,10,1,0,0,+0,+0,2,100,0.5,3,2,30,1,-1,1.0,20,-6,1,2,8000*56
$GPNVS,99,,,*5C
$GPNVS,1,224438,010826,A,N,0,N,0x00000,0x20,0x00,1,N*1F
$GPNVS,2,224438,010826,0.00,0.00,0.00,0.00,0.00,0.00,0.00,0.00,*68
$GPNVS,3,224438,010826,+0.38,,,+4.32,-4.11,,,,1,+36.12,*62
$GPNVS,4,224438,010826,0.00,0.00,,,,,,,*6E
$GPNVS,5,224438,010826,5C9,0,0,+36.12,00000,00000,*23
$GPNVS,6,0,A,0,0x00000,0x20,,0x00,00,,0x00000,,*05
$GPNVS,7,224438,010826,A,13,0x00,0,0,0,393218,+4.32,-4.11*53
$GPNVS,9,+10000000.001,+1.87501,+10000000.00,15,+0.000,+0.39,,+36.12,50.0,99.0,*63
$GPNVS,10,1,0,0,+0,+0,2,100,0.5,3,2,30,1,-1,1.0,20,-6,1,2,8000*56
$GPNVS,1,224439,010826,A,N,0,N,0x00000,0x20,0x00,1,N*1E
$GPNVS,2,224439,010826,0.00,0.00,0.00,0.00,0.00,0.00,0.00,0.00,*69
$GPNVS,3,224439,010826,+0.38,,,+4.32,-4.09,,,,1,+36.12,*6A
$GPNVS,4,224439,010826,0.00,0.00,,,,,,,*6F
$GPNVS,5,224439,010826,5C9,0,0,+36.12,00000,00000,*22
$GPNVS,6,0,A,0,0x00000,0x20,,0x00,00,,0x00000,,*05
$GPNVS,7,224439,010826,A,13,0x00,0,0,0,393218,+4.32,-4.10*53
$GPNVS,9,+10000000.001,+1.87501,+10000000.00,15,+0.000,+0.39,,+36.12,50.0,99.0,*63
$GPNVS,10,1,0,0,+0,+0,2,100,0.5,3,2,30,1,-1,1.0,20,-6,1,2,8000*56
$GPNVS,1,224440,010826,A,N,0,N,0x00000,0x20,0x00,1,N*10
$GPNVS,2,224440,010826,0.00,0.00,0.00,0.00,0.00,0.00,0.00,0.00,*67
$GPNVS,3,224440,010826,+0.38,,,+4.32,-4.11,,,,1,+36.12,*6D
$GPNVS,4,224440,010826,0.00,0.00,,,,,,,*61
$GPNVS,5,224440,010826,5C9,0,0,+36.12,00000,00000,*2C
$GPNVS,6,0,A,0,0x00000,0x20,,0x00,00,,0x00000,,*05
$GPNVS,7,224440,010826,A,13,0x00,0,0,-1,393217,+4.32,-4.11*7F
$GPNVS,9,+10000000.001,+1.87500,+10000000.00,15,+0.000,+0.39,,+36.12,50.0,99.0,*62
$GPNVS,10,1,0,0,+0,+0,2,100,0.5,3,2,30,1,-1,1.0,20,-6,1,2,8000*56
$GPNVS,1,224441,010826,A,N,0,N,0x00000,0x20,0x00,1,N*11
$GPNVS,2,224441,010826,0.00,0.00,0.00,0.00,0.00,0.00,0.00,0.00,*66
$GPNVS,3,224441,010826,+0.38,,,+4.32,-4.11,,,,1,+36.12,*6C
$GPNVS,4,224441,010826,0.00,0.00,,,,,,,*60
$GPNVS,5,224441,010826,5C9,0,0,+36.12,00000,00000,*2D
$GPNVS,6,0,A,0,0x00000,0x20,,0x00,00,,0x00000,,*05
$GPNVS,7,224441,010826,A,13,0x00,0,1,0,393217,+4.32,-4.11*53
$GPNVS,9,+10000000.000,+1.87500,+9999999.949,15,+0.000,+0.39,,+36.12,50.0,99.0,*6F
$GPNVS,10,1,0,0,+5,+0,2,100,0.5,3,2,30,1,-1,1.0,20,-6,1,2,8000*53
$GPNVS,1,224442,010826,A,N,0,N,0x00000,0x20,0x00,1,N*12
$GPNVS,2,224442,010826,0.00,0.00,0.00,0.00,0.00,0.00,0.00,0.00,*65
$GPNVS,3,224442,010826,+0.38,,,+4.32,-4.09,,,,1,+36.12,*66
$GPNVS,4,224442,010826,0.00,0.00,,,,,,,*63
$GPNVS,5,224442,010826,5C9,0,0,+36.12,00000,00000,*2E
$GPNVS,6,0,A,0,0x00000,0x20,,0x00,00,,0x00000,,*05
$GPNVS,7,224442,010826,A,13,0x00,0,1,0,393217,+4.32,-4.10*51
$GPNVS,9,+10000000.000,+1.87500,+10000000.00,15,+0.000,+0.39,,+36.12,50.0,99.0,*63
$GPNVS,10,1,0,0,+5,+5,2,100,0.5,3,2,30,1,-1,1.0,20,-6,1,2,8000*56
$GPNVS,1,224443,010826,A,N,0,N,0x00000,0x20,0x00,1,N*13
$GPNVS,2,224443,010826,0.00,0.00,0.00,0.00,0.00,0.00,0.00,0.00,*64
$GPNVS,3,224443,010826,+0.38,,,+4.32,-4.09,,,,1,+36.12,*67
$GPNVS,4,224443,010826,0.00,0.00,,,,,,,*62
$GPNVS,5,224443,010826,5C9,0,0,+36.12,00000,00000,*2F
$GPNVS,6,0,A,0,0x00000,0x20,,0x00,00,,0x00000,,*05
$GPNVS,7,224443,010826,A,13,0x00,0,0,-1,393216,+4.32,-4.10*7C
$GPNVS,9,+10000000.001,+1.87500,+10000000.05,15,+0.000,+0.39,,+36.12,50.0,99.0,*67
$GPNVS,10,1,0,0,+0,+0,2,100,0.5,3,2,30,1,-1,1.0,20,+10,1,2,8000*67
$GPNVS,1,224444,010826,A,N,0,N,0x00000,0x20,0x00,1,N*14
$GPNVS,2,224444,010826,0.00,0.00,0.00,0.00,0.00,0.00,0.00,0.00,*63
$GPNVS,3,224444,010826,+0.38,,,+4.32,-4.09,,,,1,+36.12,*60
$GPNVS,4,224444,010826,0.00,0.00,,,,,,,*65
$GPNVS,5,224444,010826,5C9,0,0,+36.12,00000,00000,*28
$GPNVS,6,0,A,0,0x00000,0x20,,0x00,00,,0x00000,,*05
$GPNVS,7,224444,010826,A,13,0x00,0,0,0,393216,+4.32,-4.10*57
$GPNVS,9,+10000000.001,+1.87500,+10000000.00,15,+0.000,+0.39,,+36.12,50.0,99.0,*62
$GPNVS,10,1,0,0,+0,+0,2,100,0.5,3,2,30,1,-1,1.0,20,+10,1,2,8000*67
$GPNVS,1,224445,010826,A,N,0,N,0x00000,0x20,0x00,1,N*15
$GPNVS,2,224445,010826,0.00,0.00,0.00,0.00,0.00,0.00,0.00,0.00,*62
$GPNVS,3,224445,010826,+0.38,,,+4.32,-4.09,,,,1,+36.12,*61
$GPNVS,4,224445,010826,0.00,0.00,,,,,,,*64
$GPNVS,5,224445,010826,5C9,0,0,+36.12,00000,00000,*29
$GPNVS,6,0,A,0,0x00000,0x20,,0x00,00,,0x00000,,*05
$GPNVS,7,224445,010826,A,13,0x00,0,1,0,393216,+4.32,-4.10*57
$GPNVS,9,+10000000.000,+1.87500,+9999999.949,15,+0.000,+0.39,,+36.12,50.0,99.0,*6F
$GPNVS,10,1,0,0,+5,+0,2,100,0.5,3,2,30,1,-1,1.0,20,+10,1,2,8000*62
$GPNVS,1,224446,010826,A,N,0,N,0x00000,0x20,0x00,1,N*16
$GPNVS,2,224446,010826,0.00,0.00,0.00,0.00,0.00,0.00,0.00,0.00,*61
$GPNVS,3,224446,010826,+0.38,,,+4.32,-4.11,,,,1,+36.12,*6B
$GPNVS,4,224446,010826,0.00,0.00,,,,,,,*67
$GPNVS,5,224446,010826,5C9,0,0,+36.12,00000,00000,*2A
$GPNVS,6,0,A,0,0x00000,0x20,,0x00,00,,0x00000,,*05
$GPNVS,7,224446,010826,A,13,0x00,0,0,-1,393215,+4.32,-4.11*7B
$GPNVS,9,+10000000.001,+1.87499,+10000000.05,15,+0.000,+0.39,,+36.12,50.0,99.0,*66
$GPNVS,10,1,0,0,+0,+0,2,100,0.5,3,2,30,1,-1,1.0,20,+10,1,2,8000*67
$GPNVS,1,224447,010826,A,N,0,N,0x00000,0x20,0x00,1,N*17
$GPNVS,2,224447,010826,0.00,0.00,0.00,0.00,0.00,0.00,0.00,0.00,*60
$GPNVS,3,224447,010826,+0.38,,,+4.32,-4.09,,,,1,+36.12,*63
$GPNVS,4,224447,010826,0.00,0.00,,,,,,,*66
$GPNVS,5,224447,010826,5C9,0,0,+36.12,00000,00000,*2B
$GPNVS,6,0,A,0,0x00000,0x20,,0x00,00,,0x00000,,*05
$GPNVS,7,224447,010826,A,13,0x00,0,0,0,393215,+4.32,-4.10*57
$GPNVS,9,+10000000.001,+1.87499,+10000000.00,15,+0.000,+0.39,,+36.12,50.0,99.0,*63
$GPNVS,10,1,0,0,+0,+0,2,100,0.5,3,2,30,1,-1,1.0,20,+10,1,2,8000*67
$GPNVS,1,224448,010826,A,N,0,N,0x00000,0x20,0x00,1,N*18
$GPNVS,2,224448,010826,0.00,0.00,0.00,0.00,0.00,0.00,0.00,0.00,*6F
$GPNVS,3,224448,010826,+0.38,,,+4.32,-4.09,,,,1,+36.12,*6C
$GPNVS,4,224448,010826,0.00,0.00,,,,,,,*69
$GPNVS,5,224448,010826,5C9,0,0,+36.12,00000,00000,*24
$GPNVS,6,0,A,0,0x00000,0x20,,0x00,00,,0x00000,,*05
$GPNVS,7,224448,010826,A,13,0x00,0,0,0,393215,+4.32,-4.10*58
$GPNVS,9,+10000000.001,+1.87499,+10000000.00,15,+0.000,+0.39,,+36.12,50.0,99.0,*63
$GPNVS,10,1,0,0,+0,+0,2,100,0.5,3,2,30,1,-1,1.0,20,+10,1,2,8000*67
$GPNVS,1,224449,010826,A,N,0,N,0x00000,0x20,0x00,1,N*19
$GPNVS,2,224449,010826,0.00,0.00,0.00,0.00,0.00,0.00,0.00,0.00,*6E
$GPNVS,3,224449,010826,+0.38,,,+4.32,-4.11,,,,1,+36.12,*64
$GPNVS,4,224449,010826,0.00,0.00,,,,,,,*68
$GPNVS,5,224449,010826,5C9,0,0,+36.12,00000,00000,*25
$GPNVS,6,0,A,0,0x00000,0x20,,0x00,00,,0x00000,,*05
$GPNVS,7,224449,010826,A,13,0x00,0,1,-1,393214,+4.32,-4.11*74
$GPNVS,9,+10000000.000,+1.87499,+9999999.949,15,+0.000,+0.39,,+36.12,50.0,99.0,*6E
$GPNVS,10,1,0,0,+5,+0,2,100,0.5,3,2,30,1,-1,1.0,20,+10,1,2,8000*62
$GPNVS,1,224450,010826,A,N,0,N,0x00000,0x20,0x00,1,N*11
$GPNVS,2,224450,010826,0.00,0.00,0.00,0.00,0.00,0.00,0.00,0.00,*66
$GPNVS,3,224450,010826,+0.38,,,+4.32,-4.09,,,,1,+36.12,*65
$GPNVS,4,224450,010826,0.00,0.00,,,,,,,*60
$GPNVS,5,224450,010826,5C9,0,0,+36.12,00000,00000,*2D
$GPNVS,6,0,A,0,0x00000,0x20,,0x00,00,,0x00000,,*05
$GPNVS,7,224450,010826,A,13,0x00,0,0,0,393214,+4.32,-4.10*50
$GPNVS,9,+10000000.001,+1.87499,+10000000.05,15,+0.000,+0.39,,+36.12,50.0,99.0,*66
$GPNVS,10,1,0,0,+0,+0,2,100,0.5,3,2,30,1,+0,1.0,20,+10,1,2,8000*60
$GPNVS,1,224451,010826,A,N,0,N,0x00000,0x20,0x00,1,N*10
$GPNVS,2,224451,010826,0.00,0.00,0.00,0.00,0.00,0.00,0.00,0.00,*67
$GPNVS,3,224451,010826,+0.38,,,+4.32,-4.11,,,,1,+36.12,*6D
$GPNVS,4,224451,010826,0.00,0.00,,,,,,,*61
$GPNVS,5,224451,010826,5C9,0,0,+36.12,00000,00000,*2C
$GPNVS,6,0,A,0,0x00000,0x20,,0x00,00,,0x00000,,*05
$GPNVS,7,224451,010826,A,13,0x00,0,0,0,393214,+4.32,-4.11*50
$GPNVS,9,+10000000.001,+1.87499,+10000000.00,15,+0.000,+0.39,,+36.12,50.0,99.0,*63
$GPNVS,10,1,0,0,+0,+0,2,100,0.5,3,2,30,1,+0,1.0,20,+10,1,2,8000*60
$GPNVS,1,224452,010826,A,N,0,N,0x00000,0x20,0x00,1,N*13
$GPNVS,2,224452,010826,0.00,0.00,0.00,0.00,0.00,0.00,0.00,0.00,*64
$GPNVS,3,224452,010826,+0.38,,,+4.32,-4.09,,,,1,+36.12,*67
$GPNVS,4,224452,010826,0.00,0.00,,,,,,,*62
$GPNVS,5,224452,010826,5C9,0,0,+36.12,00000,00000,*2F
$GPNVS,6,0,A,0,0x00000,0x20,,0x00,00,,0x00000,,*05
$GPNVS,7,224452,010826,A,13,0x00,0,1,0,393214,+4.32,-4.10*53
$GPNVS,9,+10000000.000,+1.87499,+9999999.949,15,+0.000,+0.39,,+36.12,50.0,99.0,*6E
$GPNVS,10,1,0,0,+5,+0,2,100,0.5,3,2,30,1,+0,1.0,20,+10,1,2,8000*65
$GPNVS,99,,,*5C
$GPNVS,1,224453,010826,A,N,0,N,0x00000,0x20,0x00,1,N*12
$GPNVS,2,224453,010826,0.00,0.00,0.00,0.00,0.00,0.00,0.00,0.00,*65
$GPNVS,3,224453,010826,+0.38,,,+4.32,-4.09,,,,1,+36.12,*66
$GPNVS,4,224453,010826,0.00,0.00,,,,,,,*63
$GPNVS,5,224453,010826,5C9,0,0,+36.12,00000,00000,*2E
$GPNVS,6,0,A,0,0x00000,0x20,,0x00,00,,0x00000,,*05
$GPNVS,7,224453,010826,A,13,0x00,0,0,0,393214,+4.32,-4.10*53
$GPNVS,9,+10000000.001,+1.87499,+10000000.05,15,+0.000,+0.39,,+36.12,50.0,99.0,*66
$GPNVS,10,1,0,0,+0,+0,2,100,0.5,3,2,30,1,+0,1.0,20,+10,1,2,8000*60
$GPNVS,1,224454,010826,A,N,0,N,0x00000,0x20,0x00,1,N*15
$GPNVS,2,224454,010826,0.00,0.00,0.00,0.00,0.00,0.00,0.00,0.00,*62
$GPNVS,3,224454,010826,+0.38,,,+4.32,-4.11,,,,1,+36.12,*68
$GPNVS,4,224454,010826,0.00,0.00,,,,,,,*64
$GPNVS,5,224454,010826,5C9,0,0,+36.12,00000,00000,*29
$GPNVS,6,0,A,0,0x00000,0x20,,0x00,00,,0x00000,,*05
$GPNVS,7,224454,010826,A,13,0x00,0,0,0,393214,+4.32,-4.11*55
$GPNVS,9,+10000000.001,+1.87499,+10000000.00,15,+0.000,+0.39,,+36.12,50.0,99.0,*63
$GPNVS,10,1,0,0,+0,+0,2,100,0.5,3,2,30,1,+0,1.0,20,-10,1,2,8000*66
$GPNVS,1,224455,010826,A,N,0,N,0x00000,0x20,0x00,1,N*14
$GPNVS,2,224455,010826,0.00,0.00,0.00,0.00,0.00,0.00,0.00,0.00,*63
$GPNVS,3,224455,010826,+0.38,,,+4.32,-4.09,,,,1,+36.12,*60
$GPNVS,4,224455,010826,0.00,0.00,,,,,,,*65
$GPNVS,5,224455,010826,5C9,0,0,+36.12,00000,00000,*28
$GPNVS,6,0,A,0,0x00000,0x20,,0x00,00,,0x00000,,*05
$GPNVS,7,224455,010826,A,13,0x00,0,1,0,393214,+4.32,-4.10*54
$GPNVS,9,+10000000.000,+1.87499,+9999999.949,15,+0.000,+0.39,,+36.12,50.0,99.0,*6E
$GPNVS,10,1,0,0,+5,+0,2,100,0.5,3,2,30,1,+0,1.0,20,-10,1,2,8000*63
$GPNVS,1,224456,010826,A,N,0,N,0x00000,0x20,0x00,1,N*17
$GPNVS,2,224456,010826,0.00,0.00,0.00,0.00,0.00,0.00,0.00,0.00,*60
$GPNVS,3,224456,010826,+0.38,,,+4.32,-4.09,,,,1,+36.12,*63
$GPNVS,4,224456,010826,0.00,0.00,,,,,,,*66
$GPNVS,5,224456,010826,5C9,0,0,+36.12,00000,00000,*2B
$GPNVS,6,0,A,0,0x00000,0x20,,0x00,00,,0x00000,,*05
$GPNVS,7,224456,010826,A,13,0x00,0,1,0,393214,+4.32,-4.10*57
$GPNVS,9,+10000000.000,+1.87499,+10000000.00,15,+0.000,+0.39,,+36.12,50.0,99.0,*62
$GPNVS,10,1,0,0,+5,+5,2,100,0.5,3,2,30,1,+0,1.0,20,-10,1,2,8000*66
$GPNVS,1,224457,010826,A,N,0,N,0x00000,0x20,0x00,1,N*16
$GPNVS,2,224457,010826,0.00,0.00,0.00,0.00,0.00,0.00,0.00,0.00,*61
$GPNVS,3,224457,010826,+0.38,,,+4.32,-4.09,,,,1,+36.12,*62
$GPNVS,4,224457,010826,0.00,0.00,,,,,,,*67
$GPNVS,5,224457,010826,5C9,0,0,+36.12,00000,00000,*2A
$GPNVS,6,0,A,0,0x00000,0x20,,0x00,00,,0x00000,,*05
$GPNVS,7,224457,010826,A,13,0x00,0,1,0,393214,+4.32,-4.10*56
$GPNVS,9,+10000000.000,+1.87499,+10000000.00,15,+0.000,+0.39,,+36.12,50.0,99.0,*62
$GPNVS,10,1,0,0,+5,+5,2,100,0.5,3,2,30,1,+1,1.0,20,-10,1,2,8000*67
$GPNVS,1,224458,010826,A,N,0,N,0x00000,0x20,0x00,1,N*19
$GPNVS,2,224458,010826,0.00,0.00,0.00,0.00,0.00,0.00,0.00,0.00,*6E
$GPNVS,3,224458,010826,+0.38,,,+4.32,-4.11,,,,1,+36.12,*64
$GPNVS,4,224458,010826,0.00,0.00,,,,,,,*68
$GPNVS,5,224458,010826,5C9,0,0,+36.12,00000,00000,*25
$GPNVS,6,0,A,0,0x00000,0x20,,0x00,00,,0x00000,,*05
$GPNVS,7,224458,010826,A,13,0x00,0,1,1,393215,+4.32,-4.11*58
$GPNVS,9,+10000000.000,+1.87499,+10000000.00,15,+0.000,+0.39,,+36.12,50.0,99.0,*62
$GPNVS,10,1,0,0,+5,+5,2,100,0.5,3,2,30,1,+1,1.0,20,-10,1,2,8000*67
$GPNVS,1,224459,010826,A,N,0,N,0x00000,0x20,0x00,1,N*18
$GPNVS,2,224459,010826,0.00,0.00,0.00,0.00,0.00,0.00,0.00,0.00,*6F
$GPNVS,3,224459,010826,+0.38,,,+4.32,-4.11,,,,1,+36.12,*65
$GPNVS,4,224459,010826,0.00,0.00,,,,,,,*69
$GPNVS,5,224459,010826,5C9,0,0,+36.12,00000,00000,*24
$GPNVS,6,0,A,0,0x00000,0x20,,0x00,00,,0x00000,,*05
$GPNVS,7,224459,010826,A,13,0x00,0,1,0,393215,+4.32,-4.11*58
$GPNVS,9,+10000000.000,+1.87499,+10000000.00,15,+0.000,+0.39,,+36.12,50.0,99.0,*62
$GPNVS,10,1,0,0,+5,+5,2,100,0.5,3,2,30,1,+1,1.0,20,-10,1,2,8000*67
$GPNVS,1,224500,010826,A,N,0,N,0x00000,0x20,0x00,1,N*15
$GPNVS,2,224500,010826,0.00,0.00,0.00,0.00,0.00,0.00,0.00,0.00,*62
$GPNVS,3,224500,010826,+0.38,,,+4.32,-4.09,,,,1,+36.12,*61
$GPNVS,4,224500,010826,0.00,0.00,,,,,,,*64
$GPNVS,5,224500,010826,5C9,0,0,+36.12,00000,00000,*29
$GPNVS,6,0,A,0,0x00000,0x20,,0x00,00,,0x00000,,*05
$GPNVS,7,224500,010826,A,13,0x00,0,1,0,393215,+4.32,-4.10*54
$GPNVS,9,+10000000.000,+1.87499,+10000000.00,15,+0.000,+0.39,,+36.12,50.0,99.0,*62
$GPNVS,10,1,0,0,+5,+5,2,100,0.5,3,2,30,1,+1,1.0,20,-10,1,2,8000*67
$GPNVS,1,224501,010826,A,N,0,N,0x00000,0x20,0x00,1,N*14
$GPNVS,2,224501,010826,0.00,0.00,0.00,0.00,0.00,0.00,0.00,0.00,*63
$GPNVS,3,224501,010826,+0.38,,,+4.32,-4.11,,,,1,+36.12,*69
$GPNVS,4,224501,010826,0.00,0.00,,,,,,,*65
$GPNVS,5,224501,010826,5C9,0,0,+36.12,00000,00000,*28
$GPNVS,6,0,A,0,0x00000,0x20,,0x00,00,,0x00000,,*05
$GPNVS,7,224501,010826,A,13,0x00,0,1,1,393216,+4.32,-4.11*56
$GPNVS,9,+10000000.000,+1.87500,+10000000.00,15,+0.000,+0.39,,+36.12,50.0,99.0,*63
$GPNVS,10,1,0,0,+5,+5,2,100,0.5,3,2,30,1,+1,1.0,20,-10,1,2,8000*67
$GPNVS,1,224502,010826,A,N,0,N,0x00000,0x20,0x00,1,N*17
$GPNVS,2,224502,010826,0.00,0.00,0.00,0.00,0.00,0.00,0.00,0.00,*60
$GPNVS,3,224502,010826,+0.38,,,+4.32,-4.11,,,,1,+36.12,*6A
$GPNVS,4,224502,010826,0.00,0.00,,,,,,,*66
$GPNVS,5,224502,010826,5C9,0,0,+36.12,00000,00000,*2B
$GPNVS,6,0,A,0,0x00000,0x20,,0x00,00,,0x00000,,*05
$GPNVS,7,224502,010826,A,13,0x00,0,1,0,393216,+4.32,-4.11*54
$GPNVS,9,+10000000.000,+1.87500,+10000000.00,15,+0.000,+0.39,,+36.12,50.0,99.0,*63
$GPNVS,10,1,0,0,+5,+5,2,100,0.5,3,2,30,1,+1,1.0,20,-10,1,2,8000*67
$GPNVS,1,224503,010826,A,N,0,N,0x00000,0x20,0x00,1,N*16
$GPNVS,2,224503,010826,0.00,0.00,0.00,0.00,0.00,0.00,0.00,0.00,*61
$GPNVS,3,224503,010826,+0.38,,,+4.32,-4.11,,,,1,+36.12,*6B
$GPNVS,4,224503,010826,0.00,0.00,,,,,,,*67
$GPNVS,5,224503,010826,5C9,0,0,+36.12,00000,00000,*2A
$GPNVS,6,0,A,0,0x00000,0x20,,0x00,00,,0x00000,,*05
$GPNVS,7,224503,010826,A,13,0x00,0,0,0,393216,+4.32,-4.11*54
$GPNVS,9,+10000000.001,+1.87500,+10000000.05,15,+0.000,+0.39,,+36.12,50.0,99.0,*67
$GPNVS,10,1,0,0,+0,+0,2,100,0.5,3,2,30,1,+1,1.0,20,-10,1,2,8000*67
$GPNVS,1,224504,010826,A,N,0,N,0x00000,0x20,0x00,1,N*11
$GPNVS,2,224504,010826,0.00,0.00,0.00,0.00,0.00,0.00,0.00,0.00,*66
$GPNVS,3,224504,010826,+0.38,,,+4.32,-4.11,,,,1,+36.12,*6C
$GPNVS,4,224504,010826,0.00,0.00,,,,,,,*60
$GPNVS,5,224504,010826,5C9,0,0,+36.12,00000,00000,*2D
$GPNVS,6,0,A,0,0x00000,0x20,,0x00,00,,0x00000,,*05
$GPNVS,7,224504,010826,A,13,0x00,0,1,1,393217,+4.32,-4.11*52
$GPNVS,9,+10000000.000,+1.87500,+9999999.949,15,+0.000,+0.39,,+36.12,50.0,99.0,*6F
$GPNVS,10,1,0,0,+5,+0,2,100,0.5,3,2,30,1,+1,1.0,20,-10,1,2,8000*62
$GPNVS,1,224505,010826,A,N,0,N,0x00000,0x20,0x00,1,N*10
$GPNVS,2,224505,010826,0.00,0.00,0.00,0.00,0.00,0.00,0.00,0.00,*67
$GPNVS,3,224505,010826,+0.38,,,+4.32,-4.11,,,,1,+36.12,*6D
$GPNVS,4,224505,010826,0.00,0.00,,,,,,,*61
$GPNVS,5,224505,010826,5C9,0,0,+36.12,00000,00000,*2C
$GPNVS,6,0,A,0,0x00000,0x20,,0x00,00,,0x00000,,*05
$GPNVS,7,224505,010826,A,13,0x00,0,1,0,393217,+4.32,-4.11*52
$GPNVS,9,+10000000.000,+1.87500,+10000000.00,15,+0.000,+0.39,,+36.12,50.0,99.0,*63
$GPNVS,10,1,0,0,+5,+5,2,100,0.5,3,2,30,1,+1,1.0,20,+6,1,2,8000*56
$GPNVS,1,224506,010826,A,N,0,N,0x00000,0x20,0x00,1,N*13
$GPNVS,2,224506,010826,0.00,0.00,0.00,0.00,0.00,0.00,0.00,0.00,*64
$GPNVS,3,224506,010826,+0.38,,,+4.32,-4.09,,,,1,+36.12,*67
$GPNVS,4,224506,010826,0.00,0.00,,,,,,,*62
$GPNVS,5,224506,010826,5C9,0,0,+36.12,00000,00000,*2F
$GPNVS,6,0,A,0,0x00000,0x20,,0x00,00,,0x00000,,*05
$GPNVS,7,224506,010826,A,13,0x00,0,1,0,393217,+4.32,-4.10*50
$GPNVS,9,+10000000.001,+1.87500,+10000000.00,15,+0.000,+0.39,,+36.12,50.0,99.0,*62
$GPNVS,10,1,0,0,+5,+5,2,100,0.5,3,2,30,1,+1,1.0,20,+6,1,2,8000*56
$GPNVS,1,224507,010826,A,N,0,N,0x00000,0x20,0x00,1,N*12
$GPNVS,2,224507,010826,0.00,0.00,0.00,0.00,0.00,0.00,0.00,0.00,*65
$GPNVS,3,224507,010826,+0.38,,,+4.32,-4.09,,,,1,+36.12,*66
$GPNVS,4,224507,010826,0.00,0.00,,,,,,,*63
$GPNVS,5,224507,010826,5C9,0,0,+36.12,00000,00000,*2E
$GPNVS,6,0,A,0,0x00000,0x20,,0x00,00,,0x00000,,*05
$GPNVS,7,224507,010826,A,13,0x00,0,0,1,393218,+4.32,-4.10*5E
$GPNVS,9,+10000000.001,+1.87501,+10000000.05,15,+0.000,+0.39,,+36.12,50.0,99.0,*66
$GPNVS,10,1,0,0,+0,+0,2,100,0.5,3,2,30,1,+1,1.0,20,+6,1,2,8000*56
$GPNVS,99,,,*5C
$GPNVS,1,224508,010826,A,N,0,N,0x00000,0x20,0x00,1,N*1D
$GPNVS,2,224508,010826,0.00,0.00,0.00,0.00,0.00,0.00,0.00,0.00,*6A
$GPNVS,3,224508,010826,+0.38,,,+4.32,-4.09,,,,1,+36.12,*69
$GPNVS,4,224508,010826,0.00,0.00,,,,,,,*6C
$GPNVS,5,224508,010826,5C9,0,0,+36.12,00000,00000,*21
$GPNVS,6,0,A,0,0x00000,0x20,,0x00,00,,0x00000,,*05
$GPNVS,7,224508,010826,A,13,0x00,0,1,0,393218,+4.32,-4.10*51
$GPNVS,9,+10000000.000,+1.87501,+9999999.949,15,+0.000,+0.39,,+36.12,50.0,99.0,*6E
$GPNVS,10,1,0,0,+5,+0,2,100,0.5,3,2,30,1,+1,1.0,20,+6,1,2,8000*53
$GPNVS,1,224509,010826,A,N,0,N,0x00000,0x20,0x00,1,N*1C
$GPNVS,2,224509,010826,0.00,0.00,0.00,0.00,0.00,0.00,0.00,0.00,*6B
$GPNVS,3,224509,010826,+0.38,,,+4.32,-4.11,,,,1,+36.12,*61
$GPNVS,4,224509,010826,0.00,0.00,,,,,,,*6D
$GPNVS,5,224509,010826,5C9,0,0,+36.12,00000,00000,*20
$GPNVS,6,0,A,0,0x00000,0x20,,0x00,00,,0x00000,,*05
$GPNVS,7,224509,010826,A,13,0x00,0,1,0,393218,+4.32,-4.11*51
$GPNVS,9,+10000000.000,+1.87501,+10000000.00,15,+0.000,+0.39,,+36.12,50.0,99.0,*62
$GPNVS,10,1,0,0,+5,+5,2,100,0.5,3,2,30,1,+1,1.0,20,+6,1,2,8000*56
$GPNVS,1,224510,010826,A,N,0,N,0x00000,0x20,0x00,1,N*14
$GPNVS,2,224510,010826,0.00,0.00,0.00,0.00,0.00,0.00,0.00,0.00,*63
$GPNVS,3,224510,010826,+0.38,,,+4.32,-4.11,,,,1,+36.12,*69
$GPNVS,4,224510,010826,0.00,0.00,,,,,,,*65
$GPNVS,5,224510,010826,5C9,0,0,+36.12,00000,00000,*28
$GPNVS,6,0,A,0,0x00000,0x20,,0x00,00,,0x00000,,*05
$GPNVS,7,224510,010826,A,13,0x00,0,1,0,393218,+4.32,-4.11*59
$GPNVS,9,+10000000.000,+1.87501,+10000000.00,15,+0.000,+0.39,,+36.12,50.0,99.0,*62
$GPNVS,10,1,0,0,+5,+5,2,100,0.5,3,2,30,1,+0,1.0,20,+6,1,2,8000*57
$GPNVS,1,224511,010826,A,N,0,N,0x00000,0x20,0x00,1,N*15
$GPNVS,2,224511,010826,0.00,0.00,0.00,0.00,0.00,0.00,0.00,0.00,*62
$GPNVS,3,224511,010826,+0.38,,,+4.32,-4.09,,,,1,+36.12,*61
$GPNVS,4,224511,010826,0.00,0.00,,,,,,,*64
$GPNVS,5,224511,010826,5C9,0,0,+36.12,00000,00000,*29
$GPNVS,6,0,A,0,0x00000,0x20,,0x00,00,,0x00000,,*05
$GPNVS,7,224511,010826,A,13,0x00,0,1,0,393218,+4.32,-4.10*59
$GPNVS,9,+10000000.000,+1.87501,+10000000.00,15,+0.000,+0.39,,+36.12,50.0,99.0,*62
$GPNVS,10,1,0,0,+5,+5,2,100,0.5,3,2,30,1,+0,1.0,20,+6,1,2,8000*57
$GPNVS,1,224512,010826,A,N,0,N,0x00000,0x20,0x00,1,N*16
$GPNVS,2,224512,010826,0.00,0.00,0.00,0.00,0.00,0.00,0.00,0.00,*61
$GPNVS,3,224512,010826,+0.38,,,+4.32,-4.11,,,,1,+36.12,*6B
$GPNVS,4,224512,010826,0.00,0.00,,,,,,,*67
$GPNVS,5,224512,010826,5C9,0,0,+36.12,00000,00000,*2A
$GPNVS,6,0,A,0,0x00000,0x20,,0x00,00,,0x00000,,*05
$GPNVS,7,224512,010826,A,13,0x00,0,1,0,393218,+4.32,-4.11*5B
$GPNVS,9,+10000000.000,+1.87501,+10000000.00,15,+0.000,+0.39,,+36.12,50.0,99.0,*62
$GPNVS,10,1,0,0,+5,+5,2,100,0.5,3,2,30,1,+0,1.0,20,+6,1,2,8000*57
$GPNVS,1,224513,010826,A,N,0,N,0x00000,0x20,0x00,1,N*17
$GPNVS,2,224513,010826,0.00,0.00,0.00,0.00,0.00,0.00,0.00,0.00,*60
$GPNVS,3,224513,010826,+0.38,,,+4.32,-4.09,,,,1,+36.12,*63
$GPNVS,4,224513,010826,0.00,0.00,,,,,,,*66
$GPNVS,5,224513,010826,5C9,0,0,+36.12,00000,00000,*2B
$GPNVS,6,0,A,0,0x00000,0x20,,0x00,00,,0x00000,,*05
$GPNVS,7,224513,010826,A,13,0x00,0,0,0,393218,+4.32,-4.10*5A
$GPNVS,9,+10000000.001,+1.87501,+10000000.05,15,+0.000,+0.39,,+36.12,50.0,99.0,*66
$GPNVS,10,1,0,0,+0,+0,2,100,0.5,3,2,30,1,+0,1.0,20,+6,1,2,8000*57
$GPNVS,1,224514,010826,A,N,0,N,0x00000,0x20,0x00,1,N*10
$GPNVS,2,224514,010826,0.00,0.00,0.00,0.00,0.00,0.00,0.00,0.00,*67
$GPNVS,3,224514,010826,+0.38,,,+4.32,-4.09,,,,1,+36.12,*64
$GPNVS,4,224514,010826,0.00,0.00,,,,,,,*61
$GPNVS,5,224514,010826,5C9,0,0,+36.12,00000,00000,*2C
$GPNVS,6,0,A,0,0x00000,0x20,,0x00,00,,0x00000,,*05
$GPNVS,7,224514,010826,A,13,0x00,0,1,0,393218,+4.32,-4.10*5C
$GPNVS,9,+10000000.000,+1.87501,+9999999.949,15,+0.000,+0.39,,+36.12,50.0,99.0,*6E
$GPNVS,10,1,0,0,+5,+0,2,100,0.5,3,2,30,1,+0,1.0,20,+6,1,2,8000*52
$GPNVS,1,224515,010826,A,N,0,N,0x00000,0x20,0x00,1,N*11
$GPNVS,2,224515,010826,0.00,0.00,0.00,0.00,0.00,0.00,0.00,0.00,*66
$GPNVS,3,224515,010826,+0.38,,,+4.32,-4.09,,,,1,+36.12,*65
$GPNVS,4,224515,010826,0.00,0.00,,,,,,,*60
$GPNVS,5,224515,010826,5C9,0,0,+36.12,00000,00000,*2D
$GPNVS,6,0,A,0,0x00000,0x20,,0x00,00,,0x00000,,*05
$GPNVS,7,224515,010826,A,13,0x00,0,1,0,393218,+4.32,-4.10*5D
$GPNVS,9,+10000000.000,+1.87501,+10000000.00,15,+0.000,+0.39,,+36.12,50.0,99.0,*62
$GPNVS,10,1,0,0,+5,+5,2,100,0.5,3,2,30,1,+0,1.0,20,+6,1,2,8000*57
$GPNVS,1,224516,010826,A,N,0,N,0x00000,0x20,0x00,1,N*12
$GPNVS,2,224516,010826,0.00,0.00,0.00,0.00,0.00,0.00,0.00,0.00,*65
$GPNVS,3,224516,010826,+0.38,,,+4.32,-4.09,,,,1,+36.12,*66
$GPNVS,4,224516,010826,0.00,0.00,,,,,,,*63
$GPNVS,5,224516,010826,5C9,0,0,+36.12,00000,00000,*2E
$GPNVS,6,0,A,0,0x00000,0x20,,0x00,00,,0x00000,,*05
$GPNVS,7,224516,010826,A,13,0x00,0,1,0,393218,+4.32,-4.10*5E
$GPNVS,9,+10000000.000,+1.87501,+10000000.00,15,+0.000,+0.39,,+36.12,50.0,99.0,*62
$GPNVS,10,1,0,0,+5,+5,2,100,0.5,3,2,30,1,+0,1.0,20,-14,1,2,8000*62
$GPNVS,1,224517,010826,A,N,0,N,0x00000,0x20,0x00,1,N*13
$GPNVS,2,224517,010826,0.00,0.00,0.00,0.00,0.00,0.00,0.00,0.00,*64
$GPNVS,3,224517,010826,+0.38,,,+4.32,-4.09,,,,1,+36.12,*67
$GPNVS,4,224517,010826,0.00,0.00,,,,,,,*62
$GPNVS,5,224517,010826,5C9,0,0,+36.12,00000,00000,*2F
$GPNVS,6,0,A,0,0x00000,0x20,,0x00,00,,0x00000,,*05
$GPNVS,7,224517,010826,A,13,0x00,0,1,0,393218,+4.32,-4.10*5F
$GPNVS,9,+10000000.000,+1.87501,+10000000.00,15,+0.000,+0.39,,+36.12,50.0,99.0,*62
$GPNVS,10,1,0,0,+5,+5,2,100,0.5,3,2,30,1,+0,1.0,20,-14,1,2,8000*62
$GPNVS,1,224518,010826,A,N,0,N,0x00000,0x20,0x00,1,N*1C
$GPNVS,2,224518,010826,0.00,0.00,0.00,0.00,0.00,0.00,0.00,0.00,*6B
$GPNVS,3,224518,010826,+0.38,,,+4.32,-4.09,,,,1,+36.12,*68
$GPNVS,4,224518,010826,0.00,0.00,,,,,,,*6D
$GPNVS,5,224518,010826,5C9,0,0,+36.12,00000,00000,*20
$GPNVS,6,0,A,0,0x00000,0x20,,0x00,00,,0x00000,,*05
$GPNVS,7,224518,010826,A,13,0x00,0,1,0,393218,+4.32,-4.10*50
$GPNVS,9,+10000000.000,+1.87501,+10000000.00,15,+0.000,+0.39,,+36.12,50.0,99.0,*62
$GPNVS,10,1,0,0,+5,+5,2,100,0.5,3,2,30,1,+0,1.0,20,-14,1,2,8000*62
$GPNVS,1,224519,010826,A,N,0,N,0x00000,0x20,0x00,1,N*1D
$GPNVS,2,224519,010826,0.00,0.00,0.00,0.00,0.00,0.00,0.00,0.00,*6A
$GPNVS,3,224519,010826,+0.38,,,+4.32,-4.09,,,,1,+36.12,*69
$GPNVS,4,224519,010826,0.00,0.00,,,,,,,*6C
$GPNVS,5,224519,010826,5C9,0,0,+36.12,00000,00000,*21
$GPNVS,6,0,A,0,0x00000,0x20,,0x00,00,,0x00000,,*05
$GPNVS,7,224519,010826,A,13,0x00,0,1,0,393218,+4.32,-4.10*51
$GPNVS,9,+10000000.000,+1.87501,+10000000.00,15,+0.000,+0.39,,+36.12,50.0,99.0,*62
$GPNVS,10,1,0,0,+5,+5,2,100,0.5,3,2,30,1,+0,1.0,20,-14,1,2,8000*62
$GPNVS,1,224520,010826,A,N,0,N,0x00000,0x20,0x00,1,N*17
$GPNVS,2,224520,010826,0.00,0.00,0.00,0.00,0.00,0.00,0.00,0.00,*60
$GPNVS,3,224520,010826,+0.38,,,+4.32,-4.11,,,,1,+36.12,*6A
$GPNVS,4,224520,010826,0.00,0.00,,,,,,,*66
$GPNVS,5,224520,010826,5C9,0,0,+36.12,00000,00000,*2B
$GPNVS,6,0,A,0,0x00000,0x20,,0x00,00,,0x00000,,*05
$GPNVS,7,224520,010826,A,13,0x00,0,1,0,393218,+4.32,-4.11*5A
$GPNVS,9,+10000000.000,+1.87501,+10000000.00,15,+0.000,+0.39,,+36.12,50.0,99.0,*62
$GPNVS,10,1,0,0,+5,+5,2,100,0.5,3,2,30,1,+0,1.0,20,-14,1,2,8000*62
$GPNVS,1,224521,010826,A,N,0,N,0x00000,0x20,0x00,1,N*16
$GPNVS,2,224521,010826,0.00,0.00,0.00,0.00,0.00,0.00,0.00,0.00,*61
$GPNVS,3,224521,010826,+0.38,,,+4.32,-4.09,,,,1,+36.12,*62
$GPNVS,4,224521,010826,0.00,0.00,,,,,,,*67
$GPNVS,5,224521,010826,5C9,0,0,+36.12,00000,00000,*2A
$GPNVS,6,0,A,0,0x00000,0x20,,0x00,00,,0x00000,,*05
$GPNVS,7,224521,010826,A,13,0x00,0,1,0,393218,+4.32,-4.10*5A
$GPNVS,9,+10000000.000,+1.87501,+10000000.00,15,+0.000,+0.39,,+36.12,50.0,99.0,*62
$GPNVS,10,1,0,0,+5,+5,2,100,0.5,3,2,30,1,+0,1.0,20,-14,1,2,8000*62
$GPNVS,1,224522,010826,A,N,0,N,0x00000,0x20,0x00,1,N*15
$GPNVS,2,224522,010826,0.00,0.00,0.00,0.00,0.00,0.00,0.00,0.00,*62
$GPNVS,3,224522,010826,+0.38,,,+4.32,-4.11,,,,1,+36.12,*68
$GPNVS,4,224522,010826,0.00,0.00,,,,,,,*64
$GPNVS,5,224522,010826,5C9,0,0,+36.12,00000,00000,*29
$GPNVS,6,0,A,0,0x00000,0x20,,0x00,00,,0x00000,,*05
$GPNVS,7,224522,010826,A,13,0x00,0,1,0,393218,+4.32,-4.11*58
$GPNVS,9,+9999999.9989,+1.87501,+10000000.00,15,+0.000,+0.39,,+36.12,50.0,99.0,*6B
$GPNVS,10,1,0,0,+5,+5,2,100,0.5,3,2,30,1,+0,1.0,20,-14,1,2,8000*62
$GPNVS,99,,,*5C
$GPNVS,1,224523,010826,A,N,0,N,0x00000,0x20,0x00,1,N*14
$GPNVS,2,224523,010826,0.00,0.00,0.00,0.00,0.00,0.00,0.00,0.00,*63
$GPNVS,3,224523,010826,+0.38,,,+4.32,-4.09,,,,1,+36.12,*60
$GPNVS,4,224523,010826,0.00,0.00,,,,,,,*65
$GPNVS,5,224523,010826,5C9,0,0,+36.12,00000,00000,*28
$GPNVS,6,0,A,0,0x00000,0x20,,0x00,00,,0x00000,,*05
$GPNVS,7,224523,010826,A,13,0x00,0,1,0,393218,+4.32,-4.10*58
$GPNVS,9,+10000000.000,+1.87501,+10000000.00,15,+0.000,+0.39,,+36.12,50.0,99.0,*62
$GPNVS,10,1,0,0,+5,+5,2,100,0.5,3,2,30,1,+0,1.0,20,-14,1,2,8000*62
$GPNVS,1,224524,010826,A,N,0,N,0x00000,0x20,0x00,1,N*13
$GPNVS,2,224524,010826,0.00,0.00,0.00,0.00,0.00,0.00,0.00,0.00,*64
$GPNVS,3,224524,010826,+0.38,,,+4.32,-4.11,,,,1,+36.12,*6E
$GPNVS,4,224524,010826,0.00,0.00,,,,,,,*62
$GPNVS,5,224524,010826,5C9,0,0,+36.12,00000,00000,*2F
$GPNVS,6,0,A,0,0x00000,0x20,,0x00,00,,0x00000,,*05
$GPNVS,7,224524,010826,A,13,0x00,0,1,0,393218,+4.32,-4.11*5E
$GPNVS,9,+10000000.000,+1.87501,+10000000.00,15,+0.000,+0.39,,+36.12,50.0,99.0,*62
$GPNVS,10,1,0,0,+5,+5,2,100,0.5,3,2,30,1,+0,1.0,20,-14,1,2,8000*62
$GPNVS,1,224525,010826,A,N,0,N,0x00000,0x20,0x00,1,N*12
$GPNVS,2,224525,010826,0.00,0.00,0.00,0.00,0.00,0.00,0.00,0.00,*65
$GPNVS,3,224525,010826,+0.38,,,+4.32,-4.11,,,,1,+36.12,*6F
$GPNVS,4,224525,010826,0.00,0.00,,,,,,,*63
$GPNVS,5,224525,010826,5C9,0,0,+36.12,00000,00000,*2E
$GPNVS,6,0,A,0,0x00000,0x20,,0x00,00,,0x00000,,*05
$GPNVS,7,224525,010826,A,13,0x00,0,1,0,393218,+4.32,-4.11*5F
$GPNVS,9,+9999999.9989,+1.87501,+10000000.00,15,+0.000,+0.39,,+36.12,50.0,99.0,*6B
$GPNVS,10,1,0,0,+5,+5,2,100,0.5,3,2,30,1,+0,1.0,20,-14,1,2,8000*62
$GPNVS,1,224526,010826,A,N,0,N,0x00000,0x20,0x00,1,N*11
$GPNVS,2,224526,010826,0.00,0.00,0.00,0.00,0.00,0.00,0.00,0.00,*66
$GPNVS,3,224526,010826,+0.38,,,+4.32,-4.09,,,,1,+36.12,*65
$GPNVS,4,224526,010826,0.00,0.00,,,,,,,*60
$GPNVS,5,224526,010826,5C9,0,0,+36.12,00000,00000,*2D
$GPNVS,6,0,A,0,0x00000,0x20,,0x00,00,,0x00000,,*05
$GPNVS,7,224526,010826,A,13,0x00,0,1,0,393218,+4.32,-4.10*5D
$GPNVS,9,+9999999.9989,+1.87501,+10000000.00,15,+0.000,+0.39,,+36.12,50.0,99.0,*6B
$GPNVS,10,1,0,0,+5,+5,2,100,0.5,3,2,30,1,+0,1.0,20,+2,1,2,8000*53
$GPNVS,1,224527,010826,A,N,0,N,0x00000,0x20,0x00,1,N*10
$GPNVS,2,224527,010826,0.00,0.00,0.00,0.00,0.00,0.00,0.00,0.00,*67
$GPNVS,3,224527,010826,+0.38,,,+4.32,-4.11,,,,1,+36.12,*6D
$GPNVS,4,224527,010826,0.00,0.00,,,,,,,*61
$GPNVS,5,224527,010826,5C9,0,0,+36.12,00000,00000,*2C
$GPNVS,6,0,A,0,0x00000,0x20,,0x00,00,,0x00000,,*05
$GPNVS,7,224527,010826,A,13,0x00,0,1,0,393218,+4.32,-4.11*5D
$GPNVS,9,+9999999.9989,+1.87501,+10000000.00,15,+0.000,+0.39,,+36.12,50.0,99.0,*6B
$GPNVS,10,1,0,0,+5,+5,2,100,0.5,3,2,30,1,+0,1.0,20,+2,1,2,8000*53
$GPNVS,1,224528,010826,A,N,0,N,0x00000,0x20,0x00,1,N*1F
$GPNVS,2,224528,010826,0.00,0.00,0.00,0.00,0.00,0.00,0.00,0.00,*68
$GPNVS,3,224528,010826,+0.38,,,+4.32,-4.09,,,,1,+36.12,*6B
$GPNVS,4,224528,010826,0.00,0.00,,,,,,,*6E
$GPNVS,5,224528,010826,5C9,0,0,+36.12,00000,00000,*23
$GPNVS,6,0,A,0,0x00000,0x20,,0x00,00,,0x00000,,*05
$GPNVS,7,224528,010826,A,13,0x00,0,1,0,393218,+4.32,-4.10*53
$GPNVS,9,+9999999.9989,+1.87501,+10000000.00,15,+0.000,+0.39,,+36.12,50.0,99.0,*6B
$GPNVS,10,1,0,0,+5,+5,2,100,0.5,3,2,30,1,+0,1.0,20,+2,1,2,8000*53
$GPNVS,1,224529,010826,A,N,0,N,0x00000,0x20,0x00,1,N*1E
$GPNVS,2,224529,010826,0.00,0.00,0.00,0.00,0.00,0.00,0.00,0.00,*69
$GPNVS,3,224529,010826,+0.38,,,+4.32,-4.09,,,,1,+36.12,*6A
$GPNVS,4,224529,010826,0.00,0.00,,,,,,,*6F
$GPNVS,5,224529,010826,5C9,0,0,+36.12,00000,00000,*22
$GPNVS,6,0,A,0,0x00000,0x20,,0x00,00,,0x00000,,*05
$GPNVS,7,224529,010826,A,13,0x00,0,1,0,393218,+4.32,-4.10*52
$GPNVS,9,+9999999.9989,+1.87501,+10000000.00,15,+0.000,+0.39,,+36.12,50.0,99.0,*6B
$GPNVS,10,1,0,0,+5,+5,2,100,0.5,3,2,30,1,+0,1.0,20,+2,1,2,8000*53
$GPNVS,1,224530,010826,A,N,0,N,0x00000,0x20,0x00,1,N*16
$GPNVS,2,224530,010826,0.00,0.00,0.00,0.00,0.00,0.00,0.00,0.00,*61
$GPNVS,3,224530,010826,+0.38,,,+4.32,-4.11,,,,1,+36.12,*6B
$GPNVS,4,224530,010826,0.00,0.00,,,,,,,*67
$GPNVS,5,224530,010826,5C9,0,0,+36.12,00000,00000,*2A
$GPNVS,6,0,A,0,0x00000,0x20,,0x00,00,,0x00000,,*05
$GPNVS,7,224530,010826,A,13,0x00,0,1,0,393218,+4.32,-4.11*5B
$GPNVS,9,+9999999.9989,+1.87501,+10000000.00,15,+0.000,+0.39,,+36.12,50.0,99.0,*6B
$GPNVS,10,1,0,0,+5,+5,2,100,0.5,3,2,30,1,+0,1.0,20,+2,1,2,8000*53
$GPNVS,1,224531,010826,A,N,0,N,0x00000,0x20,0x00,1,N*17
$GPNVS,2,224531,010826,0.00,0.00,0.00,0.00,0.00,0.00,0.00,0.00,*60
$GPNVS,3,224531,010826,+0.38,,,+4.32,-4.09,,,,1,+36.12,*63
$GPNVS,4,224531,010826,0.00,0.00,,,,,,,*66
$GPNVS,5,224531,010826,5C9,0,0,+36.12,00000,00000,*2B
$GPNVS,6,0,A,0,0x00000,0x20,,0x00,00,,0x00000,,*05
$GPNVS,7,224531,010826,A,13,0x00,0,2,0,393218,+4.32,-4.10*58
$GPNVS,9,+9999999.9989,+1.87501,+9999999.949,15,+0.000,+0.39,,+36.12,50.0,99.0,*67
$GPNVS,10,1,0,0,+10,+5,2,100,0.5,3,2,30,1,+0,1.0,20,+2,1,2,8000*67
$GPNVS,1,224532,010826,A,N,0,N,0x00000,0x20,0x00,1,N*14
$GPNVS,2,224532,010826,0.00,0.00,0.00,0.00,0.00,0.00,0.00,0.00,*63
$GPNVS,3,224532,010826,+0.38,,,+4.32,-4.11,,,,1,+36.12,*69
$GPNVS,4,224532,010826,0.00,0.00,,,,,,,*65
$GPNVS,5,224532,010826,5C9,0,0,+36.12,00000,00000,*28
$GPNVS,6,0,A,0,0x00000,0x20,,0x00,00,,0x00000,,*05
$GPNVS,7,224532,010826,A,13,0x00,0,1,0,393218,+4.32,-4.11*59
$GPNVS,9,+10000000.000,+1.87501,+10000000.05,15,+0.000,+0.39,,+36.12,50.0,99.0,*67
$GPNVS,10,1,0,0,+5,+5,2,100,0.5,3,2,30,1,+0,1.0,20,+2,1,2,8000*53
$GPNVS,1,224533,010826,A,N,0,N,0x00000,0x20,0x00,1,N*15
$GPNVS,2,224533,010826,0.00,0.00,0.00,0.00,0.00,0.00,0.00,0.00,*62
$GPNVS,3,224533,010826,+0.38,,,+4.32,-4.09,,,,1,+36.12,*61
$GPNVS,4,224533,010826,0.00,0.00,,,,,,,*64
$GPNVS,5,224533,010826,5C9,0,0,+36.12,00000,00000,*29
$GPNVS,6,0,A,0,0x00000,0x20,,0x00,00,,0x00000,,*05
$GPNVS,7,224533,010826,A,13,0x00,0,2,0,393218,+4.32,-4.10*5A
$GPNVS,9,+9999999.9979,+1.87501,+9999999.949,15,+0.000,+0.39,,+36.12,50.0,99.0,*68
$GPNVS,10,1,0,0,+10,+5,2,100,0.5,3,2,30,1,+0,1.0,20,+2,1,2,8000*67
$GPNVS,1,224534,010826,A,N,0,N,0x00000,0x20,0x00,1,N*12
$GPNVS,2,224534,010826,0.00,0.00,0.00,0.00,0.00,0.00,0.00,0.00,*65
$GPNVS,3,224534,010826,+0.38,,,+4.32,-4.11,,,,1,+36.12,*6F
$GPNVS,4,224534,010826,0.00,0.00,,,,,,,*63
$GPNVS,5,224534,010826,5C9,0,0,+36.12,00000,00000,*2E
$GPNVS,6,0,A,0,0x00000,0x20,,0x00,00,,0x00000,,*05
$GPNVS,7,224534,010826,A,13,0x00,0,1,0,393218,+4.32,-4.11*5F
$GPNVS,9,+9999999.9989,+1.87501,+10000000.05,15,+0.000,+0.39,,+36.12,50.0,99.0,*6E
$GPNVS,10,1,0,0,+5,+5,2,100,0.5,3,2,30,1,+0,1.0,20,+2,1,2,8000*53
$GPNVS,1,224535,010826,A,N,0,N,0x00000,0x20,0x00,1,N*13
$GPNVS,2,224535,010826,0.00,0.00,0.00,0.00,0.00,0.00,0.00,0.00,*64
$GPNVS,3,224535,010826,+0.38,,,+4.32,-4.09,,,,1,+36.12,*67
$GPNVS,4,224535,010826,0.00,0.00,,,,,,,*62
$GPNVS,5,224535,010826,5C9,0,0,+36.12,00000,00000,*2F
$GPNVS,6,0,A,0,0x00000,0x20,,0x00,00,,0x00000,,*05
$GPNVS,7,224535,010826,A,13,0x00,0,1,0,393218,+4.32,-4.10*5F
$GPNVS,9,+10000000.000,+1.87501,+10000000.00,15,+0.000,+0.39,,+36.12,50.0,99.0,*62
$GPNVS,10,1,0,0,+5,+5,2,100,0.5,3,2,30,1,+0,1.0,20,+2,1,2,8000*53
$GPNVS,1,224536,010826,A,N,0,N,0x00000,0x20,0x00,1,N*10
$GPNVS,2,224536,010826,0.00,0.00,0.00,0.00,0.00,0.00,0.00,0.00,*67
$GPNVS,3,224536,010826,+0.38,,,+4.32,-4.09,,,,1,+36.12,*64
$GPNVS,4,224536,010826,0.00,0.00,,,,,,,*61
$GPNVS,5,224536,010826,5C9,0,0,+36.12,00000,00000,*2C
$GPNVS,6,0,A,0,0x00000,0x20,,0x00,00,,0x00000,,*05
$GPNVS,7,224536,010826,A,13,0x00,0,1,0,393218,+4.32,-4.10*5C
$GPNVS,9,+9999999.9989,+1.87501,+10000000.00,15,+0.000,+0.39,,+36.12,50.0,99.0,*6B
$GPNVS,10,1,0,0,+5,+5,2,100,0.5,3,2,30,1,+0,1.0,20,+2,1,2,8000*53
$GPNVS,1,224537,010826,A,N,0,N,0x00000,0x20,0x00,1,N*11
$GPNVS,2,224537,010826,0.00,0.00,0.00,0.00,0.00,0.00,0.00,0.00,*66
$GPNVS,3,224537,010826,+0.38,,,+4.32,-4.11,,,,1,+36.12,*6C
$GPNVS,4,224537,010826,0.00,0.00,,,,,,,*60
$GPNVS,5,224537,010826,5C9,0,0,+36.12,00000,00000,*2D
$GPNVS,6,0,A,0,0x00000,0x20,,0x00,00,,0x00000,,*05
$GPNVS,7,224537,010826,A,13,0x00,0,1,0,393218,+4.32,-4.11*5C
$GPNVS,9,+9999999.9989,+1.87501,+10000000.00,15,+0.000,+0.39,,+36.12,50.0,99.0,*6B
$GPNVS,10,1,0,0,+5,+5,2,100,0.5,3,2,30,1,+0,1.0,20,-18,1,2,8000*6E
$GPNVS,99,,,*5C
$GPNVS,1,224538,010826,A,N,0,N,0x00000,0x20,0x00,1,N*1E
$GPNVS,2,224538,010826,0.00,0.00,0.00,0.00,0.00,0.00,0.00,0.00,*69
$GPNVS,3,224538,010826,+0.38,,,+4.32,-4.11,,,,1,+36.12,*63
$GPNVS,4,224538,010826,0.00,0.00,,,,,,,*6F
$GPNVS,5,224538,010826,5C9,0,0,+36.12,00000,00000,*22
$GPNVS,6,0,A,0,0x00000,0x20,,0x00,00,,0x00000,,*05
$GPNVS,7,224538,010826,A,13,0x00,0,1,0,393218,+4.32,-4.11*53
$GPNVS,9,+9999999.9989,+1.87501,+10000000.00,15,+0.000,+0.39,,+36.12,50.0,99.0,*6B
$GPNVS,10,1,0,0,+5,+5,2,100,0.5,3,2,30,1,+0,1.0,20,-18,1,2,8000*6E
$GPNVS,1,224539,010826,A,N,0,N,0x00000,0x20,0x00,1,N*1F
$GPNVS,2,224539,010826,0.00,0.00,0.00,0.00,0.00,0.00,0.00,0.00,*68
$GPNVS,3,224539,010826,+0.38,,,+4.32,-4.11,,,,1,+36.12,*62
$GPNVS,4,224539,010826,0.00,0.00,,,,,,,*6E
$GPNVS,5,224539,010826,5C9,0,0,+36.12,00000,00000,*23
$GPNVS,6,0,A,0,0x00000,0x20,,0x00,00,,0x00000,,*05
$GPNVS,7,224539,010826,A,13,0x00,0,2,0,393218,+4.32,-4.11*51
$GPNVS,9,+9999999.9989,+1.87501,+9999999.949,15,+0.000,+0.39,,+36.12,50.0,99.0,*67
$GPNVS,10,1,0,0,+10,+5,2,100,0.5,3,2,30,1,+0,1.0,20,-18,1,2,8000*5A
$GPNVS,1,224540,010826,A,N,0,N,0x00000,0x20,0x00,1,N*11
$GPNVS,2,224540,010826,0.00,0.00,0.00,0.00,0.00,0.00,0.00,0.00,*66
$GPNVS,3,224540,010826,+0.38,,,+4.32,-4.09,,,,1,+36.12,*65
$GPNVS,4,224540,010826,0.00,0.00,,,,,,,*60
$GPNVS,5,224540,010826,5C9,0,0,+36.12,00000,00000,*2D
$GPNVS,6,0,A,0,0x00000,0x20,,0x00,00,,0x00000,,*05
$GPNVS,7,224540,010826,A,13,0x00,0,1,0,393218,+4.32,-4.10*5D
$GPNVS,9,+9999999.9989,+1.87501,+10000000.05,15,+0.000,+0.39,,+36.12,50.0,99.0,*6E
$GPNVS,10,1,0,0,+5,+5,2,100,0.5,3,2,30,1,+0,1.0,20,-18,1,2,8000*6E
$GPNVS,1,224541,010826,A,N,0,N,0x00000,0x20,0x00,1,N*10
$GPNVS,2,224541,010826,0.00,0.00,0.00,0.00,0.00,0.00,0.00,0.00,*67
$GPNVS,3,224541,010826,+0.38,,,+4.32,-4.11,,,,1,+36.12,*6D
$GPNVS,4,224541,010826,0.00,0.00,,,,,,,*61
$GPNVS,5,224541,010826,5C9,0,0,+36.12,00000,00000,*2C
$GPNVS,6,0,A,0,0x00000,0x20,,0x00,00,,0x00000,,*05
$GPNVS,7,224541,010826,A,13,0x00,0,1,0,393218,+4.32,-4.11*5D
$GPNVS,9,+9999999.9989,+1.87501,+10000000.00,15,+0.000,+0.39,,+36.12,50.0,99.0,*6B
$GPNVS,10,1,0,0,+5,+5,2,100,0.5,3,2,30,1,+0,1.0,20,-18,1,2,8000*6E
$GPNVS,1,224542,010826,A,N,0,N,0x00000,0x20,0x00,1,N*13
$GPNVS,2,224542,010826,0.00,0.00,0.00,0.00,0.00,0.00,0.00,0.00,*64
$GPNVS,3,224542,010826,+0.38,,,+4.32,-4.09,,,,1,+36.12,*67
$GPNVS,4,224542,010826,0.00,0.00,,,,,,,*62
$GPNVS,5,224542,010826,5C9,0,0,+36.12,00000,00000,*2F
$GPNVS,6,0,A,0,0x00000,0x20,,0x00,00,,0x00000,,*05
$GPNVS,7,224542,010826,A,13,0x00,0,2,0,393218,+4.32,-4.10*5C
$GPNVS,9,+9999999.9989,+1.87501,+9999999.949,15,+0.000,+0.39,,+36.12,50.0,99.0,*67
$GPNVS,10,1,0,0,+10,+5,2,100,0.5,3,2,30,1,+0,1.0,20,-18,1,2,8000*5A
$GPNVS,1,224543,010826,A,N,0,N,0x00000,0x20,0x00,1,N*12
$GPNVS,2,224543,010826,0.00,0.00,0.00,0.00,0.00,0.00,0.00,0.00,*65
$GPNVS,3,224543,010826,+0.38,,,+4.32,-4.09,,,,1,+36.12,*66
$GPNVS,4,224543,010826,0.00,0.00,,,,,,,*63
$GPNVS,5,224543,010826,5C9,0,0,+36.12,00000,00000,*2E
$GPNVS,6,0,A,0,0x00000,0x20,,0x00,00,,0x00000,,*05
$GPNVS,7,224543,010826,A,13,0x00,0,1,0,393218,+4.32,-4.10*5E
$GPNVS,9,+9999999.9989,+1.87501,+10000000.05,15,+0.000,+0.39,,+36.12,50.0,99.0,*6E
$GPNVS,10,1,0,0,+5,+5,2,100,0.5,3,2,30,1,+0,1.0,20,-18,1,2,8000*6E
$GPNVS,1,224544,010826,A,N,0,N,0x00000,0x20,0x00,1,N*15
$GPNVS,2,224544,010826,0.00,0.00,0.00,0.00,0.00,0.00,0.00,0.00,*62
$GPNVS,3,224544,010826,+0.38,,,+4.32,-4.09,,,,1,+36.12,*61
$GPNVS,4,224544,010826,0.00,0.00,,,,,,,*64
$GPNVS,5,224544,010826,5C9,0,0,+36.12,00000,00000,*29
$GPNVS,6,0,A,0,0x00000,0x20,,0x00,00,,0x00000,,*05
$GPNVS,7,224544,010826,A,13,0x00,0,1,0,393218,+4.32,-4.10*59
$GPNVS,9,+9999999.9989,+1.87501,+10000000.00,15,+0.000,+0.39,,+36.12,50.0,99.0,*6B
$GPNVS,10,1,0,0,+5,+5,2,100,0.5,3,2,30,1,+0,1.0,20,-18,1,2,8000*6E
$GPNVS,1,224545,010826,A,N,0,N,0x00000,0x20,0x00,1,N*14
$GPNVS,2,224545,010826,0.00,0.00,0.00,0.00,0.00,0.00,0.00,0.00,*63
$GPNVS,3,224545,010826,+0.38,,,+4.32,-4.11,,,,1,+36.12,*69
$GPNVS,4,224545,010826,0.00,0.00,,,,,,,*65
$GPNVS,5,224545,010826,5C9,0,0,+36.12,00000,00000,*28
$GPNVS,6,0,A,0,0x00000,0x20,,0x00,00,,0x00000,,*05
$GPNVS,7,224545,010826,A,13,0x00,1,2,1,393219,+4.32,-4.11*5B
$GPNVS,9,+9999999.9989,+1.87501,+9999999.949,15,+0.000,+0.39,,+36.12,50.0,99.0,*67
$GPNVS,10,1,0,0,+10,+5,2,100,0.5,3,2,30,1,+0,1.0,20,-18,1,2,8000*5A
$GPNVS,1,224546,010826,A,N,0,N,0x00000,0x20,0x00,1,N*17
$GPNVS,2,224546,010826,0.00,0.00,0.00,0.00,0.00,0.00,0.00,0.00,*60
$GPNVS,3,224546,010826,+0.38,,,+4.32,-4.11,,,,1,+36.12,*6A
$GPNVS,4,224546,010826,0.00,0.00,,,,,,,*66
$GPNVS,5,224546,010826,5C9,0,0,+36.12,00000,00000,*2B
$GPNVS,6,0,A,0,0x00000,0x20,,0x00,00,,0x00000,,*05
$GPNVS,7,224546,010826,A,13,0x00,1,1,0,393219,+4.32,-4.11*5A
$GPNVS,9,+10000000.000,+1.87501,+10000000.05,15,+0.000,+0.39,,+36.12,50.0,99.0,*67
$GPNVS,10,1,0,0,+5,+5,2,100,0.5,3,2,30,1,+0,1.0,20,-18,1,2,8000*6E
$GPNVS,1,224547,010826,A,N,0,N,0x00000,0x20,0x00,1,N*16
$GPNVS,2,224547,010826,0.00,0.00,0.00,0.00,0.00,0.00,0.00,0.00,*61
$GPNVS,3,224547,010826,+0.38,,,+4.32,-4.11,,,,1,+36.12,*6B
$GPNVS,4,224547,010826,0.00,0.00,,,,,,,*67
$GPNVS,5,224547,010826,5C9,0,0,+36.12,00000,00000,*2A
$GPNVS,6,0,A,0,0x00000,0x20,,0x00,00,,0x00000,,*05
$GPNVS,7,224547,010826,A,13,0x00,1,1,0,393219,+4.32,-4.11*5B
$GPNVS,9,+10000000.000,+1.87501,+10000000.00,15,+0.000,+0.39,,+36.12,50.0,99.0,*62
$GPNVS,10,1,0,0,+5,+5,2,100,0.5,3,2,30,1,+0,1.0,20,-18,1,2,8000*6E
$GPNVS,1,224548,010826,A,N,0,N,0x00000,0x20,0x00,1,N*19
$GPNVS,2,224548,010826,0.00,0.00,0.00,0.00,0.00,0.00,0.00,0.00,*6E
$GPNVS,3,224548,010826,+0.38,,,+4.32,-4.11,,,,1,+36.12,*64
$GPNVS,4,224548,010826,0.00,0.00,,,,,,,*68
$GPNVS,5,224548,010826,5C9,0,0,+36.12,00000,00000,*25
$GPNVS,6,0,A,0,0x00000,0x20,,0x00,00,,0x00000,,*05
$GPNVS,7,224548,010826,A,13,0x00,1,1,0,393219,+4.32,-4.11*54
$GPNVS,9,+10000000.000,+1.87501,+10000000.00,15,+0.000,+0.39,,+36.12,50.0,99.0,*62
$GPNVS,10,1,0,0,+5,+5,2,100,0.5,3,2,30,1,+0,1.0,20,+18,1,2,8000*68
$GPNVS,1,224549,010826,A,N,0,N,0x00000,0x20,0x00,1,N*18
$GPNVS,2,224549,010826,0.00,0.00,0.00,0.00,0.00,0.00,0.00,0.00,*6F
$GPNVS,3,224549,010826,+0.38,,,+4.32,-4.09,,,,1,+36.12,*6C
$GPNVS,4,224549,010826,0.00,0.00,,,,,,,*69
$GPNVS,5,224549,010826,5C9,0,0,+36.12,00000,00000,*24
$GPNVS,6,0,A,0,0x00000,0x20,,0x00,00,,0x00000,,*05
$GPNVS,7,224549,010826,A,13,0x00,1,2,0,393219,+4.32,-4.10*57
$GPNVS,9,+9999999.9989,+1.87501,+9999999.949,15,+0.000,+0.39,,+36.12,50.0,99.0,*67
$GPNVS,10,1,0,0,+10,+5,2,100,0.5,3,2,30,1,+0,1.0,20,+18,1,2,8000*5C
$GPNVS,1,224550,010826,A,N,0,N,0x00000,0x20,0x00,1,N*10
$GPNVS,2,224550,010826,0.00,0.00,0.00,0.00,0.00,0.00,0.00,0.00,*67
$GPNVS,3,224550,010826,+0.38,,,+4.32,-4.11,,,,1,+36.12,*6D
$GPNVS,4,224550,010826,0.00,0.00,,,,,,,*61
$GPNVS,5,224550,010826,5C9,0,0,+36.12,00000,00000,*2C
$GPNVS,6,0,A,0,0x00000,0x20,,0x00,00,,0x00000,,*05
$GPNVS,7,224550,010826,A,13,0x00,1,1,0,393219,+4.32,-4.11*5D
$GPNVS,9,+10000000.000,+1.87501,+10000000.05,15,+0.000,+0.39,,+36.12,50.0,99.0,*67
$GPNVS,10,1,0,0,+5,+5,2,100,0.5,3,2,30,1,+0,1.0,20,+18,1,2,8000*68
$GPNVS,1,224551,010826,A,N,0,N,0x00000,0x20,0x00,1,N*11
$GPNVS,2,224551,010826,0.00,0.00,0.00,0.00,0.00,0.00,0.00,0.00,*66
$GPNVS,3,224551,010826,+0.38,,,+4.32,-4.11,,,,1,+36.12,*6C
$GPNVS,4,224551,010826,0.00,0.00,,,,,,,*60
$GPNVS,5,224551,010826,5C9,0,0,+36.12,00000,00000,*2D
$GPNVS,6,0,A,0,0x00000,0x20,,0x00,00,,0x00000,,*05
$GPNVS,7,224551,010826,A,13,0x00,1,1,0,393219,+4.32,-4.11*5C
$GPNVS,9,+10000000.000,+1.87501,+10000000.00,15,+0.000,+0.39,,+36.12,50.0,99.0,*62
$GPNVS,10,1,0,0,+5,+5,2,100,0.5,3,2,30,1,+0,1.0,20,+18,1,2,8000*68
$GPNVS,1,224552,010826,A,N,0,N,0x00000,0x20,0x00,1,N*12
$GPNVS,2,224552,010826,0.00,0.00,0.00,0.00,0.00,0.00,0.00,0.00,*65
$GPNVS,3,224552,010826,+0.38,,,+4.32,-4.11,,,,1,+36.12,*6F
$GPNVS,4,224552,010826,0.00,0.00,,,,,,,*63
$GPNVS,5,224552,010826,5C9,0,0,+36.12,00000,00000,*2E
$GPNVS,6,0,A,0,0x00000,0x20,,0x00,00,,0x00000,,*05
$GPNVS,7,224552,010826,A,13,0x00,1,1,0,393219,+4.32,-4.11*5F
$GPNVS,9,+10000000.000,+1.87501,+10000000.00,15,+0.000,+0.39,,+36.12,50.0,99.0,*62
$GPNVS,10,1,0,0,+5,+5,2,100,0.5,3,2,30,1,+0,1.0,20,+18,1,2,8000*68
$GPNVS,99,,,*5C
$GPNVS,1,224553,010826,A,N,0,N,0x00000,0x20,0x00,1,N*13
$GPNVS,2,224553,010826,0.00,0.00,0.00,0.00,0.00,0.00,0.00,0.00,*64
$GPNVS,3,224553,010826,+0.38,,,+4.32,-4.11,,,,1,+36.12,*6E
$GPNVS,4,224553,010826,0.00,0.00,,,,,,,*62
$GPNVS,5,224553,010826,5C9,0,0,+36.12,00000,00000,*2F
$GPNVS,6,0,A,0,0x00000,0x20,,0x00,00,,0x00000,,*05
$GPNVS,7,224553,010826,A,13,0x00,1,1,0,393219,+4.32,-4.11*5E
$GPNVS,9,+9999999.9989,+1.87501,+10000000.00,15,+0.000,+0.39,,+36.12,50.0,99.0,*6B
$GPNVS,10,1,0,0,+5,+5,2,100,0.5,3,2,30,1,+0,1.0,20,+18,1,2,8000*68
$GPNVS,1,224554,010826,A,N,0,N,0x00000,0x20,0x00,1,N*14
$GPNVS,2,224554,010826,0.00,0.00,0.00,0.00,0.00,0.00,0.00,0.00,*63
$GPNVS,3,224554,010826,+0.38,,,+4.32,-4.09,,,,1,+36.12,*60
$GPNVS,4,224554,010826,0.00,0.00,,,,,,,*65
$GPNVS,5,224554,010826,5C9,0,0,+36.12,00000,00000,*28
$GPNVS,6,0,A,0,0x00000,0x20,,0x00,00,,0x00000,,*05
$GPNVS,7,224554,010826,A,13,0x00,1,1,0,393219,+4.32,-4.10*58
$GPNVS,9,+10000000.000,+1.87501,+10000000.00,15,+0.000,+0.39,,+36.12,50.0,99.0,*62
$GPNVS,10,1,0,0,+5,+5,2,100,0.5,3,2,30,1,+0,1.0,20,+18,1,2,8000*68
$GPNVS,1,224555,010826,A,N,0,N,0x00000,0x20,0x00,1,N*15
$GPNVS,2,224555,010826,0.00,0.00,0.00,0.00,0.00,0.00,0.00,0.00,*62
$GPNVS,3,224555,010826,+0.38,,,+4.32,-4.11,,,,1,+36.12,*68
$GPNVS,4,224555,010826,0.00,0.00,,,,,,,*64
$GPNVS,5,224555,010826,5C9,0,0,+36.12,00000,00000,*29
$GPNVS,6,0,A,0,0x00000,0x20,,0x00,00,,0x00000,,*05
$GPNVS,7,224555,010826,A,13,0x00,1,1,0,393219,+4.32,-4.11*58
$GPNVS,9,+10000000.000,+1.87501,+10000000.00,15,+0.000,+0.39,,+36.12,50.0,99.0,*62
$GPNVS,10,1,0,0,+5,+5,2,100,0.5,3,2,30,1,+0,1.0,20,+18,1,2,8000*68
$GPNVS,1,224556,010826,A,N,0,N,0x00000,0x20,0x00,1,N*16
$GPNVS,2,224556,010826,0.00,0.00,0.00,0.00,0.00,0.00,0.00,0.00,*61
$GPNVS,3,224556,010826,+0.38,,,+4.32,-4.11,,,,1,+36.12,*6B
$GPNVS,4,224556,010826,0.00,0.00,,,,,,,*67
$GPNVS,5,224556,010826,5C9,0,0,+36.12,00000,00000,*2A
$GPNVS,6,0,A,0,0x00000,0x20,,0x00,00,,0x00000,,*05
$GPNVS,7,224556,010826,A,13,0x00,1,1,0,393219,+4.32,-4.11*5B
$GPNVS,9,+10000000.000,+1.87501,+10000000.00,15,+0.000,+0.39,,+36.12,50.0,99.0,*62
$GPNVS,10,1,0,0,+5,+5,2,100,0.5,3,2,30,1,+0,1.0,20,+18,1,2,8000*68
$GPNVS,1,224557,010826,A,N,0,N,0x00000,0x20,0x00,1,N*17
$GPNVS,2,224557,010826,0.00,0.00,0.00,0.00,0.00,0.00,0.00,0.00,*60
$GPNVS,3,224557,010826,+0.38,,,+4.32,-4.09,,,,1,+36.12,*63
$GPNVS,4,224557,010826,0.00,0.00,,,,,,,*66
$GPNVS,5,224557,010826,5C9,0,0,+36.12,00000,00000,*2B
$GPNVS,6,0,A,0,0x00000,0x20,,0x00,00,,0x00000,,*05
$GPNVS,7,224557,010826,A,13,0x00,1,1,0,393219,+4.32,-4.10*5B
$GPNVS,9,+9999999.9989,+1.87501,+10000000.00,15,+0.000,+0.39,,+36.12,50.0,99.0,*6B
$GPNVS,10,1,0,0,+5,+5,2,100,0.5,3,2,30,1,+0,1.0,20,+18,1,2,8000*68
$GPNVS,1,224558,010826,A,N,0,N,0x00000,0x20,0x00,1,N*18
$GPNVS,2,224558,010826,0.00,0.00,0.00,0.00,0.00,0.00,0.00,0.00,*6F
$GPNVS,3,224558,010826,+0.38,,,+4.32,-4.09,,,,1,+36.12,*6C
$GPNVS,4,224558,010826,0.00,0.00,,,,,,,*69
$GPNVS,5,224558,010826,5C9,0,0,+36.12,00000,00000,*24
$GPNVS,6,0,A,0,0x00000,0x20,,0x00,00,,0x00000,,*05
$GPNVS,7,224558,010826,A,13,0x00,1,1,0,393219,+4.32,-4.10*54
$GPNVS,9,+10000000.000,+1.87501,+10000000.00,15,+0.000,+0.39,,+36.12,50.0,99.0,*62
$GPNVS,10,1,0,0,+5,+5,2,100,0.5,3,2,30,1,+0,1.0,20,+18,1,2,8000*68
$GPNVS,1,224559,010826,A,N,0,N,0x00000,0x20,0x00,1,N*19
$GPNVS,2,224559,010826,0.00,0.00,0.00,0.00,0.00,0.00,0.00,0.00,*6E
$GPNVS,3,224559,010826,+0.38,,,+4.32,-4.09,,,,1,+36.12,*6D
$GPNVS,4,224559,010826,0.00,0.00,,,,,,,*68
$GPNVS,5,224559,010826,5C9,0,0,+36.12,00000,00000,*25
$GPNVS,6,0,A,0,0x00000,0x20,,0x00,00,,0x00000,,*05
$GPNVS,7,224559,010826,A,13,0x00,1,1,0,393219,+4.32,-4.10*55
$GPNVS,9,+10000000.000,+1.87501,+10000000.00,15,+0.000,+0.39,,+36.12,50.0,99.0,*62
$GPNVS,10,1,0,0,+5,+5,2,100,0.5,3,2,30,1,+0,1.0,20,-2,1,2,8000*55
$GPNVS,1,224600,010826,A,N,0,N,0x00000,0x20,0x00,1,N*16
$GPNVS,2,224600,010826,0.00,0.00,0.00,0.00,0.00,0.00,0.00,0.00,*61
$GPNVS,3,224600,010826,+0.38,,,+4.32,-4.11,,,,1,+36.12,*6B
$GPNVS,4,224600,010826,0.00,0.00,,,,,,,*67
$GPNVS,5,224600,010826,5C9,0,0,+36.12,00000,00000,*2A
$GPNVS,6,0,A,0,0x00000,0x20,,0x00,00,,0x00000,,*05
$GPNVS,7,224600,010826,A,13,0x00,-1,1,-1,393218,+4.32,-4.11*5B
$GPNVS,9,+10000000.000,+1.87501,+10000000.00,15,+0.000,+0.39,,+36.12,50.0,99.0,*62
$GPNVS,10,1,0,0,+5,+5,2,100,0.5,3,2,30,1,+0,1.0,20,-2,1,2,8000*55
$GPNVS,1,224601,010826,A,N,0,N,0x00000,0x20,0x00,1,N*17
$GPNVS,2,224601,010826,0.00,0.00,0.00,0.00,0.00,0.00,0.00,0.00,*60
$GPNVS,3,224601,010826,+0.38,,,+4.32,-4.11,,,,1,+36.12,*6A
$GPNVS,4,224601,010826,0.00,0.00,,,,,,,*66
$GPNVS,5,224601,010826,5C9,0,0,+36.12,00000,00000,*2B
$GPNVS,6,0,A,0,0x00000,0x20,,0x00,00,,0x00000,,*05
$GPNVS,7,224601,010826,A,13,0x00,-1,1,0,393218,+4.32,-4.11*76
$GPNVS,9,+10000000.000,+1.87501,+10000000.00,15,+0.000,+0.39,,+36.12,50.0,99.0,*62
$GPNVS,10,1,0,0,+5,+5,2,100,0.5,3,2,30,1,+0,1.0,20,-2,1,2,8000*55
$GPNVS,1,224602,010826,A,N,0,N,0x00000,0x20,0x00,1,N*14
$GPNVS,2,224602,010826,0.00,0.00,0.00,0.00,0.00,0.00,0.00,0.00,*63
$GPNVS,3,224602,010826,+0.38,,,+4.32,-4.11,,,,1,+36.12,*69
$GPNVS,4,224602,010826,0.00,0.00,,,,,,,*65
$GPNVS,5,224602,010826,5C9,0,0,+36.12,00000,00000,*28
$GPNVS,6,0,A,0,0x00000,0x20,,0x00,00,,0x00000,,*05
$GPNVS,7,224602,010826,A,13,0x00,-1,1,0,393218,+4.32,-4.11*75
$GPNVS,9,+10000000.000,+1.87501,+10000000.00,15,+0.000,+0.39,,+36.12,50.0,99.0,*62
$GPNVS,10,1,0,0,+5,+5,2,100,0.5,3,2,30,1,+0,1.0,20,-2,1,2,8000*55
$GPNVS,1,224603,010826,A,N,0,N,0x00000,0x20,0x00,1,N*15
$GPNVS,2,224603,010826,0.00,0.00,0.00,0.00,0.00,0.00,0.00,0.00,*62
$GPNVS,3,224603,010826,+0.38,,,+4.32,-4.11,,,,1,+36.12,*68
$GPNVS,4,224603,010826,0.00,0.00,,,,,,,*64
$GPNVS,5,224603,010826,5C9,0,0,+36.12,00000,00000,*29
$GPNVS,6,0,A,0,0x00000,0x20,,0x00,00,,0x00000,,*05
$GPNVS,7,224603,010826,A,13,0x00,-1,1,0,393218,+4.32,-4.11*74
$GPNVS,9,+9999999.9989,+1.87501,+10000000.00,15,+0.000,+0.39,,+36.12,50.0,99.0,*6B
$GPNVS,10,1,0,0,+5,+5,2,100,0.5,3,2,30,1,+0,1.0,20,-2,1,2,8000*55
$GPNVS,1,224604,010826,A,N,0,N,0x00000,0x20,0x00,1,N*12
$GPNVS,2,224604,010826,0.00,0.00,0.00,0.00,0.00,0.00,0.00,0.00,*65
$GPNVS,3,224604,010826,+0.38,,,+4.32,-4.09,,,,1,+36.12,*66
$GPNVS,4,224604,010826,0.00,0.00,,,,,,,*63
$GPNVS,5,224604,010826,5C9,0,0,+36.12,00000,00000,*2E
$GPNVS,6,0,A,0,0x00000,0x20,,0x00,00,,0x00000,,*05
$GPNVS,7,224604,010826,A,13,0x00,-1,1,0,393218,+4.32,-4.10*72
$GPNVS,9,+10000000.000,+1.87501,+10000000.00,15,+0.000,+0.39,,+36.12,50.0,99.0,*62
$GPNVS,10,1,0,0,+5,+5,2,100,0.5,3,2,30,1,+0,1.0,20,-2,1,2,8000*55
$GPNVS,1,224605,010826,A,N,0,N,0x00000,0x20,0x00,1,N*13
$GPNVS,2,224605,010826,0.00,0.00,0.00,0.00,0.00,0.00,0.00,0.00,*64
$GPNVS,3,224605,010826,+0.38,,,+4.32,-4.09,,,,1,+36.12,*67
$GPNVS,4,224605,010826,0.00,0.00,,,,,,,*62
$GPNVS,5,224605,010826,5C9,0,0,+36.12,00000,00000,*2F
$GPNVS,6,0,A,0,0x00000,0x20,,0x00,00,,0x00000,,*05
$GPNVS,7,224605,010826,A,13,0x00,-1,1,0,393218,+4.32,-4.10*73
$GPNVS,9,+10000000.000,+1.87501,+10000000.00,15,+0.000,+0.39,,+36.12,50.0,99.0,*62
$GPNVS,10,1,0,0,+5,+5,2,100,0.5,3,2,30,1,+0,1.0,20,-2,1,2,8000*55
$GPNVS,1,224606,010826,A,N,0,N,0x00000,0x20,0x00,1,N*10
$GPNVS,2,224606,010826,0.00,0.00,0.00,0.00,0.00,0.00,0.00,0.00,*67
$GPNVS,3,224606,010826,+0.38,,,+4.32,-4.09,,,,1,+36.12,*64
$GPNVS,4,224606,010826,0.00,0.00,,,,,,,*61
$GPNVS,5,224606,010826,5C9,0,0,+36.12,00000,00000,*2C
$GPNVS,6,0,A,0,0x00000,0x20,,0x00,00,,0x00000,,*05
$GPNVS,7,224606,010826,A,13,0x00,-1,1,0,393218,+4.32,-4.10*70
$GPNVS,9,+10000000.000,+1.87501,+10000000.00,15,+0.000,+0.39,,+36.12,50.0,99.0,*62
$GPNVS,10,1,0,0,+5,+5,2,100,0.5,3,2,30,1,+0,1.0,20,-2,1,2,8000*55
$GPNVS,1,224607,010826,A,N,0,N,0x00000,0x20,0x00,1,N*11
$GPNVS,2,224607,010826,0.00,0.00,0.00,0.00,0.00,0.00,0.00,0.00,*66
$GPNVS,3,224607,010826,+0.38,,,+4.32,-4.11,,,,1,+36.12,*6C
$GPNVS,4,224607,010826,0.00,0.00,,,,,,,*60
$GPNVS,5,224607,010826,5C9,0,0,+36.12,00000,00000,*2D
$GPNVS,6,0,A,0,0x00000,0x20,,0x00,00,,0x00000,,*05
$GPNVS,7,224607,010826,A,13,0x00,-1,1,0,393218,+4.32,-4.11*70
$GPNVS,9,+10000000.000,+1.87501,+10000000.00,15,+0.000,+0.39,,+36.12,50.0,99.0,*62
$GPNVS,10,1,0,0,+5,+5,2,100,0.5,3,2,30,1,+0,1.0,20,-2,1,2,8000*55
$GPNVS,99,,,*5C
$GPNVS,1,224608,010826,A,N,0,N,0x00000,0x20,0x00,1,N*1E
$GPNVS,2,224608,010826,0.00,0.00,0.00,0.00,0.00,0.00,0.00,0.00,*69
$GPNVS,3,224608,010826,+0.38,,,+4.32,-4.11,,,,1,+36.12,*63
$GPNVS,4,224608,010826,0.00,0.00,,,,,,,*6F
$GPNVS,5,224608,010826,5C9,0,0,+36.12,00000,00000,*22
$GPNVS,6,0,A,0,0x00000,0x20,,0x00,00,,0x00000,,*05
$GPNVS,7,224608,010826,A,13,0x00,-1,1,0,393218,+4.32,-4.11*7F
$GPNVS,9,+10000000.000,+1.87501,+10000000.00,15,+0.000,+0.39,,+36.12,50.0,99.0,*62
$GPNVS,10,1,0,0,+5,+5,2,100,0.5,3,2,30,1,+0,1.0,20,-2,1,2,8000*55
$GPNVS,1,224609,010826,A,N,0,N,0x00000,0x20,0x00,1,N*1F
$GPNVS,2,224609,010826,0.00,0.00,0.00,0.00,0.00,0.00,0.00,0.00,*68
$GPNVS,3,224609,010826,+0.38,,,+4.32,-4.09,,,,1,+36.12,*6B
$GPNVS,4,224609,010826,0.00,0.00,,,,,,,*6E
$GPNVS,5,224609,010826,5C9,0,0,+36.12,00000,00000,*23
$GPNVS,6,0,A,0,0x00000,0x20,,0x00,00,,0x00000,,*05
$GPNVS,7,224609,010826,A,13,0x00,-1,1,0,393218,+4.32,-4.10*7F
$GPNVS,9,+10000000.000,+1.87501,+10000000.00,15,+0.000,+0.39,,+36.12,50.0,99.0,*62
$GPNVS,10,1,0,0,+5,+5,2,100,0.5,3,2,30,1,+0,1.0,20,+14,1,2,8000*64
$GPNVS,1,224610,010826,A,N,0,N,0x00000,0x20,0x00,1,N*17
$GPNVS,2,224610,010826,0.00,0.00,0.00,0.00,0.00,0.00,0.00,0.00,*60
$GPNVS,3,224610,010826,+0.38,,,+4.32,-4.09,,,,1,+36.12,*63
$GPNVS,4,224610,010826,0.00,0.00,,,,,,,*66
$GPNVS,5,224610,010826,5C9,0,0,+36.12,00000,00000,*2B
$GPNVS,6,0,A,0,0x00000,0x20,,0x00,00,,0x00000,,*05
$GPNVS,7,224610,010826,A,13,0x00,-1,0,0,393218,+4.32,-4.10*76
$GPNVS,9,+10000000.001,+1.87501,+10000000.05,15,+0.000,+0.39,,+36.12,50.0,99.0,*66
$GPNVS,10,1,0,0,+0,+0,2,100,0.5,3,2,30,1,+0,1.0,20,+14,1,2,8000*64
$GPNVS,1,224611,010826,A,N,0,N,0x00000,0x20,0x00,1,N*16
$GPNVS,2,224611,010826,0.00,0.00,0.00,0.00,0.00,0.00,0.00,0.00,*61
$GPNVS,3,224611,010826,+0.38,,,+4.32,-4.09,,,,1,+36.12,*62
$GPNVS,4,224611,010826,0.00,0.00,,,,,,,*67
$GPNVS,5,224611,010826,5C9,0,0,+36.12,00000,00000,*2A
$GPNVS,6,0,A,0,0x00000,0x20,,0x00,00,,0x00000,,*05
$GPNVS,7,224611,010826,A,13,0x00,-1,1,0,393218,+4.32,-4.10*76
$GPNVS,9,+10000000.000,+1.87501,+9999999.949,15,+0.000,+0.39,,+36.12,50.0,99.0,*6E
$GPNVS,10,1,0,0,+5,+0,2,100,0.5,3,2,30,1,+0,1.0,20,+14,1,2,8000*61
$GPNVS,1,224612,010826,A,N,0,N,0x00000,0x20,0x00,1,N*15
$GPNVS,2,224612,010826,0.00,0.00,0.00,0.00,0.00,0.00,0.00,0.00,*62
$GPNVS,3,224612,010826,+0.38,,,+4.32,-4.09,,,,1,+36.12,*61
$GPNVS,4,224612,010826,0.00,0.00,,,,,,,*64
$GPNVS,5,224612,010826,5C9,0,0,+36.12,00000,00000,*29
$GPNVS,6,0,A,0,0x00000,0x20,,0x00,00,,0x00000,,*05
$GPNVS,7,224612,010826,A,13,0x00,-1,1,0,393218,+4.32,-4.10*75
$GPNVS,9,+10000000.000,+1.87501,+10000000.00,15,+0.000,+0.39,,+36.12,50.0,99.0,*62
$GPNVS,10,1,0,0,+5,+5,2,100,0.5,3,2,30,1,+0,1.0,20,+14,1,2,8000*64
$GPNVS,1,224613,010826,A,N,0,N,0x00000,0x20,0x00,1,N*14
$GPNVS,2,224613,010826,0.00,0.00,0.00,0.00,0.00,0.00,0.00,0.00,*63
$GPNVS,3,224613,010826,+0.38,,,+4.32,-4.11,,,,1,+36.12,*69
$GPNVS,4,224613,010826,0.00,0.00,,,,,,,*65
$GPNVS,5,224613,010826,5C9,0,0,+36.12,00000,00000,*28
$GPNVS,6,0,A,0,0x00000,0x20,,0x00,00,,0x00000,,*05
$GPNVS,7,224613,010826,A,13,0x00,-1,1,0,393218,+4.32,-4.11*75
$GPNVS,9,+10000000.000,+1.87501,+10000000.00,15,+0.000,+0.39,,+36.12,50.0,99.0,*62
$GPNVS,10,1,0,0,+5,+5,2,100,0.5,3,2,30,1,+0,1.0,20,+14,1,2,8000*64
$GPNVS,1,224614,010826,A,N,0,N,0x00000,0x20,0x00,1,N*13
$GPNVS,2,224614,010826,0.00,0.00,0.00,0.00,0.00,0.00,0.00,0.00,*64
$GPNVS,3,224614,010826,+0.38,,,+4.32,-4.09,,,,1,+36.12,*67
$GPNVS,4,224614,010826,0.00,0.00,,,,,,,*62
$GPNVS,5,224614,010826,5C9,0,0,+36.12,00000,00000,*2F
$GPNVS,6,0,A,0,0x00000,0x20,,0x00,00,,0x00000,,*05
$GPNVS,7,224614,010826,A,13,0x00,-1,1,0,393218,+4.32,-4.10*73
$GPNVS,9,+10000000.000,+1.87501,+10000000.00,15,+0.000,+0.39,,+36.12,50.0,99.0,*62
$GPNVS,10,1,0,0,+5,+5,2,100,0.5,3,2,30,1,+0,1.0,20,+14,1,2,8000*64
$GPNVS,1,224615,010826,A,N,0,N,0x00000,0x20,0x00,1,N*12
$GPNVS,2,224615,010826,0.00,0.00,0.00,0.00,0.00,0.00,0.00,0.00,*65
$GPNVS,3,224615,010826,+0.38,,,+4.32,-4.09,,,,1,+36.12,*66
$GPNVS,4,224615,010826,0.00,0.00,,,,,,,*63
$GPNVS,5,224615,010826,5C9,0,0,+36.12,00000,00000,*2E
$GPNVS,6,0,A,0,0x00000,0x20,,0x00,00,,0x00000,,*05
$GPNVS,7,224615,010826,A,13,0x00,0,1,0,393218,+4.32,-4.10*5E
$GPNVS,9,+10000000.000,+1.87501,+10000000.00,15,+0.000,+0.39,,+36.12,50.0,99.0,*62
$GPNVS,10,1,0,0,+5,+5,2,100,0.5,3,2,30,1,+0,1.0,20,+14,1,2,8000*64
$GPNVS,1,224616,010826,A,N,0,N,0x00000,0x20,0x00,1,N*11
$GPNVS,2,224616,010826,0.00,0.00,0.00,0.00,0.00,0.00,0.00,0.00,*66
$GPNVS,3,224616,010826,+0.38,,,+4.32,-4.11,,,,1,+36.12,*6C
$GPNVS,4,224616,010826,0.00,0.00,,,,,,,*60
$GPNVS,5,224616,010826,5C9,0,0,+36.12,00000,00000,*2D
$GPNVS,6,0,A,0,0x00000,0x20,,0x00,00,,0x00000,,*05
$GPNVS,7,224616,010826,A,13,0x00,0,1,0,393218,+4.32,-4.11*5C
$GPNVS,9,+10000000.000,+1.87501,+10000000.00,15,+0.000,+0.39,,+36.12,50.0,99.0,*62
$GPNVS,10,1,0,0,+5,+5,2,100,0.5,3,2,30,1,+0,1.0,20,+14,1,2,8000*64
$GPNVS,1,224617,010826,A,N,0,N,0x00000,0x20,0x00,1,N*10
$GPNVS,2,224617,010826,0.00,0.00,0.00,0.00,0.00,0.00,0.00,0.00,*67
$GPNVS,3,224617,010826,+0.38,,,+4.32,-4.11,,,,1,+36.12,*6D
$GPNVS,4,224617,010826,0.00,0.00,,,,,,,*61
$GPNVS,5,224617,010826,5C9,0,0,+36.12,00000,00000,*2C
$GPNVS,6,0,A,0,0x00000,0x20,,0x00,00,,0x00000,,*05
$GPNVS,7,224617,010826,A,13,0x00,0,1,0,393218,+4.32,-4.11*5D
$GPNVS,9,+10000000.000,+1.87501,+10000000.00,15,+0.000,+0.39,,+36.12,50.0,99.0,*62
$GPNVS,10,1,0,0,+5,+5,2,100,0.5,3,2,30,1,+0,1.0,20,+14,1,2,8000*64
$GPNVS,1,224618,010826,A,N,0,N,0x00000,0x20,0x00,1,N*1F
$GPNVS,2,224618,010826,0.00,0.00,0.00,0.00,0.00,0.00,0.00,0.00,*68
$GPNVS,3,224618,010826,+0.38,,,+4.32,-4.09,,,,1,+36.12,*6B
$GPNVS,4,224618,010826,0.00,0.00,,,,,,,*6E
$GPNVS,5,224618,010826,5C9,0,0,+36.12,00000,00000,*23
$GPNVS,6,0,A,0,0x00000,0x20,,0x00,00,,0x00000,,*05
$GPNVS,7,224618,010826,A,13,0x00,0,1,0,393218,+4.32,-4.10*53
$GPNVS,9,+10000000.000,+1.87501,+10000000.00,15,+0.000,+0.39,,+36.12,50.0,99.0,*62
$GPNVS,10,1,0,0,+5,+5,2,100,0.5,3,2,30,1,+0,1.0,20,+14,1,2,8000*64
$GPNVS,1,224619,010826,A,N,0,N,0x00000,0x20,0x00,1,N*1E
$GPNVS,2,224619,010826,0.00,0.00,0.00,0.00,0.00,0.00,0.00,0.00,*69
$GPNVS,3,224619,010826,+0.38,,,+4.32,-4.09,,,,1,+36.12,*6A
$GPNVS,4,224619,010826,0.00,0.00,,,,,,,*6F
$GPNVS,5,224619,010826,5C9,0,0,+36.12,00000,00000,*22
$GPNVS,6,0,A,0,0x00000,0x20,,0x00,00,,0x00000,,*05
$GPNVS,7,224619,010826,A,13,0x00,0,1,0,393218,+4.32,-4.10*52
$GPNVS,9,+10000000.000,+1.87501,+10000000.00,15,+0.000,+0.39,,+36.12,50.0,99.0,*62
$GPNVS,10,1,0,0,+5,+5,2,100,0.5,3,2,30,1,+0,1.0,20,+14,1,2,8000*64
$GPNVS,1,224620,010826,A,N,0,N,0x00000,0x20,0x00,1,N*14
$GPNVS,2,224620,010826,0.00,0.00,0.00,0.00,0.00,0.00,0.00,0.00,*63
$GPNVS,3,224620,010826,+0.38,,,+4.32,-4.09,,,,1,+36.12,*60
$GPNVS,4,224620,010826,0.00,0.00,,,,,,,*65
$GPNVS,5,224620,010826,5C9,0,0,+36.12,00000,00000,*28
$GPNVS,6,0,A,0,0x00000,0x20,,0x00,00,,0x00000,,*05
$GPNVS,7,224620,010826,A,13,0x00,0,1,0,393218,+4.32,-4.10*58
$GPNVS,9,+10000000.000,+1.87501,+10000000.00,15,+0.000,+0.39,,+36.12,50.0,99.0,*62
$GPNVS,10,1,0,0,+5,+5,2,100,0.5,3,2,30,1,+0,1.0,20,-6,1,2,8000*51
$GPNVS,1,224621,010826,A,N,0,N,0x00000,0x20,0x00,1,N*15
$GPNVS,2,224621,010826,0.00,0.00,0.00,0.00,0.00,0.00,0.00,0.00,*62
$GPNVS,3,224621,010826,+0.38,,,+4.32,-4.09,,,,1,+36.12,*61
$GPNVS,4,224621,010826,0.00,0.00,,,,,,,*64
$GPNVS,5,224621,010826,5C9,0,0,+36.12,00000,00000,*29
$GPNVS,6,0,A,0,0x00000,0x20,,0x00,00,,0x00000,,*05
$GPNVS,7,224621,010826,A,13,0x00,0,1,0,393218,+4.32,-4.10*59
$GPNVS,9,+10000000.001,+1.87501,+10000000.00,15,+0.000,+0.39,,+36.12,50.0,99.0,*63
$GPNVS,10,1,0,0,+5,+5,2,100,0.5,3,2,30,1,+0,1.0,20,-6,1,2,8000*51
$GPNVS,1,224622,010826,A,N,0,N,0x00000,0x20,0x00,1,N*16
$GPNVS,2,224622,010826,0.00,0.00,0.00,0.00,0.00,0.00,0.00,0.00,*61
$GPNVS,3,224622,010826,+0.38,,,+4.32,-4.11,,,,1,+36.12,*6B
$GPNVS,4,224622,010826,0.00,0.00,,,,,,,*67
$GPNVS,5,224622,010826,5C9,0,0,+36.12,00000,00000,*2A
$GPNVS,6,0,A,0,0x00000,0x20,,0x00,00,,0x00000,,*05
$GPNVS,7,224622,010826,A,13,0x00,0,1,0,393218,+4.32,-4.11*5B
$GPNVS,9,+10000000.000,+1.87501,+10000000.00,15,+0.000,+0.39,,+36.12,50.0,99.0,*62
$GPNVS,10,1,0,0,+5,+5,2,100,0.5,3,2,30,1,+0,1.0,20,-6,1,2,8000*51
$GPNVS,99,,,*5C
$GPNVS,1,224623,010826,A,N,0,N,0x00000,0x20,0x00,1,N*17
$GPNVS,2,224623,010826,0.00,0.00,0.00,0.00,0.00,0.00,0.00,0.00,*60
$GPNVS,3,224623,010826,+0.38,,,+4.32,-4.11,,,,1,+36.12,*6A
$GPNVS,4,224623,010826,0.00,0.00,,,,,,,*66
$GPNVS,5,224623,010826,5C9,0,0,+36.12,00000,00000,*2B
$GPNVS,6,0,A,0,0x00000,0x20,,0x00,00,,0x00000,,*05
$GPNVS,7,224623,010826,A,13,0x00,0,1,0,393218,+4.32,-4.11*5A
$GPNVS,9,+10000000.001,+1.87501,+10000000.00,15,+0.000,+0.39,,+36.12,50.0,99.0,*63
$GPNVS,10,1,0,0,+5,+5,2,100,0.5,3,2,30,1,+0,1.0,20,-6,1,2,8000*51
$GPNVS,1,224624,010826,A,N,0,N,0x00000,0x20,0x00,1,N*10
$GPNVS,2,224624,010826,0.00,0.00,0.00,0.00,0.00,0.00,0.00,0.00,*67
$GPNVS,3,224624,010826,+0.38,,,+4.32,-4.09,,,,1,+36.12,*64
$GPNVS,4,224624,010826,0.00,0.00,,,,,,,*61
$GPNVS,5,224624,010826,5C9,0,0,+36.12,00000,00000,*2C
$GPNVS,6,0,A,0,0x00000,0x20,,0x00,00,,0x00000,,*05
$GPNVS,7,224624,010826,A,13,0x00,0,1,0,393218,+4.32,-4.10*5C
$GPNVS,9,+10000000.000,+1.87501,+10000000.00,15,+0.000,+0.39,,+36.12,50.0,99.0,*62
$GPNVS,10,1,0,0,+5,+5,2,100,0.5,3,2,30,1,+0,1.0,20,-6,1,2,8000*51
$GPNVS,1,224625,010826,A,N,0,N,0x00000,0x20,0x00,1,N*11
$GPNVS,2,224625,010826,0.00,0.00,0.00,0.00,0.00,0.00,0.00,0.00,*66
$GPNVS,3,224625,010826,+0.38,,,+4.32,-4.09,,,,1,+36.12,*65
$GPNVS,4,224625,010826,0.00,0.00,,,,,,,*60
$GPNVS,5,224625,010826,5C9,0,0,+36.12,00000,00000,*2D
$GPNVS,6,0,A,0,0x00000,0x20,,0x00,00,,0x00000,,*05
$GPNVS,7,224625,010826,A,13,0x00,0,1,0,393218,+4.32,-4.10*5D
$GPNVS,9,+10000000.000,+1.87501,+10000000.00,15,+0.000,+0.39,,+36.12,50.0,99.0,*62
$GPNVS,10,1,0,0,+5,+5,2,100,0.5,3,2,30,1,+0,1.0,20,-6,1,2,8000*51
$GPNVS,1,224626,010826,A,N,0,N,0x00000,0x20,0x00,1,N*12
$GPNVS,2,224626,010826,0.00,0.00,0.00,0.00,0.00,0.00,0.00,0.00,*65
$GPNVS,3,224626,010826,+0.38,,,+4.32,-4.11,,,,1,+36.12,*6F
$GPNVS,4,224626,010826,0.00,0.00,,,,,,,*63
$GPNVS,5,224626,010826,5C9,0,0,+36.12,00000,00000,*2E
$GPNVS,6,0,A,0,0x00000,0x20,,0x00,00,,0x00000,,*05
$GPNVS,7,224626,010826,A,13,0x00,0,1,0,393218,+4.32,-4.11*5F
$GPNVS,9,+10000000.000,+1.87501,+10000000.00,15,+0.000,+0.39,,+36.12,50.0,99.0,*62
$GPNVS,10,1,0,0,+5,+5,2,100,0.5,3,2,30,1,+0,1.0,20,-6,1,2,8000*51
$GPNVS,1,224627,010826,A,N,0,N,0x00000,0x20,0x00,1,N*13
$GPNVS,2,224627,010826,0.00,0.00,0.00,0.00,0.00,0.00,0.00,0.00,*64
$GPNVS,3,224627,010826,+0.38,,,+4.32,-4.09,,,,1,+36.12,*67
$GPNVS,4,224627,010826,0.00,0.00,,,,,,,*62
$GPNVS,5,224627,010826,5C9,0,0,+36.12,00000,00000,*2F
$GPNVS,6,0,A,0,0x00000,0x20,,0x00,00,,0x00000,,*05
$GPNVS,7,224627,010826,A,13,0x00,0,1,0,393218,+4.32,-4.10*5F
$GPNVS,9,+10000000.000,+1.87501,+10000000.00,15,+0.000,+0.39,,+36.12,50.0,99.0,*62
$GPNVS,10,1,0,0,+5,+5,2,100,0.5,3,2,30,1,+0,1.0,20,-6,1,2,8000*51
$GPNVS,1,224628,010826,A,N,0,N,0x00000,0x20,0x00,1,N*1C
$GPNVS,2,224628,010826,0.00,0.00,0.00,0.00,0.00,0.00,0.00,0.00,*6B
$GPNVS,3,224628,010826,+0.38,,,+4.32,-4.09,,,,1,+36.12,*68
$GPNVS,4,224628,010826,0.00,0.00,,,,,,,*6D
$GPNVS,5,224628,010826,5C9,0,0,+36.12,00000,00000,*20
$GPNVS,6,0,A,0,0x00000,0x20,,0x00,00,,0x00000,,*05
$GPNVS,7,224628,010826,A,13,0x00,0,1,0,393218,+4.32,-4.10*50
$GPNVS,9,+10000000.000,+1.87501,+10000000.00,15,+0.000,+0.39,,+36.12,50.0,99.0,*62
$GPNVS,10,1,0,0,+5,+5,2,100,0.5,3,2,30,1,+0,1.0,20,-6,1,2,8000*51
$GPNVS,1,224629,010826,A,N,0,N,0x00000,0x20,0x00,1,N*1D
$GPNVS,2,224629,010826,0.00,0.00,0.00,0.00,0.00,0.00,0.00,0.00,*6A
$GPNVS,3,224629,010826,+0.38,,,+4.32,-4.11,,,,1,+36.12,*60
$GPNVS,4,224629,010826,0.00,0.00,,,,,,,*6C
$GPNVS,5,224629,010826,5C9,0,0,+36.12,00000,00000,*21
$GPNVS,6,0,A,0,0x00000,0x20,,0x00,00,,0x00000,,*05
$GPNVS,7,224629,010826,A,13,0x00,0,2,0,393218,+4.32,-4.11*53
$GPNVS,9,+10000000.000,+1.87501,+9999999.949,15,+0.000,+0.39,,+36.12,50.0,99.0,*6E
$GPNVS,10,1,0,0,+10,+5,2,100,0.5,3,2,30,1,+0,1.0,20,-6,1,2,8000*65
$GPNVS,1,224630,010826,A,N,0,N,0x00000,0x20,0x00,1,N*15
$GPNVS,2,224630,010826,0.00,0.00,0.00,0.00,0.00,0.00,0.00,0.00,*62
$GPNVS,3,224630,010826,+0.38,,,+4.32,-4.09,,,,1,+36.12,*61
$GPNVS,4,224630,010826,0.00,0.00,,,,,,,*64
$GPNVS,5,224630,010826,5C9,0,0,+36.12,00000,00000,*29
$GPNVS,6,0,A,0,0x00000,0x20,,0x00,00,,0x00000,,*05
$GPNVS,7,224630,010826,A,13,0x00,0,1,0,393218,+4.32,-4.10*59
$GPNVS,9,+10000000.000,+1.87501,+10000000.05,15,+0.000,+0.39,,+36.12,50.0,99.0,*67
$GPNVS,10,1,0,0,+5,+5,2,100,0.5,3,2,30,1,+0,1.0,20,-6,1,2,8000*51
$GPNVS,1,224631,010826,A,N,0,N,0x00000,0x20,0x00,1,N*14
$GPNVS,2,224631,010826,0.00,0.00,0.00,0.00,0.00,0.00,0.00,0.00,*63
$GPNVS,3,224631,010826,+0.38,,,+4.32,-4.09,,,,1,+36.12,*60
$GPNVS,4,224631,010826,0.00,0.00,,,,,,,*65
$GPNVS,5,224631,010826,5C9,0,0,+36.12,00000,00000,*28
$GPNVS,6,0,A,0,0x00000,0x20,,0x00,00,,0x00000,,*05
$GPNVS,7,224631,010826,A,13,0x00,0,1,0,393218,+4.32,-4.10*58
$GPNVS,9,+10000000.000,+1.87501,+10000000.00,15,+0.000,+0.39,,+36.12,50.0,99.0,*62
$GPNVS,10,1,0,0,+5,+5,2,100,0.5,3,2,30,1,+0,1.0,20,+10,1,2,8000*60
$GPNVS,1,224632,010826,A,N,0,N,0x00000,0x20,0x00,1,N*17
$GPNVS,2,224632,010826,0.00,0.00,0.00,0.00,0.00,0.00,0.00,0.00,*60
$GPNVS,3,224632,010826,+0.38,,,+4.32,-4.09,,,,1,+36.12,*63
$GPNVS,4,224632,010826,0.00,0.00,,,,,,,*66
$GPNVS,5,224632,010826,5C9,0,0,+36.12,00000,00000,*2B
$GPNVS,6,0,A,0,0x00000,0x20,,0x00,00,,0x00000,,*05
$GPNVS,7,224632,010826,A,13,0x00,0,2,0,393218,+4.32,-4.10*58
$GPNVS,9,+10000000.000,+1.87501,+9999999.949,15,+0.000,+0.39,,+36.12,50.0,99.0,*6E
$GPNVS,10,1,0,0,+10,+5,2,100,0.5,3,2,30,1,+0,1.0,20,+10,1,2,8000*54
$GPNVS,1,224633,010826,A,N,0,N,0x00000,0x20,0x00,1,N*16
$GPNVS,2,224633,010826,0.00,0.00,0.00,0.00,0.00,0.00,0.00,0.00,*61
$GPNVS,3,224633,010826,+0.38,,,+4.32,-4.11,,,,1,+36.12,*6B
$GPNVS,4,224633,010826,0.00,0.00,,,,,,,*67
$GPNVS,5,224633,010826,5C9,0,0,+36.12,00000,00000,*2A
$GPNVS,6,0,A,0,0x00000,0x20,,0x00,00,,0x00000,,*05
$GPNVS,7,224633,010826,A,13,0x00,0,2,0,393218,+4.32,-4.11*58
$GPNVS,9,+9999999.9989,+1.87501,+10000000.00,15,+0.000,+0.39,,+36.12,50.0,99.0,*6B
$GPNVS,10,1,0,0,+10,+10,2,100,0.5,3,2,30,1,+0,1.0,20,+10,1,2,8000*60
$GPNVS,1,224634,010826,A,N,0,N,0x00000,0x20,0x00,1,N*11
$GPNVS,2,224634,010826,0.00,0.00,0.00,0.00,0.00,0.00,0.00,0.00,*66
$GPNVS,3,224634,010826,+0.38,,,+4.32,-4.09,,,,1,+36.12,*65
$GPNVS,4,224634,010826,0.00,0.00,,,,,,,*60
$GPNVS,5,224634,010826,5C9,0,0,+36.12,00000,00000,*2D
$GPNVS,6,0,A,0,0x00000,0x20,,0x00,00,,0x00000,,*05
$GPNVS,7,224634,010826,A,13,0x00,0,1,0,393218,+4.32,-4.10*5D
$GPNVS,9,+10000000.000,+1.87501,+10000000.05,15,+0.000,+0.39,,+36.12,50.0,99.0,*67
$GPNVS,10,1,0,0,+5,+5,2,100,0.5,3,2,30,1,+0,1.0,20,+10,1,2,8000*60
$GPNVS,1,224635,010826,A,N,0,N,0x00000,0x20,0x00,1,N*10
$GPNVS,2,224635,010826,0.00,0.00,0.00,0.00,0.00,0.00,0.00,0.00,*67
$GPNVS,3,224635,010826,+0.38,,,+4.32,-4.09,,,,1,+36.12,*64
$GPNVS,4,224635,010826,0.00,0.00,,,,,,,*61
$GPNVS,5,224635,010826,5C9,0,0,+36.12,00000,00000,*2C
$GPNVS,6,0,A,0,0x00000,0x20,,0x00,00,,0x00000,,*05
$GPNVS,7,224635,010826,A,13,0x00,0,1,0,393218,+4.32,-4.10*5C
$GPNVS,9,+10000000.001,+1.87501,+10000000.00,15,+0.000,+0.39,,+36.12,50.0,99.0,*63
$GPNVS,10,1,0,0,+5,+5,2,100,0.5,3,2,30,1,+0,1.0,20,+10,1,2,8000*60
$GPNVS,1,224636,010826,A,N,0,N,0x00000,0x20,0x00,1,N*13
$GPNVS,2,224636,010826,0.00,0.00,0.00,0.00,0.00,0.00,0.00,0.00,*64
$GPNVS,3,224636,010826,+0.38,,,+4.32,-4.11,,,,1,+36.12,*6E
$GPNVS,4,224636,010826,0.00,0.00,,,,,,,*62
$GPNVS,5,224636,010826,5C9,0,0,+36.12,00000,00000,*2F
$GPNVS,6,0,A,0,0x00000,0x20,,0x00,00,,0x00000,,*05
$GPNVS,7,224636,010826,A,13,0x00,0,2,0,393218,+4.32,-4.11*5D
$GPNVS,9,+9999999.9989,+1.87501,+9999999.949,15,+0.000,+0.39,,+36.12,50.0,99.0,*67
$GPNVS,10,1,0,0,+10,+5,2,100,0.5,3,2,30,1,+0,1.0,20,+10,1,2,8000*54
$GPNVS,1,224637,010826,A,N,0,N,0x00000,0x20,0x00,1,N*12
$GPNVS,2,224637,010826,0.00,0.00,0.00,0.00,0.00,0.00,0.00,0.00,*65
$GPNVS,3,224637,010826,+0.38,,,+4.32,-4.09,,,,1,+36.12,*66
$GPNVS,4,224637,010826,0.00,0.00,,,,,,,*63
$GPNVS,5,224637,010826,5C9,0,0,+36.12,00000,00000,*2E
$GPNVS,6,0,A,0,0x00000,0x20,,0x00,00,,0x00000,,*05
$GPNVS,7,224637,010826,A,13,0x00,0,2,2,393220,+4.32,-4.10*54
$GPNVS,9,+9999999.9989,+1.87502,+10000000.00,15,+0.000,+0.39,,+36.12,50.0,99.0,*68
$GPNVS,10,1,0,0,+10,+10,2,100,0.5,3,2,30,1,+1,1.0,20,+10,1,2,8000*61
$GPNVS,99,,,*5C
$GPNVS,1,224638,010826,A,N,0,N,0x00000,0x20,0x00,1,N*1D
$GPNVS,2,224638,010826,0.00,0.00,0.00,0.00,0.00,0.00,0.00,0.00,*6A
$GPNVS,3,224638,010826,+0.38,,,+4.32,-4.09,,,,1,+36.12,*69
$GPNVS,4,224638,010826,0.00,0.00,,,,,,,*6C
$GPNVS,5,224638,010826,5C9,0,0,+36.12,00000,00000,*21
$GPNVS,6,0,A,0,0x00000,0x20,,0x00,00,,0x00000,,*05
$GPNVS,7,224638,010826,A,13,0x00,0,2,0,393220,+4.32,-4.10*59
$GPNVS,9,+9999999.9989,+1.87502,+10000000.00,15,+0.000,+0.39,,+36.12,50.0,99.0,*68
$GPNVS,10,1,0,0,+10,+10,2,100,0.5,3,2,30,1,+1,1.0,20,+10,1,2,8000*61
$GPNVS,1,224639,010826,A,N,0,N,0x00000,0x20,0x00,1,N*1C
$GPNVS,2,224639,010826,0.00,0.00,0.00,0.00,0.00,0.00,0.00,0.00,*6B
$GPNVS,3,224639,010826,+0.38,,,+4.32,-4.09,,,,1,+36.12,*68
$GPNVS,4,224639,010826,0.00,0.00,,,,,,,*6D
$GPNVS,5,224639,010826,5C9,0,0,+36.12,00000,00000,*20
$GPNVS,6,0,A,0,0x00000,0x20,,0x00,00,,0x00000,,*05
$GPNVS,7,224639,010826,A,13,0x00,0,1,0,393220,+4.32,-4.10*5B
$GPNVS,9,+10000000.001,+1.87502,+10000000.05,15,+0.000,+0.39,,+36.12,50.0,99.0,*65
$GPNVS,10,1,0,0,+5,+5,2,100,0.5,3,2,30,1,+1,1.0,20,+10,1,2,8000*61
$GPNVS,1,224640,010826,A,N,0,N,0x00000,0x20,0x00,1,N*12
$GPNVS,2,224640,010826,0.00,0.00,0.00,0.00,0.00,0.00,0.00,0.00,*65
$GPNVS,3,224640,010826,+0.38,,,+4.32,-4.11,,,,1,+36.12,*6F
$GPNVS,4,224640,010826,0.00,0.00,,,,,,,*63
$GPNVS,5,224640,010826,5C9,0,0,+36.12,00000,00000,*2E
$GPNVS,6,0,A,0,0x00000,0x20,,0x00,00,,0x00000,,*05
$GPNVS,7,224640,010826,A,13,0x00,0,2,1,393221,+4.32,-4.11*57
$GPNVS,9,+9999999.9989,+1.87502,+9999999.949,15,+0.000,+0.39,,+36.12,50.0,99.0,*64
$GPNVS,10,1,0,0,+10,+5,2,100,0.5,3,2,30,1,+1,1.0,20,+10,1,2,8000*55
$GPNVS,1,224641,010826,A,N,0,N,0x00000,0x20,0x00,1,N*13
$GPNVS,2,224641,010826,0.00,0.00,0.00,0.00,0.00,0.00,0.00,0.00,*64
$GPNVS,3,224641,010826,+0.38,,,+4.32,-4.11,,,,1,+36.12,*6E
$GPNVS,4,224641,010826,0.00,0.00,,,,,,,*62
$GPNVS,5,224641,010826,5C9,0,0,+36.12,00000,00000,*2F
$GPNVS,6,0,A,0,0x00000,0x20,,0x00,00,,0x00000,,*05
$GPNVS,7,224641,010826,A,13,0x00,0,2,0,393221,+4.32,-4.11*57
$GPNVS,9,+9999999.9989,+1.87502,+10000000.00,15,+0.000,+0.39,,+36.12,50.0,99.0,*68
$GPNVS,10,1,0,0,+10,+10,2,100,0.5,3,2,30,1,+1,1.0,20,+10,1,2,8000*61
$GPNVS,1,224642,010826,A,N,0,N,0x00000,0x20,0x00,1,N*10
$GPNVS,2,224642,010826,0.00,0.00,0.00,0.00,0.00,0.00,0.00,0.00,*67
$GPNVS,3,224642,010826,+0.38,,,+4.32,-4.09,,,,1,+36.12,*64
$GPNVS,4,224642,010826,0.00,0.00,,,,,,,*61
$GPNVS,5,224642,010826,5C9,0,0,+36.12,00000,00000,*2C
$GPNVS,6,0,A,0,0x00000,0x20,,0x00,00,,0x00000,,*05
$GPNVS,7,224642,010826,A,13,0x00,0,2,0,393221,+4.32,-4.10*55
$GPNVS,9,+9999999.9989,+1.87502,+10000000.00,15,+0.000,+0.39,,+36.12,50.0,99.0,*68
$GPNVS,10,1,0,0,+10,+10,2,100,0.5,3,2,30,1,+1,1.0,20,-10,1,2,8000*67
$GPNVS,1,224643,010826,A,N,0,N,0x00000,0x20,0x00,1,N*11
$GPNVS,2,224643,010826,0.00,0.00,0.00,0.00,0.00,0.00,0.00,0.00,*66
$GPNVS,3,224643,010826,+0.38,,,+4.32,-4.11,,,,1,+36.12,*6C
$GPNVS,4,224643,010826,0.00,0.00,,,,,,,*60
$GPNVS,5,224643,010826,5C9,0,0,+36.12,00000,00000,*2D
$GPNVS,6,0,A,0,0x00000,0x20,,0x00,00,,0x00000,,*05
$GPNVS,7,224643,010826,A,13,0x00,0,2,2,393223,+4.32,-4.11*55
$GPNVS,9,+9999999.9989,+1.87503,+10000000.00,15,+0.000,+0.39,,+36.12,50.0,99.0,*69
$GPNVS,10,1,0,0,+10,+10,2,100,0.5,3,2,30,1,+1,1.0,20,-10,1,2,8000*67
$GPNVS,1,224644,010826,A,N,0,N,0x00000,0x20,0x00,1,N*16
$GPNVS,2,224644,010826,0.00,0.00,0.00,0.00,0.00,0.00,0.00,0.00,*61
$GPNVS,3,224644,010826,+0.38,,,+4.32,-4.11,,,,1,+36.12,*6B
$GPNVS,4,224644,010826,0.00,0.00,,,,,,,*67
$GPNVS,5,224644,010826,5C9,0,0,+36.12,00000,00000,*2A
$GPNVS,6,0,A,0,0x00000,0x20,,0x00,00,,0x00000,,*05
$GPNVS,7,224644,010826,A,13,0x00,0,2,0,393223,+4.32,-4.11*50
$GPNVS,9,+9999999.9989,+1.87503,+10000000.00,15,+0.000,+0.39,,+36.12,50.0,99.0,*69
$GPNVS,10,1,0,0,+10,+10,2,100,0.5,3,2,30,1,+1,1.0,20,-10,1,2,8000*67
$GPNVS,1,224645,010826,A,N,0,N,0x00000,0x20,0x00,1,N*17
$GPNVS,2,224645,010826,0.00,0.00,0.00,0.00,0.00,0.00,0.00,0.00,*60
$GPNVS,3,224645,010826,+0.38,,,+4.32,-4.11,,,,1,+36.12,*6A
$GPNVS,4,224645,010826,0.00,0.00,,,,,,,*66
$GPNVS,5,224645,010826,5C9,0,0,+36.12,00000,00000,*2B
$GPNVS,6,0,A,0,0x00000,0x20,,0x00,00,,0x00000,,*05
$GPNVS,7,224645,010826,A,12,0x00,1,2,1,393224,+4.32,-4.11*57
$GPNVS,9,+9999999.9989,+1.87503,+10000000.00,15,+0.000,+0.39,,+36.12,50.0,99.0,*69
$GPNVS,10,1,0,0,+10,+10,2,100,0.5,3,2,30,1,+1,1.0,20,-10,1,2,8000*67
$GPNVS,1,224646,010826,A,N,0,N,0x00000,0x20,0x00,1,N*14
$GPNVS,2,224646,010826,0.00,0.00,0.00,0.00,0.00,0.00,0.00,0.00,*63
$GPNVS,3,224646,010826,+0.38,,,+4.32,-4.11,,,,1,+36.12,*69
$GPNVS,4,224646,010826,0.00,0.00,,,,,,,*65
$GPNVS,5,224646,010826,5C9,0,0,+36.12,00000,00000,*28
$GPNVS,6,0,A,0,0x00000,0x20,,0x00,00,,0x00000,,*05
$GPNVS,7,224646,010826,A,12,0x00,1,2,2,393226,+4.32,-4.11*55
$GPNVS,9,+9999999.9989,+1.87504,+10000000.00,15,+0.000,+0.39,,+36.12,50.0,99.0,*6E
$GPNVS,10,1,0,0,+10,+10,2,100,0.5,3,2,30,1,+1,1.0,20,-10,1,2,8000*67
$GPNVS,1,224647,010826,A,N,0,N,0x00000,0x20,0x00,1,N*15
$GPNVS,2,224647,010826,0.00,0.00,0.00,0.00,0.00,0.00,0.00,0.00,*62
$GPNVS,3,224647,010826,+0.38,,,+4.32,-4.11,,,,1,+36.12,*68
$GPNVS,4,224647,010826,0.00,0.00,,,,,,,*64
$GPNVS,5,224647,010826,5C9,0,0,+36.12,00000,00000,*29
$GPNVS,6,0,A,0,0x00000,0x20,,0x00,00,,0x00000,,*05
$GPNVS,7,224647,010826,A,12,0x00,1,2,0,393226,+4.32,-4.11*56
$GPNVS,9,+9999999.9989,+1.87504,+10000000.00,15,+0.000,+0.39,,+36.12,50.0,99.0,*6E
$GPNVS,10,1,0,0,+10,+10,2,100,0.5,3,2,30,1,+1,1.0,20,-10,1,2,8000*67
$GPNVS,1,224648,010826,A,N,0,N,0x00000,0x20,0x00,1,N*1A
$GPNVS,2,224648,010826,0.00,0.00,0.00,0.00,0.00,0.00,0.00,0.00,*6D
$GPNVS,3,224648,010826,+0.38,,,+4.32,-4.11,,,,1,+36.12,*67
$GPNVS,4,224648,010826,0.00,0.00,,,,,,,*6B
$GPNVS,5,224648,010826,5C9,0,0,+36.12,00000,00000,*26
$GPNVS,6,0,A,0,0x00000,0x20,,0x00,00,,0x00000,,*05
$GPNVS,7,224648,010826,A,12,0x00,1,2,0,393226,+4.32,-4.11*59
$GPNVS,9,+9999999.9989,+1.87504,+10000000.00,15,+0.000,+0.39,,+36.12,50.0,99.0,*6E
$GPNVS,10,1,0,0,+10,+10,2,100,0.5,3,2,30,1,+1,1.0,20,-10,1,2,8000*67
$GPNVS,1,224649,010826,A,N,0,N,0x00000,0x20,0x00,1,N*1B
$GPNVS,2,224649,010826,0.00,0.00,0.00,0.00,0.00,0.00,0.00,0.00,*6C
$GPNVS,3,224649,010826,+0.38,,,+4.32,-4.11,,,,1,+36.12,*66
$GPNVS,4,224649,010826,0.00,0.00,,,,,,,*6A
$GPNVS,5,224649,010826,5C9,0,0,+36.12,00000,00000,*27
$GPNVS,6,0,A,0,0x00000,0x20,,0x00,00,,0x00000,,*05
$GPNVS,7,224649,010826,A,12,0x00,1,2,2,393228,+4.32,-4.11*54
$GPNVS,9,+9999999.9989,+1.87505,+10000000.00,15,+0.000,+0.39,,+36.12,50.0,99.0,*6F
$GPNVS,10,1,0,0,+10,+10,2,100,0.5,3,2,30,1,+1,1.0,20,-10,1,2,8000*67
$GPNVS,1,224650,010826,A,N,0,N,0x00000,0x20,0x00,1,N*13
$GPNVS,2,224650,010826,0.00,0.00,0.00,0.00,0.00,0.00,0.00,0.00,*64
$GPNVS,3,224650,010826,+0.38,,,+4.32,-4.11,,,,1,+36.12,*6E
$GPNVS,4,224650,010826,0.00,0.00,,,,,,,*62
$GPNVS,5,224650,010826,5C9,0,0,+36.12,00000,00000,*2F
$GPNVS,6,0,A,0,0x00000,0x20,,0x00,00,,0x00000,,*05
$GPNVS,7,224650,010826,A,12,0x00,1,2,0,393228,+4.32,-4.11*5E
$GPNVS,9,+9999999.9989,+1.87505,+10000000.00,15,+0.000,+0.39,,+36.12,50.0,99.0,*6F
$GPNVS,10,1,0,0,+10,+10,2,100,0.5,3,2,30,1,+0,1.0,20,-10,1,2,8000*66
$GPNVS,1,224651,010826,A,N,0,N,0x00000,0x20,0x00,1,N*12
$GPNVS,2,224651,010826,0.00,0.00,0.00,0.00,0.00,0.00,0.00,0.00,*65
$GPNVS,3,224651,010826,+0.38,,,+4.32,-4.09,,,,1,+36.12,*66
$GPNVS,4,224651,010826,0.00,0.00,,,,,,,*63
$GPNVS,5,224651,010826,5C9,0,0,+36.12,00000,00000,*2E
$GPNVS,6,0,A,0,0x00000,0x20,,0x00,00,,0x00000,,*05
$GPNVS,7,224651,010826,A,12,0x00,1,2,0,393228,+4.32,-4.10*5E
$GPNVS,9,+9999999.9989,+1.87505,+10000000.00,15,+0.000,+0.39,,+36.12,50.0,99.0,*6F
$GPNVS,10,1,0,0,+10,+10,2,100,0.5,3,2,30,1,+0,1.0,20,-10,1,2,8000*66
$GPNVS,1,224652,010826,A,N,0,N,0x00000,0x20,0x00,1,N*11
$GPNVS,2,224652,010826,0.00,0.00,0.00,0.00,0.00,0.00,0.00,0.00,*66
$GPNVS,3,224652,010826,+0.38,,,+4.32,-4.11,,,,1,+36.12,*6C
$GPNVS,4,224652,010826,0.00,0.00,,,,,,,*60
$GPNVS,5,224652,010826,5C9,0,0,+36.12,00000,00000,*2D
$GPNVS,6,0,A,0,0x00000,0x20,,0x00,00,,0x00000,,*05
$GPNVS,7,224652,010826,A,12,0x00,1,2,1,393229,+4.32,-4.11*5C
$GPNVS,9,+9999999.9989,+1.87506,+10000000.00,15,+0.000,+0.39,,+36.12,50.0,99.0,*6C
$GPNVS,10,1,0,0,+10,+10,2,100,0.5,3,2,30,1,+0,1.0,20,+6,1,2,8000*57
$GPNVS,99,,,*5C
$GPNVS,1,224653,010826,A,N,0,N,0x00000,0x20,0x00,1,N*10
$GPNVS,2,224653,010826,0.00,0.00,0.00,0.00,0.00,0.00,0.00,0.00,*67
$GPNVS,3,224653,010826,+0.38,,,+4.32,-4.09,,,,1,+36.12,*64
$GPNVS,4,224653,010826,0.00,0.00,,,,,,,*61
$GPNVS,5,224653,010826,5C9,0,0,+36.12,00000,00000,*2C
$GPNVS,6,0,A,0,0x00000,0x20,,0x00,00,,0x00000,,*05
$GPNVS,7,224653,010826,A,12,0x00,1,2,0,393229,+4.32,-4.10*5D
$GPNVS,9,+9999999.9989,+1.87506,+10000000.00,15,+0.000,+0.39,,+36.12,50.0,99.0,*6C
$GPNVS,10,1,0,0,+10,+10,2,100,0.5,3,2,30,1,+0,1.0,20,+6,1,2,8000*57
$GPNVS,1,224654,010826,A,N,0,N,0x00000,0x20,0x00,1,N*17
$GPNVS,2,224654,010826,0.00,0.00,0.00,0.00,0.00,0.00,0.00,0.00,*60
$GPNVS,3,224654,010826,+0.38,,,+4.32,-4.09,,,,1,+36.12,*63
$GPNVS,4,224654,010826,0.00,0.00,,,,,,,*66
$GPNVS,5,224654,010826,5C9,0,0,+36.12,00000,00000,*2B
$GPNVS,6,0,A,0,0x00000,0x20,,0x00,00,,0x00000,,*05
$GPNVS,7,224654,010826,A,12,0x00,1,2,0,393229,+4.32,-4.10*5A
$GPNVS,9,+9999999.9989,+1.87506,+10000000.00,15,+0.000,+0.39,,+36.12,50.0,99.0,*6C
$GPNVS,10,1,0,0,+10,+10,2,100,0.5,3,2,30,1,+0,1.0,20,+6,1,2,8000*57
$GPNVS,1,224655,010826,A,N,0,N,0x00000,0x20,0x00,1,N*16
$GPNVS,2,224655,010826,0.00,0.00,0.00,0.00,0.00,0.00,0.00,0.00,*61
$GPNVS,3,224655,010826,+0.38,,,+4.32,-4.09,,,,1,+36.12,*62
$GPNVS,4,224655,010826,0.00,0.00,,,,,,,*67
$GPNVS,5,224655,010826,5C9,0,0,+36.12,00000,00000,*2A
$GPNVS,6,0,A,0,0x00000,0x20,,0x00,00,,0x00000,,*05
$GPNVS,7,224655,010826,A,12,0x00,1,2,1,393230,+4.32,-4.10*52
$GPNVS,9,+9999999.9989,+1.87506,+10000000.00,15,+0.000,+0.39,,+36.12,50.0,99.0,*6C
$GPNVS,10,1,0,0,+10,+10,2,100,0.5,3,2,30,1,+0,1.0,20,+6,1,2,8000*57
$GPNVS,1,224656,010826,A,N,0,N,0x00000,0x20,0x00,1,N*15
$GPNVS,2,224656,010826,0.00,0.00,0.00,0.00,0.00,0.00,0.00,0.00,*62
$GPNVS,3,224656,010826,+0.38,,,+4.32,-4.09,,,,1,+36.12,*61
$GPNVS,4,224656,010826,0.00,0.00,,,,,,,*64
$GPNVS,5,224656,010826,5C9,0,0,+36.12,00000,00000,*29
$GPNVS,6,0,A,0,0x00000,0x20,,0x00,00,,0x00000,,*05
$GPNVS,7,224656,010826,A,12,0x00,1,2,0,393230,+4.32,-4.10*50
$GPNVS,9,+9999999.9989,+1.87506,+10000000.00,15,+0.000,+0.39,,+36.12,50.0,99.0,*6C
$GPNVS,10,1,0,0,+10,+10,2,100,0.5,3,2,30,1,+0,1.0,20,+6,1,2,8000*57
$GPNVS,1,224657,010826,A,N,0,N,0x00000,0x20,0x00,1,N*14
$GPNVS,2,224657,010826,0.00,0.00,0.00,0.00,0.00,0.00,0.00,0.00,*63
$GPNVS,3,224657,010826,+0.38,,,+4.32,-4.09,,,,1,+36.12,*60
$GPNVS,4,224657,010826,0.00,0.00,,,,,,,*65
$GPNVS,5,224657,010826,5C9,0,0,+36.12,00000,00000,*28
$GPNVS,6,0,A,0,0x00000,0x20,,0x00,00,,0x00000,,*05
$GPNVS,7,224657,010826,A,12,0x00,1,1,0,393230,+4.32,-4.10*52
$GPNVS,9,+10000000.000,+1.87506,+10000000.05,15,+0.000,+0.39,,+36.12,50.0,99.0,*60
$GPNVS,10,1,0,0,+5,+5,2,100,0.5,3,2,30,1,+0,1.0,20,+6,1,2,8000*57
$GPNVS,1,224658,010826,A,N,0,N,0x00000,0x20,0x00,1,N*1B
$GPNVS,2,224658,010826,0.00,0.00,0.00,0.00,0.00,0.00,0.00,0.00,*6C
$GPNVS,3,224658,010826,+0.38,,,+4.32,-4.09,,,,1,+36.12,*6F
$GPNVS,4,224658,010826,0.00,0.00,,,,,,,*6A
$GPNVS,5,224658,010826,5C9,0,0,+36.12,00000,00000,*27
$GPNVS,6,0,A,0,0x00000,0x20,,0x00,00,,0x00000,,*05
$GPNVS,7,224658,010826,A,12,0x00,1,2,0,393230,+4.32,-4.10*5E
$GPNVS,9,+9999999.9989,+1.87506,+9999999.949,15,+0.000,+0.39,,+36.12,50.0,99.0,*60
$GPNVS,10,1,0,0,+10,+5,2,100,0.5,3,2,30,1,+0,1.0,20,+6,1,2,8000*63
$GPNVS,1,224659,010826,A,N,0,N,0x00000,0x20,0x00,1,N*1A
$GPNVS,2,224659,010826,0.00,0.00,0.00,0.00,0.00,0.00,0.00,0.00,*6D
$GPNVS,3,224659,010826,+0.38,,,+4.32,-4.09,,,,1,+36.12,*6E
$GPNVS,4,224659,010826,0.00,0.00,,,,,,,*6B
$GPNVS,5,224659,010826,5C9,0,0,+36.12,00000,00000,*26
$GPNVS,6,0,A,0,0x00000,0x20,,0x00,00,,0x00000,,*05
$GPNVS,7,224659,010826,A,12,0x00,1,2,0,393230,+4.32,-4.10*5F
$GPNVS,9,+9999999.9989,+1.87506,+10000000.00,15,+0.000,+0.39,,+36.12,50.0,99.0,*6C
$GPNVS,10,1,0,0,+10,+10,2,100,0.5,3,2,30,1,+0,1.0,20,+6,1,2,8000*57
$GPNVS,1,224700,010826,A,N,0,N,0x00000,0x20,0x00,1,N*17
$GPNVS,2,224700,010826,0.00,0.00,0.00,0.00,0.00,0.00,0.00,0.00,*60
$GPNVS,3,224700,010826,+0.38,,,+4.32,-4.11,,,,1,+36.12,*6A
$GPNVS,4,224700,010826,0.00,0.00,,,,,,,*66
$GPNVS,5,224700,010826,5C9,0,0,+36.12,00000,00000,*2B
$GPNVS,6,0,A,0,0x00000,0x20,,0x00,00,,0x00000,,*05
$GPNVS,7,224700,010826,A,12,0x00,-1,1,-1,393229,+4.32,-4.11*59
$GPNVS,9,+9999999.9989,+1.87506,+10000000.05,15,+0.000,+0.39,,+36.12,50.0,99.0,*69
$GPNVS,10,1,0,0,+5,+5,2,100,0.5,3,2,30,1,+0,1.0,20,+6,1,2,8000*57
$GPNVS,1,224701,010826,A,N,0,N,0x00000,0x20,0x00,1,N*16
$GPNVS,2,224701,010826,0.00,0.00,0.00,0.00,0.00,0.00,0.00,0.00,*61
$GPNVS,3,224701,010826,+0.38,,,+4.32,-4.09,,,,1,+36.12,*62
$GPNVS,4,224701,010826,0.00,0.00,,,,,,,*67
$GPNVS,5,224701,010826,5C9,0,0,+36.12,00000,00000,*2A
$GPNVS,6,0,A,0,0x00000,0x20,,0x00,00,,0x00000,,*05
$GPNVS,7,224701,010826,A,12,0x00,-1,1,0,393229,+4.32,-4.10*75
$GPNVS,9,+10000000.000,+1.87506,+10000000.00,15,+0.000,+0.39,,+36.12,50.0,99.0,*65
$GPNVS,10,1,0,0,+5,+5,2,100,0.5,3,2,30,1,+0,1.0,20,+6,1,2,8000*57
$GPNVS,1,224702,010826,A,N,0,N,0x00000,0x20,0x00,1,N*15
$GPNVS,2,224702,010826,0.00,0.00,0.00,0.00,0.00,0.00,0.00,0.00,*62
$GPNVS,3,224702,010826,+0.38,,,+4.32,-4.09,,,,1,+36.12,*61
$GPNVS,4,224702,010826,0.00,0.00,,,,,,,*64
$GPNVS,5,224702,010826,5C9,0,0,+36.12,00000,00000,*29
$GPNVS,6,0,A,0,0x00000,0x20,,0x00,00,,0x00000,,*05
$GPNVS,7,224702,010826,A,12,0x00,-1,2,0,393229,+4.32,-4.10*75
$GPNVS,9,+9999999.9989,+1.87506,+9999999.949,15,+0.000,+0.39,,+36.12,50.0,99.0,*60
$GPNVS,10,1,0,0,+10,+5,2,100,0.5,3,2,30,1,+0,1.0,20,+6,1,2,8000*63
$GPNVS,1,224703,010826,A,N,0,N,0x00000,0x20,0x00,1,N*14
$GPNVS,2,224703,010826,0.00,0.00,0.00,0.00,0.00,0.00,0.00,0.00,*63
$GPNVS,3,224703,010826,+0.38,,,+4.32,-4.11,,,,1,+36.12,*69
$GPNVS,4,224703,010826,0.00,0.00,,,,,,,*65
$GPNVS,5,224703,010826,5C9,0,0,+36.12,00000,00000,*28
$GPNVS,6,0,A,0,0x00000,0x20,,0x00,00,,0x00000,,*05
$GPNVS,7,224703,010826,A,12,0x00,-1,2,0,393229,+4.32,-4.11*75
$GPNVS,9,+9999999.9989,+1.87506,+10000000.00,15,+0.000,+0.39,,+36.12,50.0,99.0,*6C
$GPNVS,10,1,0,0,+10,+10,2,100,0.5,3,2,30,1,+0,1.0,20,-14,1,2,8000*62
$GPNVS,1,224704,010826,A,N,0,N,0x00000,0x20,0x00,1,N*13
$GPNVS,2,224704,010826,0.00,0.00,0.00,0.00,0.00,0.00,0.00,0.00,*64
$GPNVS,3,224704,010826,+0.38,,,+4.32,-4.11,,,,1,+36.12,*6E
$GPNVS,4,224704,010826,0.00,0.00,,,,,,,*62
$GPNVS,5,224704,010826,5C9,0,0,+36.12,00000,00000,*2F
$GPNVS,6,0,A,0,0x00000,0x20,,0x00,00,,0x00000,,*05
$GPNVS,7,224704,010826,A,12,0x00,-1,2,1,393230,+4.32,-4.11*7B
$GPNVS,9,+9999999.9989,+1.87506,+10000000.00,15,+0.000,+0.39,,+36.12,50.0,99.0,*6C
$GPNVS,10,1,0,0,+10,+10,2,100,0.5,3,2,30,1,+0,1.0,20,-14,1,2,8000*62
$GPNVS,1,224705,010826,A,N,0,N,0x00000,0x20,0x00,1,N*12
$GPNVS,2,224705,010826,0.00,0.00,0.00,0.00,0.00,0.00,0.00,0.00,*65
$GPNVS,3,224705,010826,+0.38,,,+4.32,-4.11,,,,1,+36.12,*6F
$GPNVS,4,224705,010826,0.00,0.00,,,,,,,*63
$GPNVS,5,224705,010826,5C9,0,0,+36.12,00000,00000,*2E
$GPNVS,6,0,A,0,0x00000,0x20,,0x00,00,,0x00000,,*05
$GPNVS,7,224705,010826,A,12,0x00,-1,1,0,393230,+4.32,-4.11*78
$GPNVS,9,+10000000.000,+1.87506,+10000000.05,15,+0.000,+0.39,,+36.12,50.0,99.0,*60
$GPNVS,10,1,0,0,+5,+5,2,100,0.5,3,2,30,1,+0,1.0,20,-14,1,2,8000*62
$GPNVS,1,224706,010826,A,N,0,N,0x00000,0x20,0x00,1,N*11
$GPNVS,2,224706,010826,0.00,0.00,0.00,0.00,0.00,0.00,0.00,0.00,*66
$GPNVS,3,224706,010826,+0.38,,,+4.32,-4.11,,,,1,+36.12,*6C
$GPNVS,4,224706,010826,0.00,0.00,,,,,,,*60
$GPNVS,5,224706,010826,5C9,0,0,+36.12,00000,00000,*2D
$GPNVS,6,0,A,0,0x00000,0x20,,0x00,00,,0x00000,,*05
$GPNVS,7,224706,010826,A,12,0x00,-1,2,0,393230,+4.32,-4.11*78
$GPNVS,9,+9999999.9989,+1.87506,+9999999.949,15,+0.000,+0.39,,+36.12,50.0,99.0,*60
$GPNVS,10,1,0,0,+10,+5,2,100,0.5,3,2,30,1,+0,1.0,20,-14,1,2,8000*56
$GPNVS,1,224707,010826,A,N,0,N,0x00000,0x20,0x00,1,N*10
$GPNVS,2,224707,010826,0.00,0.00,0.00,0.00,0.00,0.00,0.00,0.00,*67
$GPNVS,3,224707,010826,+0.38,,,+4.32,-4.09,,,,1,+36.12,*64
$GPNVS,4,224707,010826,0.00,0.00,,,,,,,*61
$GPNVS,5,224707,010826,5C9,0,0,+36.12,00000,00000,*2C
$GPNVS,6,0,A,0,0x00000,0x20,,0x00,00,,0x00000,,*05
$GPNVS,7,224707,010826,A,12,0x00,-1,1,0,393230,+4.32,-4.10*7B
$GPNVS,9,+10000000.000,+1.87506,+10000000.05,15,+0.000,+0.39,,+36.12,50.0,99.0,*60
$GPNVS,10,1,0,0,+5,+5,2,100,0.5,3,2,30,1,+0,1.0,20,-14,1,2,8000*62
$GPNVS,99,,,*5C
$GPNVS,1,224708,010826,A,N,0,N,0x00000,0x20,0x00,1,N*1F
$GPNVS,2,224708,010826,0.00,0.00,0.00,0.00,0.00,0.00,0.00,0.00,*68
$GPNVS,3,224708,010826,+0.38,,,+4.32,-4.11,,,,1,+36.12,*62
$GPNVS,4,224708,010826,0.00,0.00,,,,,,,*6E
$GPNVS,5,224708,010826,5C9,0,0,+36.12,00000,00000,*23
$GPNVS,6,0,A,0,0x00000,0x20,,0x00,00,,0x00000,,*05
$GPNVS,7,224708,010826,A,12,0x00,-1,1,0,393230,+4.32,-4.11*75
$GPNVS,9,+10000000.000,+1.87506,+10000000.00,15,+0.000,+0.39,,+36.12,50.0,99.0,*65
$GPNVS,10,1,0,0,+5,+5,2,100,0.5,3,2,30,1,+0,1.0,20,-14,1,2,8000*62
$GPNVS,1,224709,010826,A,N,0,N,0x00000,0x20,0x00,1,N*1E
$GPNVS,2,224709,010826,0.00,0.00,0.00,0.00,0.00,0.00,0.00,0.00,*69
$GPNVS,3,224709,010826,+0.38,,,+4.32,-4.11,,,,1,+36.12,*63
$GPNVS,4,224709,010826,0.00,0.00,,,,,,,*6F
$GPNVS,5,224709,010826,5C9,0,0,+36.12,00000,00000,*22
$GPNVS,6,0,A,0,0x00000,0x20,,0x00,00,,0x00000,,*05
$GPNVS,7,224709,010826,A,12,0x00,-1,1,0,393230,+4.32,-4.11*74
$GPNVS,9,+10000000.000,+1.87506,+10000000.00,15,+0.000,+0.39,,+36.12,50.0,99.0,*65
$GPNVS,10,1,0,0,+5,+5,2,100,0.5,3,2,30,1,-1,1.0,20,-14,1,2,8000*65
$GPNVS,1,224710,010826,A,N,0,N,0x00000,0x20,0x00,1,N*16
$GPNVS,2,224710,010826,0.00,0.00,0.00,0.00,0.00,0.00,0.00,0.00,*61
$GPNVS,3,224710,010826,+0.38,,,+4.32,-4.11,,,,1,+36.12,*6B
$GPNVS,4,224710,010826,0.00,0.00,,,,,,,*67
$GPNVS,5,224710,010826,5C9,0,0,+36.12,00000,00000,*2A
$GPNVS,6,0,A,0,0x00000,0x20,,0x00,00,,0x00000,,*05
$GPNVS,7,224710,010826,A,12,0x00,-1,1,-1,393229,+4.32,-4.11*58
$GPNVS,9,+10000000.000,+1.87506,+10000000.00,15,+0.000,+0.39,,+36.12,50.0,99.0,*65
$GPNVS,10,1,0,0,+5,+5,2,100,0.5,3,2,30,1,-1,1.0,20,-14,1,2,8000*65
$GPNVS,1,224711,010826,A,N,0,N,0x00000,0x20,0x00,1,N*17
$GPNVS,2,224711,010826,0.00,0.00,0.00,0.00,0.00,0.00,0.00,0.00,*60
$GPNVS,3,224711,010826,+0.38,,,+4.32,-4.11,,,,1,+36.12,*6A
$GPNVS,4,224711,010826,0.00,0.00,,,,,,,*66
$GPNVS,5,224711,010826,5C9,0,0,+36.12,00000,00000,*2B
$GPNVS,6,0,A,0,0x00000,0x20,,0x00,00,,0x00000,,*05
$GPNVS,7,224711,010826,A,12,0x00,-1,1,0,393229,+4.32,-4.11*75
$GPNVS,9,+10000000.000,+1.87506,+10000000.00,15,+0.000,+0.39,,+36.12,50.0,99.0,*65
$GPNVS,10,1,0,0,+5,+5,2,100,0.5,3,2,30,1,-1,1.0,20,-14,1,2,8000*65
$GPNVS,1,224712,010826,A,N,0,N,0x00000,0x20,0x00,1,N*14
$GPNVS,2,224712,010826,0.00,0.00,0.00,0.00,0.00,0.00,0.00,0.00,*63
$GPNVS,3,224712,010826,+0.38,,,+4.32,-4.11,,,,1,+36.12,*69
$GPNVS,4,224712,010826,0.00,0.00,,,,,,,*65
$GPNVS,5,224712,010826,5C9,0,0,+36.12,00000,00000,*28
$GPNVS,6,0,A,0,0x00000,0x20,,0x00,00,,0x00000,,*05
$GPNVS,7,224712,010826,A,12,0x00,-1,1,0,393229,+4.32,-4.11*76
$GPNVS,9,+10000000.000,+1.87506,+10000000.00,15,+0.000,+0.39,,+36.12,50.0,99.0,*65
$GPNVS,10,1,0,0,+5,+5,2,100,0.5,3,2,30,1,-1,1.0,20,-14,1,2,8000*65
$GPNVS,1,224713,010826,A,N,0,N,0x00000,0x20,0x00,1,N*15
$GPNVS,2,224713,010826,0.00,0.00,0.00,0.00,0.00,0.00,0.00,0.00,*62
$GPNVS,3,224713,010826,+0.38,,,+4.32,-4.11,,,,1,+36.12,*68
$GPNVS,4,224713,010826,0.00,0.00,,,,,,,*64
$GPNVS,5,224713,010826,5C9,0,0,+36.12,00000,00000,*29
$GPNVS,6,0,A,0,0x00000,0x20,,0x00,00,,0x00000,,*05
$GPNVS,7,224713,010826,A,12,0x00,-1,1,-1,393228,+4.32,-4.11*5A
$GPNVS,9,+10000000.000,+1.87505,+10000000.00,15,+0.000,+0.39,,+36.12,50.0,99.0,*66
$GPNVS,10,1,0,0,+5,+5,2,100,0.5,3,2,30,1,-1,1.0,20,-14,1,2,8000*65
$GPNVS,1,224714,010826,A,N,0,N,0x00000,0x20,0x00,1,N*12
$GPNVS,2,224714,010826,0.00,0.00,0.00,0.00,0.00,0.00,0.00,0.00,*65
$GPNVS,3,224714,010826,+0.38,,,+4.32,-4.09,,,,1,+36.12,*66
$GPNVS,4,224714,010826,0.00,0.00,,,,,,,*63
$GPNVS,5,224714,010826,5C9,0,0,+36.12,00000,00000,*2E
$GPNVS,6,0,A,0,0x00000,0x20,,0x00,00,,0x00000,,*05
$GPNVS,7,224714,010826,A,12,0x00,-1,1,0,393228,+4.32,-4.10*70
$GPNVS,9,+10000000.000,+1.87505,+10000000.00,15,+0.000,+0.39,,+36.12,50.0,99.0,*66
$GPNVS,10,1,0,0,+5,+5,2,100,0.5,3,2,30,1,-1,1.0,20,+2,1,2,8000*54
$GPNVS,1,224715,010826,A,N,0,N,0x00000,0x20,0x00,1,N*13
$GPNVS,2,224715,010826,0.00,0.00,0.00,0.00,0.00,0.00,0.00,0.00,*64
$GPNVS,3,224715,010826,+0.38,,,+4.32,-4.09,,,,1,+36.12,*67
$GPNVS,4,224715,010826,0.00,0.00,,,,,,,*62
$GPNVS,5,224715,010826,5C9,0,0,+36.12,00000,00000,*2F
$GPNVS,6,0,A,0,0x00000,0x20,,0x00,00,,0x00000,,*05
$GPNVS,7,224715,010826,A,12,0x00,0,1,0,393228,+4.32,-4.10*5D
$GPNVS,9,+10000000.000,+1.87505,+10000000.00,15,+0.000,+0.39,,+36.12,50.0,99.0,*66
$GPNVS,10,1,0,0,+5,+5,2,100,0.5,3,2,30,1,-1,1.0,20,+2,1,2,8000*54
$GPNVS,1,224716,010826,A,N,0,N,0x00000,0x20,0x00,1,N*10
$GPNVS,2,224716,010826,0.00,0.00,0.00,0.00,0.00,0.00,0.00,0.00,*67
$GPNVS,3,224716,010826,+0.38,,,+4.32,-4.09,,,,1,+36.12,*64
$GPNVS,4,224716,010826,0.00,0.00,,,,,,,*61
$GPNVS,5,224716,010826,5C9,0,0,+36.12,00000,00000,*2C
$GPNVS,6,0,A,0,0x00000,0x20,,0x00,00,,0x00000,,*05
$GPNVS,7,224716,010826,A,12,0x00,0,1,-1,393227,+4.32,-4.10*7D
$GPNVS,9,+10000000.000,+1.87505,+10000000.00,15,+0.000,+0.39,,+36.12,50.0,99.0,*66
$GPNVS,10,1,0,0,+5,+5,2,100,0.5,3,2,30,1,-1,1.0,20,+2,1,2,8000*54
$GPNVS,1,224717,010826,A,N,0,N,0x00000,0x20,0x00,1,N*11
$GPNVS,2,224717,010826,0.00,0.00,0.00,0.00,0.00,0.00,0.00,0.00,*66
$GPNVS,3,224717,010826,+0.38,,,+4.32,-4.11,,,,1,+36.12,*6C
$GPNVS,4,224717,010826,0.00,0.00,,,,,,,*60
$GPNVS,5,224717,010826,5C9,0,0,+36.12,00000,00000,*2D
$GPNVS,6,0,A,0,0x00000,0x20,,0x00,00,,0x00000,,*05
$GPNVS,7,224717,010826,A,12,0x00,0,1,0,393227,+4.32,-4.11*51
$GPNVS,9,+10000000.000,+1.87505,+10000000.00,15,+0.000,+0.39,,+36.12,50.0,99.0,*66
$GPNVS,10,1,0,0,+5,+5,2,100,0.5,3,2,30,1,-1,1.0,20,+2,1,2,8000*54
$GPNVS,1,224718,010826,A,N,0,N,0x00000,0x20,0x00,1,N*1E
$GPNVS,2,224718,010826,0.00,0.00,0.00,0.00,0.00,0.00,0.00,0.00,*69
$GPNVS,3,224718,010826,+0.38,,,+4.32,-4.11,,,,1,+36.12,*63
$GPNVS,4,224718,010826,0.00,0.00,,,,,,,*6F
$GPNVS,5,224718,010826,5C9,0,0,+36.12,00000,00000,*22
$GPNVS,6,0,A,0,0x00000,0x20,,0x00,00,,0x00000,,*05
$GPNVS,7,224718,010826,A,12,0x00,0,1,0,393227,+4.32,-4.11*5E
$GPNVS,9,+10000000.000,+1.87505,+10000000.00,15,+0.000,+0.39,,+36.12,50.0,99.0,*66
$GPNVS,10,1,0,0,+5,+5,2,100,0.5,3,2,30,1,-1,1.0,20,+2,1,2,8000*54
$GPNVS,1,224719,010826,A,N,0,N,0x00000,0x20,0x00,1,N*1F
$GPNVS,2,224719,010826,0.00,0.00,0.00,0.00,0.00,0.00,0.00,0.00,*68
$GPNVS,3,224719,010826,+0.38,,,+4.32,-4.09,,,,1,+36.12,*6B
$GPNVS,4,224719,010826,0.00,0.00,,,,,,,*6E
$GPNVS,5,224719,010826,5C9,0,0,+36.12,00000,00000,*23
$GPNVS,6,0,A,0,0x00000,0x20,,0x00,00,,0x00000,,*05
$GPNVS,7,224719,010826,A,12,0x00,0,1,-1,393226,+4.32,-4.10*73
$GPNVS,9,+10000000.001,+1.87504,+10000000.00,15,+0.000,+0.39,,+36.12,50.0,99.0,*66
$GPNVS,10,1,0,0,+5,+5,2,100,0.5,3,2,30,1,-1,1.0,20,+2,1,2,8000*54
$GPNVS,1,224720,010826,A,N,0,N,0x00000,0x20,0x00,1,N*15
$GPNVS,2,224720,010826,0.00,0.00,0.00,0.00,0.00,0.00,0.00,0.00,*62
$GPNVS,3,224720,010826,+0.38,,,+4.32,-4.09,,,,1,+36.12,*61
$GPNVS,4,224720,010826,0.00,0.00,,,,,,,*64
$GPNVS,5,224720,010826,5C9,0,0,+36.12,00000,00000,*29
$GPNVS,6,0,A,0,0x00000,0x20,,0x00,00,,0x00000,,*05
$GPNVS,7,224720,010826,A,12,0x00,0,1,0,393226,+4.32,-4.10*55
$GPNVS,9,+10000000.000,+1.87504,+10000000.00,15,+0.000,+0.39,,+36.12,50.0,99.0,*67
$GPNVS,10,1,0,0,+5,+5,2,100,0.5,3,2,30,1,-1,1.0,20,+2,1,2,8000*54
$GPNVS,1,224721,010826,A,N,0,N,0x00000,0x20,0x00,1,N*14
$GPNVS,2,224721,010826,0.00,0.00,0.00,0.00,0.00,0.00,0.00,0.00,*63
$GPNVS,3,224721,010826,+0.38,,,+4.32,-4.11,,,,1,+36.12,*69
$GPNVS,4,224721,010826,0.00,0.00,,,,,,,*65
$GPNVS,5,224721,010826,5C9,0,0,+36.12,00000,00000,*28
$GPNVS,6,0,A,0,0x00000,0x20,,0x00,00,,0x00000,,*05
$GPNVS,7,224721,010826,A,12,0x00,0,1,0,393226,+4.32,-4.11*55
$GPNVS,9,+10000000.000,+1.87504,+10000000.00,15,+0.000,+0.39,,+36.12,50.0,99.0,*67
$GPNVS,10,1,0,0,+5,+5,2,100,0.5,3,2,30,1,-1,1.0,20,+2,1,2,8000*54
$GPNVS,1,224722,010826,A,N,0,N,0x00000,0x20,0x00,1,N*17
$GPNVS,2,224722,010826,0.00,0.00,0.00,0.00,0.00,0.00,0.00,0.00,*60
$GPNVS,3,224722,010826,+0.38,,,+4.32,-4.09,,,,1,+36.12,*63
$GPNVS,4,224722,010826,0.00,0.00,,,,,,,*66
$GPNVS,5,224722,010826,5C9,0,0,+36.12,00000,00000,*2B
$GPNVS,6,0,A,0,0x00000,0x20,,0x00,00,,0x00000,,*05
$GPNVS,7,224722,010826,A,12,0x00,0,1,0,393226,+4.32,-4.10*57
$GPNVS,9,+10000000.001,+1.87504,+10000000.00,15,+0.000,+0.39,,+36.12,50.0,99.0,*66
$GPNVS,10,1,0,0,+5,+5,2,100,0.5,3,2,30,1,+0,1.0,20,+2,1,2,8000*53
$GPNVS,99,,,*5C
$GPNVS,1,224723,010826,A,N,0,N,0x00000,0x20,0x00,1,N*16
$GPNVS,2,224723,010826,0.00,0.00,0.00,0.00,0.00,0.00,0.00,0.00,*61
$GPNVS,3,224723,010826,+0.38,,,+4.32,-4.09,,,,1,+36.12,*62
$GPNVS,4,224723,010826,0.00,0.00,,,,,,,*67
$GPNVS,5,224723,010826,5C9,0,0,+36.12,00000,00000,*2A
$GPNVS,6,0,A,0,0x00000,0x20,,0x00,00,,0x00000,,*05
$GPNVS,7,224723,010826,A,12,0x00,0,2,0,393226,+4.32,-4.10*55
$GPNVS,9,+10000000.000,+1.87504,+9999999.949,15,+0.000,+0.39,,+36.12,50.0,99.0,*6B
$GPNVS,10,1,0,0,+10,+5,2,100,0.5,3,2,30,1,+0,1.0,20,+2,1,2,8000*67
$GPNVS,1,224724,010826,A,N,0,N,0x00000,0x20,0x00,1,N*11
$GPNVS,2,224724,010826,0.00,0.00,0.00,0.00,0.00,0.00,0.00,0.00,*66
$GPNVS,3,224724,010826,+0.38,,,+4.32,-4.11,,,,1,+36.12,*6C
$GPNVS,4,224724,010826,0.00,0.00,,,,,,,*60
$GPNVS,5,224724,010826,5C9,0,0,+36.12,00000,00000,*2D
$GPNVS,6,0,A,0,0x00000,0x20,,0x00,00,,0x00000,,*05
$GPNVS,7,224724,010826,A,12,0x00,0,2,0,393226,+4.32,-4.11*53
$GPNVS,9,+9999999.9989,+1.87504,+10000000.00,15,+0.000,+0.39,,+36.12,50.0,99.0,*6E
$GPNVS,10,1,0,0,+10,+10,2,100,0.5,3,2,30,1,+0,1.0,20,+2,1,2,8000*53
$GPNVS,1,224725,010826,A,N,0,N,0x00000,0x20,0x00,1,N*10
$GPNVS,2,224725,010826,0.00,0.00,0.00,0.00,0.00,0.00,0.00,0.00,*67
$GPNVS,3,224725,010826,+0.38,,,+4.32,-4.11,,,,1,+36.12,*6D
$GPNVS,4,224725,010826,0.00,0.00,,,,,,,*61
$GPNVS,5,224725,010826,5C9,0,0,+36.12,00000,00000,*2C
$GPNVS,6,0,A,0,0x00000,0x20,,0x00,00,,0x00000,,*05
$GPNVS,7,224725,010826,A,12,0x00,0,1,0,393226,+4.32,-4.11*51
$GPNVS,9,+10000000.000,+1.87504,+10000000.05,15,+0.000,+0.39,,+36.12,50.0,99.0,*62
$GPNVS,10,1,0,0,+5,+5,2,100,0.5,3,2,30,1,+0,1.0,20,-18,1,2,8000*6E
$GPNVS,1,224726,010826,A,N,0,N,0x00000,0x20,0x00,1,N*13
$GPNVS,2,224726,010826,0.00,0.00,0.00,0.00,0.00,0.00,0.00,0.00,*64
$GPNVS,3,224726,010826,+0.38,,,+4.32,-4.11,,,,1,+36.12,*6E
$GPNVS,4,224726,010826,0.00,0.00,,,,,,,*62
$GPNVS,5,224726,010826,5C9,0,0,+36.12,00000,00000,*2F
$GPNVS,6,0,A,0,0x00000,0x20,,0x00,00,,0x00000,,*05
$GPNVS,7,224726,010826,A,12,0x00,0,1,0,393226,+4.32,-4.11*52
$GPNVS,9,+10000000.001,+1.87504,+10000000.00,15,+0.000,+0.39,,+36.12,50.0,99.0,*66
$GPNVS,10,1,0,0,+5,+5,2,100,0.5,3,2,30,1,+0,1.0,20,-18,1,2,8000*6E
$GPNVS,1,224727,010826,A,N,0,N,0x00000,0x20,0x00,1,N*12
$GPNVS,2,224727,010826,0.00,0.00,0.00,0.00,0.00,0.00,0.00,0.00,*65
$GPNVS,3,224727,010826,+0.38,,,+4.32,-4.09,,,,1,+36.12,*66
$GPNVS,4,224727,010826,0.00,0.00,,,,,,,*63
$GPNVS,5,224727,010826,5C9,0,0,+36.12,00000,00000,*2E
$GPNVS,6,0,A,0,0x00000,0x20,,0x00,00,,0x00000,,*05
$GPNVS,7,224727,010826,A,12,0x00,0,1,0,393226,+4.32,-4.10*52
$GPNVS,9,+10000000.001,+1.87504,+10000000.00,15,+0.000,+0.39,,+36.12,50.0,99.0,*66
$GPNVS,10,1,0,0,+5,+5,2,100,0.5,3,2,30,1,+0,1.0,20,-18,1,2,8000*6E
$GPNVS,1,224728,010826,A,N,0,N,0x00000,0x20,0x00,1,N*1D
$GPNVS,2,224728,010826,0.00,0.00,0.00,0.00,0.00,0.00,0.00,0.00,*6A
$GPNVS,3,224728,010826,+0.38,,,+4.32,-4.09,,,,1,+36.12,*69
$GPNVS,4,224728,010826,0.00,0.00,,,,,,,*6C
$GPNVS,5,224728,010826,5C9,0,0,+36.12,00000,00000,*21
$GPNVS,6,0,A,0,0x00000,0x20,,0x00,00,,0x00000,,*05
$GPNVS,7,224728,010826,A,12,0x00,0,2,0,393226,+4.32,-4.10*5E
$GPNVS,9,+10000000.000,+1.87504,+9999999.949,15,+0.000,+0.39,,+36.12,50.0,99.0,*6B
$GPNVS,10,1,0,0,+10,+5,2,100,0.5,3,2,30,1,+0,1.0,20,-18,1,2,8000*5A
$GPNVS,1,224729,010826,A,N,0,N,0x00000,0x20,0x00,1,N*1C
$GPNVS,2,224729,010826,0.00,0.00,0.00,0.00,0.00,0.00,0.00,0.00,*6B
$GPNVS,3,224729,010826,+0.38,,,+4.32,-4.09,,,,1,+36.12,*68
$GPNVS,4,224729,010826,0.00,0.00,,,,,,,*6D
$GPNVS,5,224729,010826,5C9,0,0,+36.12,00000,00000,*20
$GPNVS,6,0,A,0,0x00000,0x20,,0x00,00,,0x00000,,*05
$GPNVS,7,224729,010826,A,12,0x00,0,1,0,393226,+4.32,-4.10*5C
$GPNVS,9,+10000000.000,+1.87504,+10000000.05,15,+0.000,+0.39,,+36.12,50.0,99.0,*62
$GPNVS,10,1,0,0,+5,+5,2,100,0.5,3,2,30,1,+0,1.0,20,-18,1,2,8000*6E
$GPNVS,1,224730,010826,A,N,0,N,0x00000,0x20,0x00,1,N*14
$GPNVS,2,224730,010826,0.00,0.00,0.00,0.00,0.00,0.00,0.00,0.00,*63
$GPNVS,3,224730,010826,+0.38,,,+4.32,-4.11,,,,1,+36.12,*69
$GPNVS,4,224730,010826,0.00,0.00,,,,,,,*65
$GPNVS,5,224730,010826,5C9,0,0,+36.12,00000,00000,*28
$GPNVS,6,0,A,0,0x00000,0x20,,0x00,00,,0x00000,,*05
$GPNVS,7,224730,010826,A,12,0x00,0,1,0,393226,+4.32,-4.11*55
$GPNVS,9,+10000000.001,+1.87504,+10000000.00,15,+0.000,+0.39,,+36.12,50.0,99.0,*66
$GPNVS,10,1,0,0,+5,+5,2,100,0.5,3,2,30,1,+0,1.0,20,-18,1,2,8000*6E
$GPNVS,1,224731,010826,A,N,0,N,0x00000,0x20,0x00,1,N*15
$GPNVS,2,224731,010826,0.00,0.00,0.00,0.00,0.00,0.00,0.00,0.00,*62
$GPNVS,3,224731,010826,+0.38,,,+4.32,-4.09,,,,1,+36.12,*61
$GPNVS,4,224731,010826,0.00,0.00,,,,,,,*64
$GPNVS,5,224731,010826,5C9,0,0,+36.12,00000,00000,*29
$GPNVS,6,0,A,0,0x00000,0x20,,0x00,00,,0x00000,,*05
$GPNVS,7,224731,010826,A,12,0x00,0,2,0,393226,+4.32,-4.10*56
$GPNVS,9,+10000000.000,+1.87504,+9999999.949,15,+0.000,+0.39,,+36.12,50.0,99.0,*6B
$GPNVS,10,1,0,0,+10,+5,2,100,0.5,3,2,30,1,+0,1.0,20,-18,1,2,8000*5A
$GPNVS,1,224732,010826,A,N,0,N,0x00000,0x20,0x00,1,N*16
$GPNVS,2,224732,010826,0.00,0.00,0.00,0.00,0.00,0.00,0.00,0.00,*61
$GPNVS,3,224732,010826,+0.38,,,+4.32,-4.11,,,,1,+36.12,*6B
$GPNVS,4,224732,010826,0.00,0.00,,,,,,,*67
$GPNVS,5,224732,010826,5C9,0,0,+36.12,00000,00000,*2A
$GPNVS,6,0,A,0,0x00000,0x20,,0x00,00,,0x00000,,*05
$GPNVS,7,224732,010826,A,12,0x00,0,2,0,393226,+4.32,-4.11*54
$GPNVS,9,+10000000.000,+1.87504,+10000000.00,15,+0.000,+0.39,,+36.12,50.0,99.0,*67
$GPNVS,10,1,0,0,+10,+10,2,100,0.5,3,2,30,1,+0,1.0,20,-18,1,2,8000*6E
$GPNVS,1,224733,010826,A,N,0,N,0x00000,0x20,0x00,1,N*17
$GPNVS,2,224733,010826,0.00,0.00,0.00,0.00,0.00,0.00,0.00,0.00,*60
$GPNVS,3,224733,010826,+0.38,,,+4.32,-4.09,,,,1,+36.12,*63
$GPNVS,4,224733,010826,0.00,0.00,,,,,,,*66
$GPNVS,5,224733,010826,5C9,0,0,+36.12,00000,00000,*2B
$GPNVS,6,0,A,0,0x00000,0x20,,0x00,00,,0x00000,,*05
$GPNVS,7,224733,010826,A,12,0x00,0,2,0,393226,+4.32,-4.10*54
$GPNVS,9,+10000000.000,+1.87504,+10000000.00,15,+0.000,+0.39,,+36.12,50.0,99.0,*67
$GPNVS,10,1,0,0,+10,+10,2,100,0.5,3,2,30,1,+1,1.0,20,-18,1,2,8000*6F
$GPNVS,1,224734,010826,A,N,0,N,0x00000,0x20,0x00,1,N*10
$GPNVS,2,224734,010826,0.00,0.00,0.00,0.00,0.00,0.00,0.00,0.00,*67
$GPNVS,3,224734,010826,+0.38,,,+4.32,-4.11,,,,1,+36.12,*6D
$GPNVS,4,224734,010826,0.00,0.00,,,,,,,*61
$GPNVS,5,224734,010826,5C9,0,0,+36.12,00000,00000,*2C
$GPNVS,6,0,A,0,0x00000,0x20,,0x00,00,,0x00000,,*05
$GPNVS,7,224734,010826,A,12,0x00,0,2,2,393228,+4.32,-4.11*5E
$GPNVS,9,+10000000.000,+1.87505,+10000000.00,15,+0.000,+0.39,,+36.12,50.0,99.0,*66
$GPNVS,10,1,0,0,+10,+10,2,100,0.5,3,2,30,1,+1,1.0,20,-18,1,2,8000*6F
$GPNVS,1,224735,010826,A,N,0,N,0x00000,0x20,0x00,1,N*11
$GPNVS,2,224735,010826,0.00,0.00,0.00,0.00,0.00,0.00,0.00,0.00,*66
$GPNVS,3,224735,010826,+0.38,,,+4.32,-4.09,,,,1,+36.12,*65
$GPNVS,4,224735,010826,0.00,0.00,,,,,,,*60
$GPNVS,5,224735,010826,5C9,0,0,+36.12,00000,00000,*2D
$GPNVS,6,0,A,0,0x00000,0x20,,0x00,00,,0x00000,,*05
$GPNVS,7,224735,010826,A,12,0x00,0,2,0,393228,+4.32,-4.10*5C
$GPNVS,9,+10000000.000,+1.87505,+10000000.00,15,+0.000,+0.39,,+36.12,50.0,99.0,*66
$GPNVS,10,1,0,0,+10,+10,2,100,0.5,3,2,30,1,+1,1.0,20,+18,1,2,8000*69
$GPNVS,1,224736,010826,A,N,0,N,0x00000,0x20,0x00,1,N*12
$GPNVS,2,224736,010826,0.00,0.00,0.00,0.00,0.00,0.00,0.00,0.00,*65
$GPNVS,3,224736,010826,+0.38,,,+4.32,-4.11,,,,1,+36.12,*6F
$GPNVS,4,224736,010826,0.00,0.00,,,,,,,*63
$GPNVS,5,224736,010826,5C9,0,0,+36.12,00000,00000,*2E
$GPNVS,6,0,A,0,0x00000,0x20,,0x00,00,,0x00000,,*05
$GPNVS,7,224736,010826,A,12,0x00,0,2,0,393228,+4.32,-4.11*5E
$GPNVS,9,+10000000.000,+1.87505,+10000000.00,15,+0.000,+0.39,,+36.12,50.0,99.0,*66
$GPNVS,10,1,0,0,+10,+10,2,100,0.5,3,2,30,1,+1,1.0,20,+18,1,2,8000*69
$GPNVS,1,224737,010826,A,N,0,N,0x00000,0x20,0x00,1,N*13
$GPNVS,2,224737,010826,0.00,0.00,0.00,0.00,0.00,0.00,0.00,0.00,*64
$GPNVS,3,224737,010826,+0.38,,,+4.32,-4.09,,,,1,+36.12,*67
$GPNVS,4,224737,010826,0.00,0.00,,,,,,,*62
$GPNVS,5,224737,010826,5C9,0,0,+36.12,00000,00000,*2F
$GPNVS,6,0,A,0,0x00000,0x20,,0x00,00,,0x00000,,*05
$GPNVS,7,224737,010826,A,12,0x00,0,2,2,393230,+4.32,-4.10*55
$GPNVS,9,+10000000.000,+1.87506,+10000000.00,15,+0.000,+0.39,,+36.12,50.0,99.0,*65
$GPNVS,10,1,0,0,+10,+10,2,100,0.5,3,2,30,1,+1,1.0,20,+18,1,2,8000*69
$GPNVS,99,,,*5C
$GPNVS,1,224738,010826,A,N,0,N,0x00000,0x20,0x00,1,N*1C
$GPNVS,2,224738,010826,0.00,0.00,0.00,0.00,0.00,0.00,0.00,0.00,*6B
$GPNVS,3,224738,010826,+0.38,,,+4.32,-4.09,,,,1,+36.12,*68
$GPNVS,4,224738,010826,0.00,0.00,,,,,,,*6D
$GPNVS,5,224738,010826,5C9,0,0,+36.12,00000,00000,*20
$GPNVS,6,0,A,0,0x00000,0x20,,0x00,00,,0x00000,,*05
$GPNVS,7,224738,010826,A,12,0x00,0,2,0,393230,+4.32,-4.10*58
$GPNVS,9,+10000000.000,+1.87506,+10000000.00,15,+0.000,+0.39,,+36.12,50.0,99.0,*65
$GPNVS,10,1,0,0,+10,+10,2,100,0.5,3,2,30,1,+1,1.0,20,+18,1,2,8000*69
$GPNVS,1,224739,010826,A,N,0,N,0x00000,0x20,0x00,1,N*1D
$GPNVS,2,224739,010826,0.00,0.00,0.00,0.00,0.00,0.00,0.00,0.00,*6A
$GPNVS,3,224739,010826,+0.38,,,+4.32,-4.11,,,,1,+36.12,*60
$GPNVS,4,224739,010826,0.00,0.00,,,,,,,*6C
$GPNVS,5,224739,010826,5C9,0,0,+36.12,00000,00000,*21
$GPNVS,6,0,A,0,0x00000,0x20,,0x00,00,,0x00000,,*05
$GPNVS,7,224739,010826,A,12,0x00,0,1,0,393230,+4.32,-4.11*5B
$GPNVS,9,+10000000.001,+1.87506,+10000000.05,15,+0.000,+0.39,,+36.12,50.0,99.0,*61
$GPNVS,10,1,0,0,+5,+5,2,100,0.5,3,2,30,1,+1,1.0,20,+18,1,2,8000*69
$GPNVS,1,224740,010826,A,N,0,N,0x00000,0x20,0x00,1,N*13
$GPNVS,2,224740,010826,0.00,0.00,0.00,0.00,0.00,0.00,0.00,0.00,*64
$GPNVS,3,224740,010826,+0.38,,,+4.32,-4.09,,,,1,+36.12,*67
$GPNVS,4,224740,010826,0.00,0.00,,,,,,,*62
$GPNVS,5,224740,010826,5C9,0,0,+36.12,00000,00000,*2F
$GPNVS,6,0,A,0,0x00000,0x20,,0x00,00,,0x00000,,*05
$GPNVS,7,224740,010826,A,12,0x00,0,2,1,393231,+4.32,-4.10*57
$GPNVS,9,+10000000.000,+1.87507,+9999999.949,15,+0.000,+0.39,,+36.12,50.0,99.0,*68
$GPNVS,10,1,0,0,+10,+5,2,100,0.5,3,2,30,1,+1,1.0,20,+18,1,2,8000*5D
$GPNVS,1,224741,010826,A,N,0,N,0x00000,0x20,0x00,1,N*12
$GPNVS,2,224741,010826,0.00,0.00,0.00,0.00,0.00,0.00,0.00,0.00,*65
$GPNVS,3,224741,010826,+0.38,,,+4.32,-4.09,,,,1,+36.12,*66
$GPNVS,4,224741,010826,0.00,0.00,,,,,,,*63
$GPNVS,5,224741,010826,5C9,0,0,+36.12,00000,00000,*2E
$GPNVS,6,0,A,0,0x00000,0x20,,0x00,00,,0x00000,,*05
$GPNVS,7,224741,010826,A,12,0x00,0,2,0,393231,+4.32,-4.10*57
$GPNVS,9,+10000000.000,+1.87507,+10000000.00,15,+0.000,+0.39,,+36.12,50.0,99.0,*64
$GPNVS,10,1,0,0,+10,+10,2,100,0.5,3,2,30,1,+1,1.0,20,+18,1,2,8000*69
$GPNVS,1,224742,010826,A,N,0,N,0x00000,0x20,0x00,1,N*11
$GPNVS,2,224742,010826,0.00,0.00,0.00,0.00,0.00,0.00,0.00,0.00,*66
$GPNVS,3,224742,010826,+0.38,,,+4.32,-4.09,,,,1,+36.12,*65
$GPNVS,4,224742,010826,0.00,0.00,,,,,,,*60
$GPNVS,5,224742,010826,5C9,0,0,+36.12,00000,00000,*2D
$GPNVS,6,0,A,0,0x00000,0x20,,0x00,00,,0x00000,,*05
$GPNVS,7,224742,010826,A,12,0x00,0,2,0,393231,+4.32,-4.10*54
$GPNVS,9,+10000000.000,+1.87507,+10000000.00,15,+0.000,+0.39,,+36.12,50.0,99.0,*64
$GPNVS,10,1,0,0,+10,+10,2,100,0.5,3,2,30,1,+1,1.0,20,+18,1,2,8000*69
$GPNVS,1,224743,010826,A,N,0,N,0x00000,0x20,0x00,1,N*10
$GPNVS,2,224743,010826,0.00,0.00,0.00,0.00,0.00,0.00,0.00,0.00,*67
$GPNVS,3,224743,010826,+0.38,,,+4.32,-4.09,,,,1,+36.12,*64
$GPNVS,4,224743,010826,0.00,0.00,,,,,,,*61
$GPNVS,5,224743,010826,5C9,0,0,+36.12,00000,00000,*2C
$GPNVS,6,0,A,0,0x00000,0x20,,0x00,00,,0x00000,,*05
$GPNVS,7,224743,010826,A,12,0x00,0,2,2,393233,+4.32,-4.10*55
$GPNVS,9,+10000000.000,+1.87508,+10000000.00,15,+0.000,+0.39,,+36.12,50.0,99.0,*6B
$GPNVS,10,1,0,0,+10,+10,2,100,0.5,3,2,30,1,+1,1.0,20,+18,1,2,8000*69
$GPNVS,1,224744,010826,A,N,0,N,0x00000,0x20,0x00,1,N*17
$GPNVS,2,224744,010826,0.00,0.00,0.00,0.00,0.00,0.00,0.00,0.00,*60
$GPNVS,3,224744,010826,+0.38,,,+4.32,-4.11,,,,1,+36.12,*6A
$GPNVS,4,224744,010826,0.00,0.00,,,,,,,*66
$GPNVS,5,224744,010826,5C9,0,0,+36.12,00000,00000,*2B
$GPNVS,6,0,A,0,0x00000,0x20,,0x00,00,,0x00000,,*05
$GPNVS,7,224744,010826,A,12,0x00,0,2,0,393233,+4.32,-4.11*51
$GPNVS,9,+10000000.000,+1.87508,+10000000.00,15,+0.000,+0.39,,+36.12,50.0,99.0,*6B
$GPNVS,10,1,0,0,+10,+10,2,100,0.5,3,2,30,1,+1,1.0,20,+18,1,2,8000*69
$GPNVS,1,224745,010826,A,N,0,N,0x00000,0x20,0x00,1,N*16
$GPNVS,2,224745,010826,0.00,0.00,0.00,0.00,0.00,0.00,0.00,0.00,*61
$GPNVS,3,224745,010826,+0.38,,,+4.32,-4.09,,,,1,+36.12,*62
$GPNVS,4,224745,010826,0.00,0.00,,,,,,,*67
$GPNVS,5,224745,010826,5C9,0,0,+36.12,00000,00000,*2A
$GPNVS,6,0,A,0,0x00000,0x20,,0x00,00,,0x00000,,*05
$GPNVS,7,224745,010826,A,12,0x00,1,2,1,393234,+4.32,-4.10*56
$GPNVS,9,+10000000.000,+1.87508,+10000000.00,15,+0.000,+0.39,,+36.12,50.0,99.0,*6B
$GPNVS,10,1,0,0,+10,+10,2,100,0.5,3,2,30,1,+1,1.0,20,+18,1,2,8000*69
$GPNVS,1,224746,010826,A,N,0,N,0x00000,0x20,0x00,1,N*15
$GPNVS,2,224746,010826,0.00,0.00,0.00,0.00,0.00,0.00,0.00,0.00,*62
$GPNVS,3,224746,010826,+0.38,,,+4.32,-4.09,,,,1,+36.12,*61
$GPNVS,4,224746,010826,0.00,0.00,,,,,,,*64
$GPNVS,5,224746,010826,5C9,0,0,+36.12,00000,00000,*29
$GPNVS,6,0,A,0,0x00000,0x20,,0x00,00,,0x00000,,*05
$GPNVS,7,224746,010826,A,12,0x00,1,2,1,393235,+4.32,-4.10*54
$GPNVS,9,+10000000.000,+1.87509,+10000000.00,15,+0.000,+0.39,,+36.12,50.0,99.0,*6A
$GPNVS,10,1,0,0,+10,+10,2,100,0.5,3,2,30,1,+0,1.0,20,-2,1,2,8000*55
$GPNVS,1,224747,010826,A,N,0,N,0x00000,0x20,0x00,1,N*14
$GPNVS,2,224747,010826,0.00,0.00,0.00,0.00,0.00,0.00,0.00,0.00,*63
$GPNVS,3,224747,010826,+0.38,,,+4.32,-4.09,,,,1,+36.12,*60
$GPNVS,4,224747,010826,0.00,0.00,,,,,,,*65
$GPNVS,5,224747,010826,5C9,0,0,+36.12,00000,00000,*28
$GPNVS,6,0,A,0,0x00000,0x20,,0x00,00,,0x00000,,*05
$GPNVS,7,224747,010826,A,12,0x00,1,2,0,393235,+4.32,-4.10*54
$GPNVS,9,+9999999.9989,+1.87509,+10000000.00,15,+0.000,+0.39,,+36.12,50.0,99.0,*63
$GPNVS,10,1,0,0,+10,+10,2,100,0.5,3,2,30,1,+0,1.0,20,-2,1,2,8000*55
$GPNVS,1,224748,010826,A,N,0,N,0x00000,0x20,0x00,1,N*1B
$GPNVS,2,224748,010826,0.00,0.00,0.00,0.00,0.00,0.00,0.00,0.00,*6C
$GPNVS,3,224748,010826,+0.38,,,+4.32,-4.11,,,,1,+36.12,*66
$GPNVS,4,224748,010826,0.00,0.00,,,,,,,*6A
$GPNVS,5,224748,010826,5C9,0,0,+36.12,00000,00000,*27
$GPNVS,6,0,A,0,0x00000,0x20,,0x00,00,,0x00000,,*05
$GPNVS,7,224748,010826,A,12,0x00,1,2,0,393235,+4.32,-4.11*5A
$GPNVS,9,+10000000.000,+1.87509,+10000000.00,15,+0.000,+0.39,,+36.12,50.0,99.0,*6A
$GPNVS,10,1,0,0,+10,+10,2,100,0.5,3,2,30,1,+0,1.0,20,-2,1,2,8000*55
$GPNVS,1,224749,010826,A,N,0,N,0x00000,0x20,0x00,1,N*1A
$GPNVS,2,224749,010826,0.00,0.00,0.00,0.00,0.00,0.00,0.00,0.00,*6D
$GPNVS,3,224749,010826,+0.38,,,+4.32,-4.11,,,,1,+36.12,*67
$GPNVS,4,224749,010826,0.00,0.00,,,,,,,*6B
$GPNVS,5,224749,010826,5C9,0,0,+36.12,00000,00000,*26
$GPNVS,6,0,A,0,0x00000,0x20,,0x00,00,,0x00000,,*05
$GPNVS,7,224749,010826,A,12,0x00,1,2,1,393236,+4.32,-4.11*59
$GPNVS,9,+10000000.000,+1.87509,+10000000.00,15,+0.000,+0.39,,+36.12,50.0,99.0,*6A
$GPNVS,10,1,0,0,+10,+10,2,100,0.5,3,2,30,1,+0,1.0,20,-2,1,2,8000*55
$GPNVS,1,224750,010826,A,N,0,N,0x00000,0x20,0x00,1,N*12
$GPNVS,2,224750,010826,0.00,0.00,0.00,0.00,0.00,0.00,0.00,0.00,*65
$GPNVS,3,224750,010826,+0.38,,,+4.32,-4.09,,,,1,+36.12,*66
$GPNVS,4,224750,010826,0.00,0.00,,,,,,,*63
$GPNVS,5,224750,010826,5C9,0,0,+36.12,00000,00000,*2E
$GPNVS,6,0,A,0,0x00000,0x20,,0x00,00,,0x00000,,*05
$GPNVS,7,224750,010826,A,12,0x00,1,2,0,393236,+4.32,-4.10*51
$GPNVS,9,+9999999.9989,+1.87509,+10000000.00,15,+0.000,+0.39,,+36.12,50.0,99.0,*63
$GPNVS,10,1,0,0,+10,+10,2,100,0.5,3,2,30,1,+0,1.0,20,-2,1,2,8000*55
$GPNVS,1,224751,010826,A,N,0,N,0x00000,0x20,0x00,1,N*13
$GPNVS,2,224751,010826,0.00,0.00,0.00,0.00,0.00,0.00,0.00,0.00,*64
$GPNVS,3,224751,010826,+0.38,,,+4.32,-4.11,,,,1,+36.12,*6E
$GPNVS,4,224751,010826,0.00,0.00,,,,,,,*62
$GPNVS,5,224751,010826,5C9,0,0,+36.12,00000,00000,*2F
$GPNVS,6,0,A,0,0x00000,0x20,,0x00,00,,0x00000,,*05
$GPNVS,7,224751,010826,A,12,0x00,1,2,0,393236,+4.32,-4.11*51
$GPNVS,9,+9999999.9989,+1.87509,+10000000.00,15,+0.000,+0.39,,+36.12,50.0,99.0,*63
$GPNVS,10,1,0,0,+10,+10,2,100,0.5,3,2,30,1,+0,1.0,20,-2,1,2,8000*55
$GPNVS,1,224752,010826,A,N,0,N,0x00000,0x20,0x00,1,N*10
$GPNVS,2,224752,010826,0.00,0.00,0.00,0.00,0.00,0.00,0.00,0.00,*67
$GPNVS,3,224752,010826,+0.38,,,+4.32,-4.09,,,,1,+36.12,*64
$GPNVS,4,224752,010826,0.00,0.00,,,,,,,*61
$GPNVS,5,224752,010826,5C9,0,0,+36.12,00000,00000,*2C
$GPNVS,6,0,A,0,0x00000,0x20,,0x00,00,,0x00000,,*05
$GPNVS,7,224752,010826,A,12,0x00,1,2,1,393237,+4.32,-4.10*53
$GPNVS,9,+10000000.000,+1.87510,+10000000.00,15,+0.000,+0.39,,+36.12,50.0,99.0,*62
$GPNVS,10,1,0,0,+10,+10,2,100,0.5,3,2,30,1,+0,1.0,20,-2,1,2,8000*55
$GPNVS,99,,,*5C
$GPNVS,1,224753,010826,A,N,0,N,0x00000,0x20,0x00,1,N*11
$GPNVS,2,224753,010826,0.00,0.00,0.00,0.00,0.00,0.00,0.00,0.00,*66
$GPNVS,3,224753,010826,+0.38,,,+4.32,-4.09,,,,1,+36.12,*65
$GPNVS,4,224753,010826,0.00,0.00,,,,,,,*60
$GPNVS,5,224753,010826,5C9,0,0,+36.12,00000,00000,*2D
$GPNVS,6,0,A,0,0x00000,0x20,,0x00,00,,0x00000,,*05
$GPNVS,7,224753,010826,A,12,0x00,1,2,0,393237,+4.32,-4.10*53
$GPNVS,9,+10000000.000,+1.87510,+10000000.00,15,+0.000,+0.39,,+36.12,50.0,99.0,*62
$GPNVS,10,1,0,0,+10,+10,2,100,0.5,3,2,30,1,+0,1.0,20,-2,1,2,8000*55
$GPNVS,1,224754,010826,A,N,0,N,0x00000,0x20,0x00,1,N*16
$GPNVS,2,224754,010826,0.00,0.00,0.00,0.00,0.00,0.00,0.00,0.00,*61
$GPNVS,3,224754,010826,+0.38,,,+4.32,-4.11,,,,1,+36.12,*6B
$GPNVS,4,224754,010826,0.00,0.00,,,,,,,*67
$GPNVS,5,224754,010826,5C9,0,0,+36.12,00000,00000,*2A
$GPNVS,6,0,A,0,0x00000,0x20,,0x00,00,,0x00000,,*05
$GPNVS,7,224754,010826,A,12,0x00,1,2,0,393237,+4.32,-4.11*55
$GPNVS,9,+10000000.000,+1.87510,+10000000.00,15,+0.000,+0.39,,+36.12,50.0,99.0,*62
$GPNVS,10,1,0,0,+10,+10,2,100,0.5,3,2,30,1,+0,1.0,20,-2,1,2,8000*55
$GPNVS,1,224755,010826,A,N,0,N,0x00000,0x20,0x00,1,N*17
$GPNVS,2,224755,010826,0.00,0.00,0.00,0.00,0.00,0.00,0.00,0.00,*60
$GPNVS,3,224755,010826,+0.38,,,+4.32,-4.11,,,,1,+36.12,*6A
$GPNVS,4,224755,010826,0.00,0.00,,,,,,,*66
$GPNVS,5,224755,010826,5C9,0,0,+36.12,00000,00000,*2B
$GPNVS,6,0,A,0,0x00000,0x20,,0x00,00,,0x00000,,*05
$GPNVS,7,224755,010826,A,12,0x00,1,1,0,393237,+4.32,-4.11*57
$GPNVS,9,+10000000.000,+1.87510,+10000000.05,15,+0.000,+0.39,,+36.12,50.0,99.0,*67
$GPNVS,10,1,0,0,+5,+5,2,100,0.5,3,2,30,1,+0,1.0,20,-2,1,2,8000*55
$GPNVS,1,224756,010826,A,N,0,N,0x00000,0x20,0x00,1,N*14
$GPNVS,2,224756,010826,0.00,0.00,0.00,0.00,0.00,0.00,0.00,0.00,*63
$GPNVS,3,224756,010826,+0.38,,,+4.32,-4.11,,,,1,+36.12,*69
$GPNVS,4,224756,010826,0.00,0.00,,,,,,,*65
$GPNVS,5,224756,010826,5C9,0,0,+36.12,00000,00000,*28
$GPNVS,6,0,A,0,0x00000,0x20,,0x00,00,,0x00000,,*05
$GPNVS,7,224756,010826,A,12,0x00,1,1,0,393237,+4.32,-4.11*54
$GPNVS,9,+10000000.001,+1.87510,+10000000.00,15,+0.000,+0.39,,+36.12,50.0,99.0,*63
$GPNVS,10,1,0,0,+5,+5,2,100,0.5,3,2,30,1,+0,1.0,20,-2,1,2,8000*55
$GPNVS,1,224757,010826,A,N,0,N,0x00000,0x20,0x00,1,N*15
$GPNVS,2,224757,010826,0.00,0.00,0.00,0.00,0.00,0.00,0.00,0.00,*62
$GPNVS,3,224757,010826,+0.38,,,+4.32,-4.09,,,,1,+36.12,*61
$GPNVS,4,224757,010826,0.00,0.00,,,,,,,*64
$GPNVS,5,224757,010826,5C9,0,0,+36.12,00000,00000,*29
$GPNVS,6,0,A,0,0x00000,0x20,,0x00,00,,0x00000,,*05
$GPNVS,7,224757,010826,A,12,0x00,1,2,0,393237,+4.32,-4.10*57
$GPNVS,9,+9999999.9989,+1.87510,+9999999.949,15,+0.000,+0.39,,+36.12,50.0,99.0,*67
$GPNVS,10,1,0,0,+10,+5,2,100,0.5,3,2,30,1,+0,1.0,20,+14,1,2,8000*50
$GPNVS,1,224758,010826,A,N,0,N,0x00000,0x20,0x00,1,N*1A
$GPNVS,2,224758,010826,0.00,0.00,0.00,0.00,0.00,0.00,0.00,0.00,*6D
$GPNVS,3,224758,010826,+0.38,,,+4.32,-4.11,,,,1,+36.12,*67
$GPNVS,4,224758,010826,0.00,0.00,,,,,,,*6B
$GPNVS,5,224758,010826,5C9,0,0,+36.12,00000,00000,*26
$GPNVS,6,0,A,0,0x00000,0x20,,0x00,00,,0x00000,,*05
$GPNVS,7,224758,010826,A,12,0x00,1,2,1,393238,+4.32,-4.11*57
$GPNVS,9,+9999999.9989,+1.87510,+10000000.00,15,+0.000,+0.39,,+36.12,50.0,99.0,*6B
$GPNVS,10,1,0,0,+10,+10,2,100,0.5,3,2,30,1,+0,1.0,20,+14,1,2,8000*64
$GPNVS,1,224759,010826,A,N,0,N,0x00000,0x20,0x00,1,N*1B
$GPNVS,2,224759,010826,0.00,0.00,0.00,0.00,0.00,0.00,0.00,0.00,*6C
$GPNVS,3,224759,010826,+0.38,,,+4.32,-4.09,,,,1,+36.12,*6F
$GPNVS,4,224759,010826,0.00,0.00,,,,,,,*6A
$GPNVS,5,224759,010826,5C9,0,0,+36.12,00000,00000,*27
$GPNVS,6,0,A,0,0x00000,0x20,,0x00,00,,0x00000,,*05
$GPNVS,7,224759,010826,A,12,0x00,1,1,0,393238,+4.32,-4.10*55
$GPNVS,9,+10000000.000,+1.87510,+10000000.05,15,+0.000,+0.39,,+36.12,50.0,99.0,*67
$GPNVS,10,1,0,0,+5,+5,2,100,0.5,3,2,30,1,+0,1.0,20,+14,1,2,8000*64
$GPNVS,1,224800,010826,A,N,0,N,0x00000,0x20,0x00,1,N*18
$GPNVS,2,224800,010826,0.00,0.00,0.00,0.00,0.00,0.00,0.00,0.00,*6F
$GPNVS,3,224800,010826,+0.38,,,+4.32,-4.11,,,,1,+36.12,*65
$GPNVS,4,224800,010826,0.00,0.00,,,,,,,*69
$GPNVS,5,224800,010826,5C9,0,0,+36.12,00000,00000,*24
$GPNVS,6,0,A,0,0x00000,0x20,,0x00,00,,0x00000,,*05
$GPNVS,7,224800,010826,A,12,0x00,0,2,0,393238,+4.32,-4.11*55
$GPNVS,9,+9999999.9989,+1.87510,+9999999.949,15,+0.000,+0.39,,+36.12,50.0,99.0,*67
$GPNVS,10,1,0,0,+10,+5,2,100,0.5,3,2,30,1,+0,1.0,20,+14,1,2,8000*50
$GPNVS,1,224801,010826,A,N,0,N,0x00000,0x20,0x00,1,N*19
$GPNVS,2,224801,010826,0.00,0.00,0.00,0.00,0.00,0.00,0.00,0.00,*6E
$GPNVS,3,224801,010826,+0.38,,,+4.32,-4.09,,,,1,+36.12,*6D
$GPNVS,4,224801,010826,0.00,0.00,,,,,,,*68
$GPNVS,5,224801,010826,5C9,0,0,+36.12,00000,00000,*25
$GPNVS,6,0,A,0,0x00000,0x20,,0x00,00,,0x00000,,*05
$GPNVS,7,224801,010826,A,12,0x00,0,2,1,393239,+4.32,-4.10*55
$GPNVS,9,+9999999.9989,+1.87511,+10000000.00,15,+0.000,+0.39,,+36.12,50.0,99.0,*6A
$GPNVS,10,1,0,0,+10,+10,2,100,0.5,3,2,30,1,+0,1.0,20,+14,1,2,8000*64
$GPNVS,1,224802,010826,A,N,0,N,0x00000,0x20,0x00,1,N*1A
$GPNVS,2,224802,010826,0.00,0.00,0.00,0.00,0.00,0.00,0.00,0.00,*6D
$GPNVS,3,224802,010826,+0.38,,,+4.32,-4.11,,,,1,+36.12,*67
$GPNVS,4,224802,010826,0.00,0.00,,,,,,,*6B
$GPNVS,5,224802,010826,5C9,0,0,+36.12,00000,00000,*26
$GPNVS,6,0,A,0,0x00000,0x20,,0x00,00,,0x00000,,*05
$GPNVS,7,224802,010826,A,12,0x00,0,1,0,393239,+4.32,-4.11*55
$GPNVS,9,+10000000.000,+1.87511,+10000000.05,15,+0.000,+0.39,,+36.12,50.0,99.0,*66
$GPNVS,10,1,0,0,+5,+5,2,100,0.5,3,2,30,1,+0,1.0,20,+14,1,2,8000*64
$GPNVS,1,224803,010826,A,N,0,N,0x00000,0x20,0x00,1,N*1B
$GPNVS,2,224803,010826,0.00,0.00,0.00,0.00,0.00,0.00,0.00,0.00,*6C
$GPNVS,3,224803,010826,+0.38,,,+4.32,-4.09,,,,1,+36.12,*6F
$GPNVS,4,224803,010826,0.00,0.00,,,,,,,*6A
$GPNVS,5,224803,010826,5C9,0,0,+36.12,00000,00000,*27
$GPNVS,6,0,A,0,0x00000,0x20,,0x00,00,,0x00000,,*05
$GPNVS,7,224803,010826,A,12,0x00,0,1,0,393239,+4.32,-4.10*55
$GPNVS,9,+10000000.000,+1.87511,+10000000.00,15,+0.000,+0.39,,+36.12,50.0,99.0,*63
$GPNVS,10,1,0,0,+5,+5,2,100,0.5,3,2,30,1,+0,1.0,20,+14,1,2,8000*64
$GPNVS,1,224804,010826,A,N,0,N,0x00000,0x20,0x00,1,N*1C
$GPNVS,2,224804,010826,0.00,0.00,0.00,0.00,0.00,0.00,0.00,0.00,*6B
$GPNVS,3,224804,010826,+0.38,,,+4.32,-4.11,,,,1,+36.12,*61
$GPNVS,4,224804,010826,0.00,0.00,,,,,,,*6D
$GPNVS,5,224804,010826,5C9,0,0,+36.12,00000,00000,*20
$GPNVS,6,0,A,0,0x00000,0x20,,0x00,00,,0x00000,,*05
$GPNVS,7,224804,010826,A,12,0x00,0,2,0,393239,+4.32,-4.11*50
$GPNVS,9,+9999999.9989,+1.87511,+9999999.949,15,+0.000,+0.39,,+36.12,50.0,99.0,*66
$GPNVS,10,1,0,0,+10,+5,2,100,0.5,3,2,30,1,+0,1.0,20,+14,1,2,8000*50
$GPNVS,1,224805,010826,A,N,0,N,0x00000,0x20,0x00,1,N*1D
$GPNVS,2,224805,010826,0.00,0.00,0.00,0.00,0.00,0.00,0.00,0.00,*6A
$GPNVS,3,224805,010826,+0.38,,,+4.32,-4.09,,,,1,+36.12,*69
$GPNVS,4,224805,010826,0.00,0.00,,,,,,,*6C
$GPNVS,5,224805,010826,5C9,0,0,+36.12,00000,00000,*21
$GPNVS,6,0,A,0,0x00000,0x20,,0x00,00,,0x00000,,*05
$GPNVS,7,224805,010826,A,12,0x00,0,1,0,393239,+4.32,-4.10*53
$GPNVS,9,+10000000.000,+1.87511,+10000000.05,15,+0.000,+0.39,,+36.12,50.0,99.0,*66
$GPNVS,10,1,0,0,+5,+5,2,100,0.5,3,2,30,1,-1,1.0,20,+14,1,2,8000*63
$GPNVS,1,224806,010826,A,N,0,N,0x00000,0x20,0x00,1,N*1E
$GPNVS,2,224806,010826,0.00,0.00,0.00,0.00,0.00,0.00,0.00,0.00,*69
$GPNVS,3,224806,010826,+0.38,,,+4.32,-4.11,,,,1,+36.12,*63
$GPNVS,4,224806,010826,0.00,0.00,,,,,,,*6F
$GPNVS,5,224806,010826,5C9,0,0,+36.12,00000,00000,*22
$GPNVS,6,0,A,0,0x00000,0x20,,0x00,00,,0x00000,,*05
$GPNVS,7,224806,010826,A,12,0x00,0,1,0,393239,+4.32,-4.11*51
$GPNVS,9,+10000000.000,+1.87511,+10000000.00,15,+0.000,+0.39,,+36.12,50.0,99.0,*63
$GPNVS,10,1,0,0,+5,+5,2,100,0.5,3,2,30,1,-1,1.0,20,+14,1,2,8000*63
$GPNVS,1,224807,010826,A,N,0,N,0x00000,0x20,0x00,1,N*1F
$GPNVS,2,224807,010826,0.00,0.00,0.00,0.00,0.00,0.00,0.00,0.00,*68
$GPNVS,3,224807,010826,+0.38,,,+4.32,-4.11,,,,1,+36.12,*62
$GPNVS,4,224807,010826,0.00,0.00,,,,,,,*6E
$GPNVS,5,224807,010826,5C9,0,0,+36.12,00000,00000,*23
$GPNVS,6,0,A,0,0x00000,0x20,,0x00,00,,0x00000,,*05
$GPNVS,7,224807,010826,A,12,0x00,0,1,-1,393238,+4.32,-4.11*7D
$GPNVS,9,+10000000.000,+1.87510,+10000000.00,15,+0.000,+0.39,,+36.12,50.0,99.0,*62
$GPNVS,10,1,0,0,+5,+5,2,100,0.5,3,2,30,1,-1,1.0,20,-6,1,2,8000*56
$GPNVS,99,,,*5C
$GPNVS,1,224808,010826,A,N,0,N,0x00000,0x20,0x00,1,N*10
$GPNVS,2,224808,010826,0.00,0.00,0.00,0.00,0.00,0.00,0.00,0.00,*67
$GPNVS,3,224808,010826,+0.38,,,+4.32,-4.09,,,,1,+36.12,*64
$GPNVS,4,224808,010826,0.00,0.00,,,,,,,*61
$GPNVS,5,224808,010826,5C9,0,0,+36.12,00000,00000,*2C
$GPNVS,6,0,A,0,0x00000,0x20,,0x00,00,,0x00000,,*05
$GPNVS,7,224808,010826,A,12,0x00,0,2,0,393238,+4.32,-4.10*5C
$GPNVS,9,+9999999.9989,+1.87510,+9999999.949,15,+0.000,+0.39,,+36.12,50.0,99.0,*67
$GPNVS,10,1,0,0,+10,+5,2,100,0.5,3,2,30,1,-1,1.0,20,-6,1,2,8000*62
$GPNVS,1,224809,010826,A,N,0,N,0x00000,0x20,0x00,1,N*11
$GPNVS,2,224809,010826,0.00,0.00,0.00,0.00,0.00,0.00,0.00,0.00,*66
$GPNVS,3,224809,010826,+0.38,,,+4.32,-4.09,,,,1,+36.12,*65
$GPNVS,4,224809,010826,0.00,0.00,,,,,,,*60
$GPNVS,5,224809,010826,5C9,0,0,+36.12,00000,00000,*2D
$GPNVS,6,0,A,0,0x00000,0x20,,0x00,00,,0x00000,,*05
$GPNVS,7,224809,010826,A,12,0x00,0,2,0,393238,+4.32,-4.10*5D
$GPNVS,9,+9999999.9989,+1.87510,+10000000.00,15,+0.000,+0.39,,+36.12,50.0,99.0,*6B
$GPNVS,10,1,0,0,+10,+10,2,100,0.5,3,2,30,1,-1,1.0,20,-6,1,2,8000*56
$GPNVS,1,224810,010826,A,N,0,N,0x00000,0x20,0x00,1,N*19
$GPNVS,2,224810,010826,0.00,0.00,0.00,0.00,0.00,0.00,0.00,0.00,*6E
$GPNVS,3,224810,010826,+0.38,,,+4.32,-4.09,,,,1,+36.12,*6D
$GPNVS,4,224810,010826,0.00,0.00,,,,,,,*68
$GPNVS,5,224810,010826,5C9,0,0,+36.12,00000,00000,*25
$GPNVS,6,0,A,0,0x00000,0x20,,0x00,00,,0x00000,,*05
$GPNVS,7,224810,010826,A,12,0x00,0,1,-1,393237,+4.32,-4.10*75
$GPNVS,9,+10000000.000,+1.87510,+10000000.05,15,+0.000,+0.39,,+36.12,50.0,99.0,*67
$GPNVS,10,1,0,0,+5,+5,2,100,0.5,3,2,30,1,-1,1.0,20,-6,1,2,8000*56
$GPNVS,1,224811,010826,A,N,0,N,0x00000,0x20,0x00,1,N*18
$GPNVS,2,224811,010826,0.00,0.00,0.00,0.00,0.00,0.00,0.00,0.00,*6F
$GPNVS,3,224811,010826,+0.38,,,+4.32,-4.09,,,,1,+36.12,*6C
$GPNVS,4,224811,010826,0.00,0.00,,,,,,,*69
$GPNVS,5,224811,010826,5C9,0,0,+36.12,00000,00000,*24
$GPNVS,6,0,A,0,0x00000,0x20,,0x00,00,,0x00000,,*05
$GPNVS,7,224811,010826,A,12,0x00,0,2,0,393237,+4.32,-4.10*5B
$GPNVS,9,+9999999.9989,+1.87510,+9999999.949,15,+0.000,+0.39,,+36.12,50.0,99.0,*67
$GPNVS,10,1,0,0,+10,+5,2,100,0.5,3,2,30,1,-1,1.0,20,-6,1,2,8000*62
$GPNVS,1,224812,010826,A,N,0,N,0x00000,0x20,0x00,1,N*1B
$GPNVS,2,224812,010826,0.00,0.00,0.00,0.00,0.00,0.00,0.00,0.00,*6C
$GPNVS,3,224812,010826,+0.38,,,+4.32,-4.11,,,,1,+36.12,*66
$GPNVS,4,224812,010826,0.00,0.00,,,,,,,*6A
$GPNVS,5,224812,010826,5C9,0,0,+36.12,00000,00000,*27
$GPNVS,6,0,A,0,0x00000,0x20,,0x00,00,,0x00000,,*05
$GPNVS,7,224812,010826,A,12,0x00,0,2,0,393237,+4.32,-4.11*59
$GPNVS,9,+9999999.9989,+1.87510,+10000000.00,15,+0.000,+0.39,,+36.12,50.0,99.0,*6B
$GPNVS,10,1,0,0,+10,+10,2,100,0.5,3,2,30,1,+0,1.0,20,-6,1,2,8000*51
$GPNVS,1,224813,010826,A,N,0,N,0x00000,0x20,0x00,1,N*1A
$GPNVS,2,224813,010826,0.00,0.00,0.00,0.00,0.00,0.00,0.00,0.00,*6D
$GPNVS,3,224813,010826,+0.38,,,+4.32,-4.09,,,,1,+36.12,*6E
$GPNVS,4,224813,010826,0.00,0.00,,,,,,,*6B
$GPNVS,5,224813,010826,5C9,0,0,+36.12,00000,00000,*26
$GPNVS,6,0,A,0,0x00000,0x20,,0x00,00,,0x00000,,*05
$GPNVS,7,224813,010826,A,12,0x00,0,1,0,393237,+4.32,-4.10*5A
$GPNVS,9,+10000000.001,+1.87510,+10000000.05,15,+0.000,+0.39,,+36.12,50.0,99.0,*66
$GPNVS,10,1,0,0,+5,+5,2,100,0.5,3,2,30,1,+0,1.0,20,-6,1,2,8000*51
$GPNVS,1,224814,010826,A,N,0,N,0x00000,0x20,0x00,1,N*1D
$GPNVS,2,224814,010826,0.00,0.00,0.00,0.00,0.00,0.00,0.00,0.00,*6A
$GPNVS,3,224814,010826,+0.38,,,+4.32,-4.09,,,,1,+36.12,*69
$GPNVS,4,224814,010826,0.00,0.00,,,,,,,*6C
$GPNVS,5,224814,010826,5C9,0,0,+36.12,00000,00000,*21
$GPNVS,6,0,A,0,0x00000,0x20,,0x00,00,,0x00000,,*05
$GPNVS,7,224814,010826,A,12,0x00,0,1,0,393237,+4.32,-4.10*5D
$GPNVS,9,+10000000.001,+1.87510,+10000000.00,15,+0.000,+0.39,,+36.12,50.0,99.0,*63
$GPNVS,10,1,0,0,+5,+5,2,100,0.5,3,2,30,1,+0,1.0,20,-6,1,2,8000*51
$GPNVS,1,224815,010826,A,N,0,N,0x00000,0x20,0x00,1,N*1C
$GPNVS,2,224815,010826,0.00,0.00,0.00,0.00,0.00,0.00,0.00,0.00,*6B
$GPNVS,3,224815,010826,+0.38,,,+4.32,-4.09,,,,1,+36.12,*68
$GPNVS,4,224815,010826,0.00,0.00,,,,,,,*6D
$GPNVS,5,224815,010826,5C9,0,0,+36.12,00000,00000,*20
$GPNVS,6,0,A,0,0x00000,0x20,,0x00,00,,0x00000,,*05
$GPNVS,7,224815,010826,A,12,0x00,0,2,0,393237,+4.32,-4.10*5F
$GPNVS,9,+9999999.9989,+1.87510,+9999999.949,15,+0.000,+0.39,,+36.12,50.0,99.0,*67
$GPNVS,10,1,0,0,+10,+5,2,100,0.5,3,2,30,1,+0,1.0,20,-6,1,2,8000*65
$GPNVS,1,224816,010826,A,N,0,N,0x00000,0x20,0x00,1,N*1F
$GPNVS,2,224816,010826,0.00,0.00,0.00,0.00,0.00,0.00,0.00,0.00,*68
$GPNVS,3,224816,010826,+0.38,,,+4.32,-4.09,,,,1,+36.12,*6B
$GPNVS,4,224816,010826,0.00,0.00,,,,,,,*6E
$GPNVS,5,224816,010826,5C9,0,0,+36.12,00000,00000,*23
$GPNVS,6,0,A,0,0x00000,0x20,,0x00,00,,0x00000,,*05
$GPNVS,7,224816,010826,A,12,0x00,0,2,1,393238,+4.32,-4.10*52
$GPNVS,9,+9999999.9989,+1.87510,+10000000.00,15,+0.000,+0.39,,+36.12,50.0,99.0,*6B
$GPNVS,10,1,0,0,+10,+10,2,100,0.5,3,2,30,1,+0,1.0,20,-6,1,2,8000*51
$GPNVS,1,224817,010826,A,N,0,N,0x00000,0x20,0x00,1,N*1E
$GPNVS,2,224817,010826,0.00,0.00,0.00,0.00,0.00,0.00,0.00,0.00,*69
$GPNVS,3,224817,010826,+0.38,,,+4.32,-4.09,,,,1,+36.12,*6A
$GPNVS,4,224817,010826,0.00,0.00,,,,,,,*6F
$GPNVS,5,224817,010826,5C9,0,0,+36.12,00000,00000,*22
$GPNVS,6,0,A,0,0x00000,0x20,,0x00,00,,0x00000,,*05
$GPNVS,7,224817,010826,A,12,0x00,0,1,0,393238,+4.32,-4.10*51
$GPNVS,9,+10000000.000,+1.87510,+10000000.05,15,+0.000,+0.39,,+36.12,50.0,99.0,*67
$GPNVS,10,1,0,0,+5,+5,2,100,0.5,3,2,30,1,+0,1.0,20,-6,1,2,8000*51
$GPNVS,1,224818,010826,A,N,0,N,0x00000,0x20,0x00,1,N*11
$GPNVS,2,224818,010826,0.00,0.00,0.00,0.00,0.00,0.00,0.00,0.00,*66
$GPNVS,3,224818,010826,+0.38,,,+4.32,-4.11,,,,1,+36.12,*6C
$GPNVS,4,224818,010826,0.00,0.00,,,,,,,*60
$GPNVS,5,224818,010826,5C9,0,0,+36.12,00000,00000,*2D
$GPNVS,6,0,A,0,0x00000,0x20,,0x00,00,,0x00000,,*05
$GPNVS,7,224818,010826,A,12,0x00,0,1,0,393238,+4.32,-4.11*5F
$GPNVS,9,+10000000.001,+1.87510,+10000000.00,15,+0.000,+0.39,,+36.12,50.0,99.0,*63
$GPNVS,10,1,0,0,+5,+5,2,100,0.5,3,2,30,1,+0,1.0,20,+10,1,2,8000*60
$GPNVS,1,224819,010826,A,N,0,N,0x00000,0x20,0x00,1,N*10
$GPNVS,2,224819,010826,0.00,0.00,0.00,0.00,0.00,0.00,0.00,0.00,*67
$GPNVS,3,224819,010826,+0.38,,,+4.32,-4.09,,,,1,+36.12,*64
$GPNVS,4,224819,010826,0.00,0.00,,,,,,,*61
$GPNVS,5,224819,010826,5C9,0,0,+36.12,00000,00000,*2C
$GPNVS,6,0,A,0,0x00000,0x20,,0x00,00,,0x00000,,*05
$GPNVS,7,224819,010826,A,12,0x00,0,2,0,393238,+4.32,-4.10*5C
$GPNVS,9,+9999999.9989,+1.87510,+9999999.949,15,+0.000,+0.39,,+36.12,50.0,99.0,*67
$GPNVS,10,1,0,0,+10,+5,2,100,0.5,3,2,30,1,+0,1.0,20,+10,1,2,8000*54
$GPNVS,1,224820,010826,A,N,0,N,0x00000,0x20,0x00,1,N*1A
$GPNVS,2,224820,010826,0.00,0.00,0.00,0.00,0.00,0.00,0.00,0.00,*6D
$GPNVS,3,224820,010826,+0.38,,,+4.32,-4.11,,,,1,+36.12,*67
$GPNVS,4,224820,010826,0.00,0.00,,,,,,,*6B
$GPNVS,5,224820,010826,5C9,0,0,+36.12,00000,00000,*26
$GPNVS,6,0,A,0,0x00000,0x20,,0x00,00,,0x00000,,*05
$GPNVS,7,224820,010826,A,12,0x00,0,2,0,393238,+4.32,-4.11*57
$GPNVS,9,+9999999.9989,+1.87510,+10000000.00,15,+0.000,+0.39,,+36.12,50.0,99.0,*6B
$GPNVS,10,1,0,0,+10,+10,2,100,0.5,3,2,30,1,+1,1.0,20,+10,1,2,8000*61
$GPNVS,1,224821,010826,A,N,0,N,0x00000,0x20,0x00,1,N*1B
$GPNVS,2,224821,010826,0.00,0.00,0.00,0.00,0.00,0.00,0.00,0.00,*6C
$GPNVS,3,224821,010826,+0.38,,,+4.32,-4.09,,,,1,+36.12,*6F
$GPNVS,4,224821,010826,0.00,0.00,,,,,,,*6A
$GPNVS,5,224821,010826,5C9,0,0,+36.12,00000,00000,*27
$GPNVS,6,0,A,0,0x00000,0x20,,0x00,00,,0x00000,,*05
$GPNVS,7,224821,010826,A,12,0x00,0,2,0,393238,+4.32,-4.10*57
$GPNVS,9,+10000000.000,+1.87510,+10000000.00,15,+0.000,+0.39,,+36.12,50.0,99.0,*62
$GPNVS,10,1,0,0,+10,+10,2,100,0.5,3,2,30,1,+1,1.0,20,+10,1,2,8000*61
$GPNVS,1,224822,010826,A,N,0,N,0x00000,0x20,0x00,1,N*18
$GPNVS,2,224822,010826,0.00,0.00,0.00,0.00,0.00,0.00,0.00,0.00,*6F
$GPNVS,3,224822,010826,+0.38,,,+4.32,-4.09,,,,1,+36.12,*6C
$GPNVS,4,224822,010826,0.00,0.00,,,,,,,*69
$GPNVS,5,224822,010826,5C9,0,0,+36.12,00000,00000,*24
$GPNVS,6,0,A,0,0x00000,0x20,,0x00,00,,0x00000,,*05
$GPNVS,7,224822,010826,A,12,0x00,0,2,2,393240,+4.32,-4.10*59
$GPNVS,9,+10000000.000,+1.87511,+10000000.00,15,+0.000,+0.39,,+36.12,50.0,99.0,*63
$GPNVS,10,1,0,0,+10,+10,2,100,0.5,3,2,30,1,+1,1.0,20,+10,1,2,8000*61
$GPNVS,99,,,*5C
$GPNVS,1,224823,010826,A,N,0,N,0x00000,0x20,0x00,1,N*19
$GPNVS,2,224823,010826,0.00,0.00,0.00,0.00,0.00,0.00,0.00,0.00,*6E
$GPNVS,3,224823,010826,+0.38,,,+4.32,-4.11,,,,1,+36.12,*64
$GPNVS,4,224823,010826,0.00,0.00,,,,,,,*68
$GPNVS,5,224823,010826,5C9,0,0,+36.12,00000,00000,*25
$GPNVS,6,0,A,0,0x00000,0x20,,0x00,00,,0x00000,,*05
$GPNVS,7,224823,010826,A,12,0x00,0,1,0,393240,+4.32,-4.11*58
$GPNVS,9,+10000000.001,+1.87511,+10000000.05,15,+0.000,+0.39,,+36.12,50.0,99.0,*67
$GPNVS,10,1,0,0,+5,+5,2,100,0.5,3,2,30,1,+1,1.0,20,+10,1,2,8000*61
$GPNVS,1,224824,010826,A,N,0,N,0x00000,0x20,0x00,1,N*1E
$GPNVS,2,224824,010826,0.00,0.00,0.00,0.00,0.00,0.00,0.00,0.00,*69
$GPNVS,3,224824,010826,+0.38,,,+4.32,-4.11,,,,1,+36.12,*63
$GPNVS,4,224824,010826,0.00,0.00,,,,,,,*6F
$GPNVS,5,224824,010826,5C9,0,0,+36.12,00000,00000,*22
$GPNVS,6,0,A,0,0x00000,0x20,,0x00,00,,0x00000,,*05
$GPNVS,7,224824,010826,A,12,0x00,0,2,0,393240,+4.32,-4.11*5C
$GPNVS,9,+10000000.000,+1.87511,+9999999.949,15,+0.000,+0.39,,+36.12,50.0,99.0,*6F
$GPNVS,10,1,0,0,+10,+5,2,100,0.5,3,2,30,1,+1,1.0,20,+10,1,2,8000*55
$GPNVS,1,224825,010826,A,N,0,N,0x00000,0x20,0x00,1,N*1F
$GPNVS,2,224825,010826,0.00,0.00,0.00,0.00,0.00,0.00,0.00,0.00,*68
$GPNVS,3,224825,010826,+0.38,,,+4.32,-4.09,,,,1,+36.12,*6B
$GPNVS,4,224825,010826,0.00,0.00,,,,,,,*6E
$GPNVS,5,224825,010826,5C9,0,0,+36.12,00000,00000,*23
$GPNVS,6,0,A,0,0x00000,0x20,,0x00,00,,0x00000,,*05
$GPNVS,7,224825,010826,A,12,0x00,0,1,0,393240,+4.32,-4.10*5F
$GPNVS,9,+10000000.001,+1.87511,+10000000.05,15,+0.000,+0.39,,+36.12,50.0,99.0,*67
$GPNVS,10,1,0,0,+5,+5,2,100,0.5,3,2,30,1,+0,1.0,20,+10,1,2,8000*60
$GPNVS,1,224826,010826,A,N,0,N,0x00000,0x20,0x00,1,N*1C
$GPNVS,2,224826,010826,0.00,0.00,0.00,0.00,0.00,0.00,0.00,0.00,*6B
$GPNVS,3,224826,010826,+0.38,,,+4.32,-4.09,,,,1,+36.12,*68
$GPNVS,4,224826,010826,0.00,0.00,,,,,,,*6D
$GPNVS,5,224826,010826,5C9,0,0,+36.12,00000,00000,*20
$GPNVS,6,0,A,0,0x00000,0x20,,0x00,00,,0x00000,,*05
$GPNVS,7,224826,010826,A,12,0x00,0,1,0,393240,+4.32,-4.10*5C
$GPNVS,9,+10000000.001,+1.87511,+10000000.00,15,+0.000,+0.39,,+36.12,50.0,99.0,*62
$GPNVS,10,1,0,0,+5,+5,2,100,0.5,3,2,30,1,+0,1.0,20,+10,1,2,8000*60
$GPNVS,1,224827,010826,A,N,0,N,0x00000,0x20,0x00,1,N*1D
$GPNVS,2,224827,010826,0.00,0.00,0.00,0.00,0.00,0.00,0.00,0.00,*6A
$GPNVS,3,224827,010826,+0.38,,,+4.32,-4.11,,,,1,+36.12,*60
$GPNVS,4,224827,010826,0.00,0.00,,,,,,,*6C
$GPNVS,5,224827,010826,5C9,0,0,+36.12,00000,00000,*21
$GPNVS,6,0,A,0,0x00000,0x20,,0x00,00,,0x00000,,*05
$GPNVS,7,224827,010826,A,12,0x00,0,2,0,393240,+4.32,-4.11*5F
$GPNVS,9,+10000000.000,+1.87511,+9999999.949,15,+0.000,+0.39,,+36.12,50.0,99.0,*6F
$GPNVS,10,1,0,0,+10,+5,2,100,0.5,3,2,30,1,+0,1.0,20,+10,1,2,8000*54
$GPNVS,1,224828,010826,A,N,0,N,0x00000,0x20,0x00,1,N*12
$GPNVS,2,224828,010826,0.00,0.00,0.00,0.00,0.00,0.00,0.00,0.00,*65
$GPNVS,3,224828,010826,+0.38,,,+4.32,-4.11,,,,1,+36.12,*6F
$GPNVS,4,224828,010826,0.00,0.00,,,,,,,*63
$GPNVS,5,224828,010826,5C9,0,0,+36.12,00000,00000,*2E
$GPNVS,6,0,A,0,0x00000,0x20,,0x00,00,,0x00000,,*05
$GPNVS,7,224828,010826,A,12,0x00,0,1,-1,393239,+4.32,-4.11*71
$GPNVS,9,+10000000.001,+1.87511,+10000000.05,15,+0.000,+0.39,,+36.12,50.0,99.0,*67
$GPNVS,10,1,0,0,+5,+5,2,100,0.5,3,2,30,1,-1,1.0,20,+10,1,2,8000*67
$GPNVS,1,224829,010826,A,N,0,N,0x00000,0x20,0x00,1,N*13
$GPNVS,2,224829,010826,0.00,0.00,0.00,0.00,0.00,0.00,0.00,0.00,*64
$GPNVS,3,224829,010826,+0.38,,,+4.32,-4.09,,,,1,+36.12,*67
$GPNVS,4,224829,010826,0.00,0.00,,,,,,,*62
$GPNVS,5,224829,010826,5C9,0,0,+36.12,00000,00000,*2F
$GPNVS,6,0,A,0,0x00000,0x20,,0x00,00,,0x00000,,*05
$GPNVS,7,224829,010826,A,12,0x00,0,1,0,393239,+4.32,-4.10*5D
$GPNVS,9,+10000000.000,+1.87511,+10000000.00,15,+0.000,+0.39,,+36.12,50.0,99.0,*63
$GPNVS,10,1,0,0,+5,+5,2,100,0.5,3,2,30,1,-1,1.0,20,-10,1,2,8000*61
$GPNVS,1,224830,010826,A,N,0,N,0x00000,0x20,0x00,1,N*1B
$GPNVS,2,224830,010826,0.00,0.00,0.00,0.00,0.00,0.00,0.00,0.00,*6C
$GPNVS,3,224830,010826,+0.38,,,+4.32,-4.09,,,,1,+36.12,*6F
$GPNVS,4,224830,010826,0.00,0.00,,,,,,,*6A
$GPNVS,5,224830,010826,5C9,0,0,+36.12,00000,00000,*27
$GPNVS,6,0,A,0,0x00000,0x20,,0x00,00,,0x00000,,*05
$GPNVS,7,224830,010826,A,12,0x00,0,2,0,393239,+4.32,-4.10*56
$GPNVS,9,+10000000.000,+1.87511,+9999999.949,15,+0.000,+0.39,,+36.12,50.0,99.0,*6F
$GPNVS,10,1,0,0,+10,+5,2,100,0.5,3,2,30,1,-1,1.0,20,-10,1,2,8000*55
$GPNVS,1,224831,010826,A,N,0,N,0x00000,0x20,0x00,1,N*1A
$GPNVS,2,224831,010826,0.00,0.00,0.00,0.00,0.00,0.00,0.00,0.00,*6D
$GPNVS,3,224831,010826,+0.38,,,+4.32,-4.09,,,,1,+36.12,*6E
$GPNVS,4,224831,010826,0.00,0.00,,,,,,,*6B
$GPNVS,5,224831,010826,5C9,0,0,+36.12,00000,00000,*26
$GPNVS,6,0,A,0,0x00000,0x20,,0x00,00,,0x00000,,*05
$GPNVS,7,224831,010826,A,12,0x00,0,1,0,393239,+4.32,-4.10*54
$GPNVS,9,+10000000.001,+1.87511,+10000000.05,15,+0.000,+0.39,,+36.12,50.0,99.0,*67
$GPNVS,10,1,0,0,+5,+5,2,100,0.5,3,2,30,1,+0,1.0,20,-10,1,2,8000*66
$GPNVS,1,224832,010826,A,N,0,N,0x00000,0x20,0x00,1,N*19
$GPNVS,2,224832,010826,0.00,0.00,0.00,0.00,0.00,0.00,0.00,0.00,*6E
$GPNVS,3,224832,010826,+0.38,,,+4.32,-4.09,,,,1,+36.12,*6D
$GPNVS,4,224832,010826,0.00,0.00,,,,,,,*68
$GPNVS,5,224832,010826,5C9,0,0,+36.12,00000,00000,*25
$GPNVS,6,0,A,0,0x00000,0x20,,0x00,00,,0x00000,,*05
$GPNVS,7,224832,010826,A,12,0x00,0,1,0,393239,+4.32,-4.10*57
$GPNVS,9,+10000000.001,+1.87511,+10000000.00,15,+0.000,+0.39,,+36.12,50.0,99.0,*62
$GPNVS,10,1,0,0,+5,+5,2,100,0.5,3,2,30,1,+0,1.0,20,-10,1,2,8000*66
$GPNVS,1,224833,010826,A,N,0,N,0x00000,0x20,0x00,1,N*18
$GPNVS,2,224833,010826,0.00,0.00,0.00,0.00,0.00,0.00,0.00,0.00,*6F
$GPNVS,3,224833,010826,+0.38,,,+4.32,-4.09,,,,1,+36.12,*6C
$GPNVS,4,224833,010826,0.00,0.00,,,,,,,*69
$GPNVS,5,224833,010826,5C9,0,0,+36.12,00000,00000,*24
$GPNVS,6,0,A,0,0x00000,0x20,,0x00,00,,0x00000,,*05
$GPNVS,7,224833,010826,A,12,0x00,0,2,0,393239,+4.32,-4.10*55
$GPNVS,9,+10000000.000,+1.87511,+9999999.949,15,+0.000,+0.39,,+36.12,50.0,99.0,*6F
$GPNVS,10,1,0,0,+10,+5,2,100,0.5,3,2,30,1,-1,1.0,20,-10,1,2,8000*55
$GPNVS,1,224834,010826,A,N,0,N,0x00000,0x20,0x00,1,N*1F
$GPNVS,2,224834,010826,0.00,0.00,0.00,0.00,0.00,0.00,0.00,0.00,*68
$GPNVS,3,224834,010826,+0.38,,,+4.32,-4.09,,,,1,+36.12,*6B
$GPNVS,4,224834,010826,0.00,0.00,,,,,,,*6E
$GPNVS,5,224834,010826,5C9,0,0,+36.12,00000,00000,*23
$GPNVS,6,0,A,0,0x00000,0x20,,0x00,00,,0x00000,,*05
$GPNVS,7,224834,010826,A,12,0x00,0,1,-1,393238,+4.32,-4.10*7C
$GPNVS,9,+10000000.001,+1.87510,+10000000.05,15,+0.000,+0.39,,+36.12,50.0,99.0,*66
$GPNVS,10,1,0,0,+5,+5,2,100,0.5,3,2,30,1,-1,1.0,20,-10,1,2,8000*61
$GPNVS,1,224835,010826,A,N,0,N,0x00000,0x20,0x00,1,N*1E
$GPNVS,2,224835,010826,0.00,0.00,0.00,0.00,0.00,0.00,0.00,0.00,*69
$GPNVS,3,224835,010826,+0.38,,,+4.32,-4.09,,,,1,+36.12,*6A
$GPNVS,4,224835,010826,0.00,0.00,,,,,,,*6F
$GPNVS,5,224835,010826,5C9,0,0,+36.12,00000,00000,*22
$GPNVS,6,0,A,0,0x00000,0x20,,0x00,00,,0x00000,,*05
$GPNVS,7,224835,010826,A,12,0x00,0,1,0,393238,+4.32,-4.10*51
$GPNVS,9,+10000000.001,+1.87510,+10000000.00,15,+0.000,+0.39,,+36.12,50.0,99.0,*63
$GPNVS,10,1,0,0,+5,+5,2,100,0.5,3,2,30,1,-1,1.0,20,-10,1,2,8000*61
$GPNVS,1,224836,010826,A,N,0,N,0x00000,0x20,0x00,1,N*1D
$GPNVS,2,224836,010826,0.00,0.00,0.00,0.00,0.00,0.00,0.00,0.00,*6A
$GPNVS,3,224836,010826,+0.38,,,+4.32,-4.09,,,,1,+36.12,*69
$GPNVS,4,224836,010826,0.00,0.00,,,,,,,*6C
$GPNVS,5,224836,010826,5C9,0,0,+36.12,00000,00000,*21
$GPNVS,6,0,A,0,0x00000,0x20,,0x00,00,,0x00000,,*05
$GPNVS,7,224836,010826,A,12,0x00,0,1,0,393238,+4.32,-4.10*52
$GPNVS,9,+10000000.001,+1.87510,+10000000.00,15,+0.000,+0.39,,+36.12,50.0,99.0,*63
$GPNVS,10,1,0,0,+5,+5,2,100,0.5,3,2,30,1,-1,1.0,20,-10,1,2,8000*61
$GPNVS,1,224837,010826,A,N,0,N,0x00000,0x20,0x00,1,N*1C
$GPNVS,2,224837,010826,0.00,0.00,0.00,0.00,0.00,0.00,0.00,0.00,*6B
$GPNVS,3,224837,010826,+0.38,,,+4.32,-4.09,,,,1,+36.12,*68
$GPNVS,4,224837,010826,0.00,0.00,,,,,,,*6D
$GPNVS,5,224837,010826,5C9,0,0,+36.12,00000,00000,*20
$GPNVS,6,0,A,0,0x00000,0x20,,0x00,00,,0x00000,,*05
$GPNVS,7,224837,010826,A,12,0x00,0,1,-1,393237,+4.32,-4.10*70
$GPNVS,9,+10000000.001,+1.87510,+10000000.00,15,+0.000,+0.39,,+36.12,50.0,99.0,*63
$GPNVS,10,1,0,0,+5,+5,2,100,0.5,3,2,30,1,-1,1.0,20,-10,1,2,8000*61
$GPNVS,99,,,*5C
$GPNVS,1,224838,010826,A,N,0,N,0x00000,0x20,0x00,1,N*13
$GPNVS,2,224838,010826,0.00,0.00,0.00,0.00,0.00,0.00,0.00,0.00,*64
$GPNVS,3,224838,010826,+0.38,,,+4.32,-4.11,,,,1,+36.12,*6E
$GPNVS,4,224838,010826,0.00,0.00,,,,,,,*62
$GPNVS,5,224838,010826,5C9,0,0,+36.12,00000,00000,*2F
$GPNVS,6,0,A,0,0x00000,0x20,,0x00,00,,0x00000,,*05
$GPNVS,7,224838,010826,A,12,0x00,0,1,0,393237,+4.32,-4.11*52
$GPNVS,9,+10000000.001,+1.87510,+10000000.00,15,+0.000,+0.39,,+36.12,50.0,99.0,*63
$GPNVS,10,1,0,0,+5,+5,2,100,0.5,3,2,30,1,-1,1.0,20,-10,1,2,8000*61
$GPNVS,1,224839,010826,A,N,0,N,0x00000,0x20,0x00,1,N*12
$GPNVS,2,224839,010826,0.00,0.00,0.00,0.00,0.00,0.00,0.00,0.00,*65
$GPNVS,3,224839,010826,+0.38,,,+4.32,-4.09,,,,1,+36.12,*66
$GPNVS,4,224839,010826,0.00,0.00,,,,,,,*63
$GPNVS,5,224839,010826,5C9,0,0,+36.12,00000,00000,*2E
$GPNVS,6,0,A,0,0x00000,0x20,,0x00,00,,0x00000,,*05
$GPNVS,7,224839,010826,A,12,0x00,0,1,0,393237,+4.32,-4.10*52
$GPNVS,9,+10000000.001,+1.87510,+10000000.00,15,+0.000,+0.39,,+36.12,50.0,99.0,*63
$GPNVS,10,1,0,0,+5,+5,2,100,0.5,3,2,30,1,-1,1.0,20,-10,1,2,8000*61
$GPNVS,1,224840,010826,A,N,0,N,0x00000,0x20,0x00,1,N*1C
$GPNVS,2,224840,010826,0.00,0.00,0.00,0.00,0.00,0.00,0.00,0.00,*6B
$GPNVS,3,224840,010826,+0.38,,,+4.32,-4.09,,,,1,+36.12,*68
$GPNVS,4,224840,010826,0.00,0.00,,,,,,,*6D
$GPNVS,5,224840,010826,5C9,0,0,+36.12,00000,00000,*20
$GPNVS,6,0,A,0,0x00000,0x20,,0x00,00,,0x00000,,*05
$GPNVS,7,224840,010826,A,12,0x00,0,1,-1,393236,+4.32,-4.10*71
$GPNVS,9,+10000000.001,+1.87509,+10000000.00,15,+0.000,+0.39,,+36.12,50.0,99.0,*6B
$GPNVS,10,1,0,0,+5,+5,2,100,0.5,3,2,30,1,-1,1.0,20,+6,1,2,8000*50
$GPNVS,1,224841,010826,A,N,0,N,0x00000,0x20,0x00,1,N*1D
$GPNVS,2,224841,010826,0.00,0.00,0.00,0.00,0.00,0.00,0.00,0.00,*6A
$GPNVS,3,224841,010826,+0.38,,,+4.32,-4.09,,,,1,+36.12,*69
$GPNVS,4,224841,010826,0.00,0.00,,,,,,,*6C
$GPNVS,5,224841,010826,5C9,0,0,+36.12,00000,00000,*21
$GPNVS,6,0,A,0,0x00000,0x20,,0x00,00,,0x00000,,*05
$GPNVS,7,224841,010826,A,12,0x00,0,1,0,393236,+4.32,-4.10*5C
$GPNVS,9,+10000000.001,+1.87509,+10000000.00,15,+0.000,+0.39,,+36.12,50.0,99.0,*6B
$GPNVS,10,1,0,0,+5,+5,2,100,0.5,3,2,30,1,+0,1.0,20,+6,1,2,8000*57
$GPNVS,1,224842,010826,A,N,0,N,0x00000,0x20,0x00,1,N*1E
$GPNVS,2,224842,010826,0.00,0.00,0.00,0.00,0.00,0.00,0.00,0.00,*69
$GPNVS,3,224842,010826,+0.38,,,+4.32,-4.11,,,,1,+36.12,*63
$GPNVS,4,224842,010826,0.00,0.00,,,,,,,*6F
$GPNVS,5,224842,010826,5C9,0,0,+36.12,00000,00000,*22
$GPNVS,6,0,A,0,0x00000,0x20,,0x00,00,,0x00000,,*05
$GPNVS,7,224842,010826,A,12,0x00,0,1,0,393236,+4.32,-4.11*5E
$GPNVS,9,+10000000.001,+1.87509,+10000000.00,15,+0.000,+0.39,,+36.12,50.0,99.0,*6B
$GPNVS,10,1,0,0,+5,+5,2,100,0.5,3,2,30,1,+0,1.0,20,+6,1,2,8000*57
$GPNVS,1,224843,010826,A,N,0,N,0x00000,0x20,0x00,1,N*1F
$GPNVS,2,224843,010826,0.00,0.00,0.00,0.00,0.00,0.00,0.00,0.00,*68
$GPNVS,3,224843,010826,+0.38,,,+4.32,-4.11,,,,1,+36.12,*62
$GPNVS,4,224843,010826,0.00,0.00,,,,,,,*6E
$GPNVS,5,224843,010826,5C9,0,0,+36.12,00000,00000,*23
$GPNVS,6,0,A,0,0x00000,0x20,,0x00,00,,0x00000,,*05
$GPNVS,7,224843,010826,A,12,0x00,0,1,0,393236,+4.32,-4.11*5F
$GPNVS,9,+10000000.001,+1.87509,+10000000.00,15,+0.000,+0.39,,+36.12,50.0,99.0,*6B
$GPNVS,10,1,0,0,+5,+5,2,100,0.5,3,2,30,1,+0,1.0,20,+6,1,2,8000*57
$GPNVS,1,224844,010826,A,N,0,N,0x00000,0x20,0x00,1,N*18
$GPNVS,2,224844,010826,0.00,0.00,0.00,0.00,0.00,0.00,0.00,0.00,*6F
$GPNVS,3,224844,010826,+0.38,,,+4.32,-4.11,,,,1,+36.12,*65
$GPNVS,4,224844,010826,0.00,0.00,,,,,,,*69
$GPNVS,5,224844,010826,5C9,0,0,+36.12,00000,00000,*24
$GPNVS,6,0,A,0,0x00000,0x20,,0x00,00,,0x00000,,*05
$GPNVS,7,224844,010826,A,12,0x00,0,1,0,393236,+4.32,-4.11*58
$GPNVS,9,+10000000.001,+1.87509,+10000000.00,15,+0.000,+0.39,,+36.12,50.0,99.0,*6B
$GPNVS,10,1,0,0,+5,+5,2,100,0.5,3,2,30,1,+0,1.0,20,+6,1,2,8000*57
$GPNVS,1,224845,010826,A,N,0,N,0x00000,0x20,0x00,1,N*19
$GPNVS,2,224845,010826,0.00,0.00,0.00,0.00,0.00,0.00,0.00,0.00,*6E
$GPNVS,3,224845,010826,+0.38,,,+4.32,-4.09,,,,1,+36.12,*6D
$GPNVS,4,224845,010826,0.00,0.00,,,,,,,*68
$GPNVS,5,224845,010826,5C9,0,0,+36.12,00000,00000,*25
$GPNVS,6,0,A,0,0x00000,0x20,,0x00,00,,0x00000,,*05
$GPNVS,7,224845,010826,A,12,0x00,-1,1,-1,393235,+4.32,-4.10*5B
$GPNVS,9,+10000000.000,+1.87509,+10000000.00,15,+0.000,+0.39,,+36.12,50.0,99.0,*6A
$GPNVS,10,1,0,0,+5,+5,2,100,0.5,3,2,30,1,+0,1.0,20,+6,1,2,8000*57
$GPNVS,1,224846,010826,A,N,0,N,0x00000,0x20,0x00,1,N*1A
$GPNVS,2,224846,010826,0.00,0.00,0.00,0.00,0.00,0.00,0.00,0.00,*6D
$GPNVS,3,224846,010826,+0.38,,,+4.32,-4.09,,,,1,+36.12,*6E
$GPNVS,4,224846,010826,0.00,0.00,,,,,,,*6B
$GPNVS,5,224846,010826,5C9,0,0,+36.12,00000,00000,*26
$GPNVS,6,0,A,0,0x00000,0x20,,0x00,00,,0x00000,,*05
$GPNVS,7,224846,010826,A,12,0x00,-1,1,0,393235,+4.32,-4.10*74
$GPNVS,9,+10000000.000,+1.87509,+10000000.00,15,+0.000,+0.39,,+36.12,50.0,99.0,*6A
$GPNVS,10,1,0,0,+5,+5,2,100,0.5,3,2,30,1,+0,1.0,20,+6,1,2,8000*57
$GPNVS,1,224847,010826,A,N,0,N,0x00000,0x20,0x00,1,N*1B
$GPNVS,2,224847,010826,0.00,0.00,0.00,0.00,0.00,0.00,0.00,0.00,*6C
$GPNVS,3,224847,010826,+0.38,,,+4.32,-4.11,,,,1,+36.12,*66
$GPNVS,4,224847,010826,0.00,0.00,,,,,,,*6A
$GPNVS,5,224847,010826,5C9,0,0,+36.12,00000,00000,*27
$GPNVS,6,0,A,0,0x00000,0x20,,0x00,00,,0x00000,,*05
$GPNVS,7,224847,010826,A,12,0x00,-1,1,0,393235,+4.32,-4.11*74
$GPNVS,9,+10000000.001,+1.87509,+10000000.00,15,+0.000,+0.39,,+36.12,50.0,99.0,*6B
$GPNVS,10,1,0,0,+5,+5,2,100,0.5,3,2,30,1,+0,1.0,20,+6,1,2,8000*57
$GPNVS,1,224848,010826,A,N,0,N,0x00000,0x20,0x00,1,N*14
$GPNVS,2,224848,010826,0.00,0.00,0.00,0.00,0.00,0.00,0.00,0.00,*63
$GPNVS,3,224848,010826,+0.38,,,+4.32,-4.11,,,,1,+36.12,*69
$GPNVS,4,224848,010826,0.00,0.00,,,,,,,*65
$GPNVS,5,224848,010826,5C9,0,0,+36.12,00000,00000,*28
$GPNVS,6,0,A,0,0x00000,0x20,,0x00,00,,0x00000,,*05
$GPNVS,7,224848,010826,A,12,0x00,-1,1,0,393235,+4.32,-4.11*7B
$GPNVS,9,+10000000.001,+1.87509,+10000000.00,15,+0.000,+0.39,,+36.12,50.0,99.0,*6B
$GPNVS,10,1,0,0,+5,+5,2,100,0.5,3,2,30,1,+0,1.0,20,+6,1,2,8000*57
$GPNVS,1,224849,010826,A,N,0,N,0x00000,0x20,0x00,1,N*15
$GPNVS,2,224849,010826,0.00,0.00,0.00,0.00,0.00,0.00,0.00,0.00,*62
$GPNVS,3,224849,010826,+0.38,,,+4.32,-4.11,,,,1,+36.12,*68
$GPNVS,4,224849,010826,0.00,0.00,,,,,,,*64
$GPNVS,5,224849,010826,5C9,0,0,+36.12,00000,00000,*29
$GPNVS,6,0,A,0,0x00000,0x20,,0x00,00,,0x00000,,*05
$GPNVS,7,224849,010826,A,12,0x00,-1,1,0,393235,+4.32,-4.11*7A
$GPNVS,9,+10000000.000,+1.87509,+10000000.00,15,+0.000,+0.39,,+36.12,50.0,99.0,*6A
$GPNVS,10,1,0,0,+5,+5,2,100,0.5,3,2,30,1,+0,1.0,20,+6,1,2,8000*57
$GPNVS,1,224850,010826,A,N,0,N,0x00000,0x20,0x00,1,N*1D
$GPNVS,2,224850,010826,0.00,0.00,0.00,0.00,0.00,0.00,0.00,0.00,*6A
$GPNVS,3,224850,010826,+0.38,,,+4.32,-4.09,,,,1,+36.12,*69
$GPNVS,4,224850,010826,0.00,0.00,,,,,,,*6C
$GPNVS,5,224850,010826,5C9,0,0,+36.12,00000,00000,*21
$GPNVS,6,0,A,0,0x00000,0x20,,0x00,00,,0x00000,,*05
$GPNVS,7,224850,010826,A,12,0x00,-1,1,0,393235,+4.32,-4.10*73
$GPNVS,9,+10000000.001,+1.87509,+10000000.00,15,+0.000,+0.39,,+36.12,50.0,99.0,*6B
$GPNVS,10,1,0,0,+5,+5,2,100,0.5,3,2,30,1,+0,1.0,20,-14,1,2,8000*62
$GPNVS,1,224851,010826,A,N,0,N,0x00000,0x20,0x00,1,N*1C
$GPNVS,2,224851,010826,0.00,0.00,0.00,0.00,0.00,0.00,0.00,0.00,*6B
$GPNVS,3,224851,010826,+0.38,,,+4.32,-4.09,,,,1,+36.12,*68
$GPNVS,4,224851,010826,0.00,0.00,,,,,,,*6D
$GPNVS,5,224851,010826,5C9,0,0,+36.12,00000,00000,*20
$GPNVS,6,0,A,0,0x00000,0x20,,0x00,00,,0x00000,,*05
$GPNVS,7,224851,010826,A,12,0x00,-1,1,0,393235,+4.32,-4.10*72
$GPNVS,9,+10000000.001,+1.87509,+10000000.00,15,+0.000,+0.39,,+36.12,50.0,99.0,*6B
$GPNVS,10,1,0,0,+5,+5,2,100,0.5,3,2,30,1,+0,1.0,20,-14,1,2,8000*62
$GPNVS,1,224852,010826,A,N,0,N,0x00000,0x20,0x00,1,N*1F
$GPNVS,2,224852,010826,0.00,0.00,0.00,0.00,0.00,0.00,0.00,0.00,*68
$GPNVS,3,224852,010826,+0.38,,,+4.32,-4.09,,,,1,+36.12,*6B
$GPNVS,4,224852,010826,0.00,0.00,,,,,,,*6E
$GPNVS,5,224852,010826,5C9,0,0,+36.12,00000,00000,*23
$GPNVS,6,0,A,0,0x00000,0x20,,0x00,00,,0x00000,,*05
$GPNVS,7,224852,010826,A,12,0x00,-1,1,0,393235,+4.32,-4.10*71
$GPNVS,9,+10000000.000,+1.87509,+10000000.00,15,+0.000,+0.39,,+36.12,50.0,99.0,*6A
$GPNVS,10,1,0,0,+5,+5,2,100,0.5,3,2,30,1,+0,1.0,20,-14,1,2,8000*62
$GPNVS,99,,,*5C
$GPNVS,1,224853,010826,A,N,0,N,0x00000,0x20,0x00,1,N*1E
$GPNVS,2,224853,010826,0.00,0.00,0.00,0.00,0.00,0.00,0.00,0.00,*69
$GPNVS,3,224853,010826,+0.38,,,+4.32,-4.11,,,,1,+36.12,*63
$GPNVS,4,224853,010826,0.00,0.00,,,,,,,*6F
$GPNVS,5,224853,010826,5C9,0,0,+36.12,00000,00000,*22
$GPNVS,6,0,A,0,0x00000,0x20,,0x00,00,,0x00000,,*05
$GPNVS,7,224853,010826,A,12,0x00,-1,1,0,393235,+4.32,-4.11*71
$GPNVS,9,+10000000.000,+1.87509,+10000000.00,15,+0.000,+0.39,,+36.12,50.0,99.0,*6A
$GPNVS,10,1,0,0,+5,+5,2,100,0.5,3,2,30,1,+0,1.0,20,-14,1,2,8000*62
$GPNVS,1,224854,010826,A,N,0,N,0x00000,0x20,0x00,1,N*19
$GPNVS,2,224854,010826,0.00,0.00,0.00,0.00,0.00,0.00,0.00,0.00,*6E
$GPNVS,3,224854,010826,+0.38,,,+4.32,-4.09,,,,1,+36.12,*6D
$GPNVS,4,224854,010826,0.00,0.00,,,,,,,*68
$GPNVS,5,224854,010826,5C9,0,0,+36.12,00000,00000,*25
$GPNVS,6,0,A,0,0x00000,0x20,,0x00,00,,0x00000,,*05
$GPNVS,7,224854,010826,A,12,0x00,-1,1,0,393235,+4.32,-4.10*77
$GPNVS,9,+10000000.001,+1.87509,+10000000.00,15,+0.000,+0.39,,+36.12,50.0,99.0,*6B
$GPNVS,10,1,0,0,+5,+5,2,100,0.5,3,2,30,1,+0,1.0,20,-14,1,2,8000*62
$GPNVS,1,224855,010826,A,N,0,N,0x00000,0x20,0x00,1,N*18
$GPNVS,2,224855,010826,0.00,0.00,0.00,0.00,0.00,0.00,0.00,0.00,*6F
$GPNVS,3,224855,010826,+0.38,,,+4.32,-4.09,,,,1,+36.12,*6C
$GPNVS,4,224855,010826,0.00,0.00,,,,,,,*69
$GPNVS,5,224855,010826,5C9,0,0,+36.12,00000,00000,*24
$GPNVS,6,0,A,0,0x00000,0x20,,0x00,00,,0x00000,,*05
$GPNVS,7,224855,010826,A,12,0x00,-1,1,0,393235,+4.32,-4.10*76
$GPNVS,9,+10000000.000,+1.87509,+10000000.00,15,+0.000,+0.39,,+36.12,50.0,99.0,*6A
$GPNVS,10,1,0,0,+5,+5,2,100,0.5,3,2,30,1,+0,1.0,20,-14,1,2,8000*62
$GPNVS,1,224856,010826,A,N,0,N,0x00000,0x20,0x00,1,N*1B
$GPNVS,2,224856,010826,0.00,0.00,0.00,0.00,0.00,0.00,0.00,0.00,*6C
$GPNVS,3,224856,010826,+0.38,,,+4.32,-4.09,,,,1,+36.12,*6F
$GPNVS,4,224856,010826,0.00,0.00,,,,,,,*6A
$GPNVS,5,224856,010826,5C9,0,0,+36.12,00000,00000,*27
$GPNVS,6,0,A,0,0x00000,0x20,,0x00,00,,0x00000,,*05
$GPNVS,7,224856,010826,A,12,0x00,-1,1,0,393235,+4.32,-4.10*75
$GPNVS,9,+10000000.000,+1.87509,+10000000.00,15,+0.000,+0.39,,+36.12,50.0,99.0,*6A
$GPNVS,10,1,0,0,+5,+5,2,100,0.5,3,2,30,1,+0,1.0,20,-14,1,2,8000*62
$GPNVS,1,224857,010826,A,N,0,N,0x00000,0x20,0x00,1,N*1A
$GPNVS,2,224857,010826,0.00,0.00,0.00,0.00,0.00,0.00,0.00,0.00,*6D
$GPNVS,3,224857,010826,+0.38,,,+4.32,-4.09,,,,1,+36.12,*6E
$GPNVS,4,224857,010826,0.00,0.00,,,,,,,*6B
$GPNVS,5,224857,010826,5C9,0,0,+36.12,00000,00000,*26
$GPNVS,6,0,A,0,0x00000,0x20,,0x00,00,,0x00000,,*05
$GPNVS,7,224857,010826,A,12,0x00,-1,1,0,393235,+4.32,-4.10*74
$GPNVS,9,+10000000.000,+1.87509,+10000000.00,15,+0.000,+0.39,,+36.12,50.0,99.0,*6A
$GPNVS,10,1,0,0,+5,+5,2,100,0.5,3,2,30,1,+0,1.0,20,-14,1,2,8000*62
$GPNVS,1,224858,010826,A,N,0,N,0x00000,0x20,0x00,1,N*15
$GPNVS,2,224858,010826,0.00,0.00,0.00,0.00,0.00,0.00,0.00,0.00,*62
$GPNVS,3,224858,010826,+0.38,,,+4.32,-4.09,,,,1,+36.12,*61
$GPNVS,4,224858,010826,0.00,0.00,,,,,,,*64
$GPNVS,5,224858,010826,5C9,0,0,+36.12,00000,00000,*29
$GPNVS,6,0,A,0,0x00000,0x20,,0x00,00,,0x00000,,*05
$GPNVS,7,224858,010826,A,12,0x00,-1,1,0,393235,+4.32,-4.10*7B
$GPNVS,9,+10000000.001,+1.87509,+10000000.00,15,+0.000,+0.39,,+36.12,50.0,99.0,*6B
$GPNVS,10,1,0,0,+5,+5,2,100,0.5,3,2,30,1,+0,1.0,20,-14,1,2,8000*62
$GPNVS,1,224859,010826,A,N,0,N,0x00000,0x20,0x00,1,N*14
$GPNVS,2,224859,010826,0.00,0.00,0.00,0.00,0.00,0.00,0.00,0.00,*63
$GPNVS,3,224859,010826,+0.38,,,+4.32,-4.11,,,,1,+36.12,*69
$GPNVS,4,224859,010826,0.00,0.00,,,,,,,*65
$GPNVS,5,224859,010826,5C9,0,0,+36.12,00000,00000,*28
$GPNVS,6,0,A,0,0x00000,0x20,,0x00,00,,0x00000,,*05
$GPNVS,7,224859,010826,A,12,0x00,-1,1,0,393235,+4.32,-4.11*7B
$GPNVS,9,+10000000.001,+1.87509,+10000000.00,15,+0.000,+0.39,,+36.12,50.0,99.0,*6B
$GPNVS,10,1,0,0,+5,+5,2,100,0.5,3,2,30,1,+0,1.0,20,-14,1,2,8000*62
$GPNVS,1,224900,010826,A,N,0,N,0x00000,0x20,0x00,1,N*19
$GPNVS,2,224900,010826,0.00,0.00,0.00,0.00,0.00,0.00,0.00,0.00,*6E
$GPNVS,3,224900,010826,+0.38,,,+4.32,-4.09,,,,1,+36.12,*6D
$GPNVS,4,224900,010826,0.00,0.00,,,,,,,*68
$GPNVS,5,224900,010826,5C9,0,0,+36.12,00000,00000,*25
$GPNVS,6,0,A,0,0x00000,0x20,,0x00,00,,0x00000,,*05
$GPNVS,7,224900,010826,A,12,0x00,0,1,0,393235,+4.32,-4.10*5B
$GPNVS,9,+10000000.000,+1.87509,+10000000.00,15,+0.000,+0.39,,+36.12,50.0,99.0,*6A
$GPNVS,10,1,0,0,+5,+5,2,100,0.5,3,2,30,1,+0,1.0,20,-14,1,2,8000*62
$GPNVS,1,224901,010826,A,N,0,N,0x00000,0x20,0x00,1,N*18
$GPNVS,2,224901,010826,0.00,0.00,0.00,0.00,0.00,0.00,0.00,0.00,*6F
$GPNVS,3,224901,010826,+0.38,,,+4.32,-4.11,,,,1,+36.12,*65
$GPNVS,4,224901,010826,0.00,0.00,,,,,,,*69
$GPNVS,5,224901,010826,5C9,0,0,+36.12,00000,00000,*24
$GPNVS,6,0,A,0,0x00000,0x20,,0x00,00,,0x00000,,*05
$GPNVS,7,224901,010826,A,12,0x00,0,1,0,393235,+4.32,-4.11*5B
$GPNVS,9,+10000000.001,+1.87509,+10000000.00,15,+0.000,+0.39,,+36.12,50.0,99.0,*6B
$GPNVS,10,1,0,0,+5,+5,2,100,0.5,3,2,30,1,+0,1.0,20,+2,1,2,8000*53
$GPNVS,1,224902,010826,A,N,0,N,0x00000,0x20,0x00,1,N*1B
$GPNVS,2,224902,010826,0.00,0.00,0.00,0.00,0.00,0.00,0.00,0.00,*6C
$GPNVS,3,224902,010826,+0.38,,,+4.32,-4.11,,,,1,+36.12,*66
$GPNVS,4,224902,010826,0.00,0.00,,,,,,,*6A
$GPNVS,5,224902,010826,5C9,0,0,+36.12,00000,00000,*27
$GPNVS,6,0,A,0,0x00000,0x20,,0x00,00,,0x00000,,*05
$GPNVS,7,224902,010826,A,12,0x00,0,1,0,393235,+4.32,-4.11*58
$GPNVS,9,+10000000.001,+1.87509,+10000000.00,15,+0.000,+0.39,,+36.12,50.0,99.0,*6B
$GPNVS,10,1,0,0,+5,+5,2,100,0.5,3,2,30,1,+0,1.0,20,+2,1,2,8000*53
$GPNVS,1,224903,010826,A,N,0,N,0x00000,0x20,0x00,1,N*1A
$GPNVS,2,224903,010826,0.00,0.00,0.00,0.00,0.00,0.00,0.00,0.00,*6D
$GPNVS,3,224903,010826,+0.38,,,+4.32,-4.11,,,,1,+36.12,*67
$GPNVS,4,224903,010826,0.00,0.00,,,,,,,*6B
$GPNVS,5,224903,010826,5C9,0,0,+36.12,00000,00000,*26
$GPNVS,6,0,A,0,0x00000,0x20,,0x00,00,,0x00000,,*05
$GPNVS,7,224903,010826,A,12,0x00,0,1,0,393235,+4.32,-4.11*59
$GPNVS,9,+10000000.000,+1.87509,+10000000.00,15,+0.000,+0.39,,+36.12,50.0,99.0,*6A
$GPNVS,10,1,0,0,+5,+5,2,100,0.5,3,2,30,1,+0,1.0,20,+2,1,2,8000*53
$GPNVS,1,224904,010826,A,N,0,N,0x00000,0x20,0x00,1,N*1D
$GPNVS,2,224904,010826,0.00,0.00,0.00,0.00,0.00,0.00,0.00,0.00,*6A
$GPNVS,3,224904,010826,+0.38,,,+4.32,-4.09,,,,1,+36.12,*69
$GPNVS,4,224904,010826,0.00,0.00,,,,,,,*6C
$GPNVS,5,224904,010826,5C9,0,0,+36.12,00000,00000,*21
$GPNVS,6,0,A,0,0x00000,0x20,,0x00,00,,0x00000,,*05
$GPNVS,7,224904,010826,A,12,0x00,0,1,0,393235,+4.32,-4.10*5F
$GPNVS,9,+10000000.000,+1.87509,+10000000.00,15,+0.000,+0.39,,+36.12,50.0,99.0,*6A
$GPNVS,10,1,0,0,+5,+5,2,100,0.5,3,2,30,1,+0,1.0,20,+2,1,2,8000*53
$GPNVS,1,224905,010826,A,N,0,N,0x00000,0x20,0x00,1,N*1C
$GPNVS,2,224905,010826,0.00,0.00,0.00,0.00,0.00,0.00,0.00,0.00,*6B
$GPNVS,3,224905,010826,+0.38,,,+4.32,-4.09,,,,1,+36.12,*68
$GPNVS,4,224905,010826,0.00,0.00,,,,,,,*6D
$GPNVS,5,224905,010826,5C9,0,0,+36.12,00000,00000,*20
$GPNVS,6,0,A,0,0x00000,0x20,,0x00,00,,0x00000,,*05
$GPNVS,7,224905,010826,A,12,0x00,0,1,0,393235,+4.32,-4.10*5E
$GPNVS,9,+10000000.001,+1.87509,+10000000.00,15,+0.000,+0.39,,+36.12,50.0,99.0,*6B
$GPNVS,10,1,0,0,+5,+5,2,100,0.5,3,2,30,1,+0,1.0,20,+2,1,2,8000*53
$GPNVS,1,224906,010826,A,N,0,N,0x00000,0x20,0x00,1,N*1F
$GPNVS,2,224906,010826,0.00,0.00,0.00,0.00,0.00,0.00,0.00,0.00,*68
$GPNVS,3,224906,010826,+0.38,,,+4.32,-4.11,,,,1,+36.12,*62
$GPNVS,4,224906,010826,0.00,0.00,,,,,,,*6E
$GPNVS,5,224906,010826,5C9,0,0,+36.12,00000,00000,*23
$GPNVS,6,0,A,0,0x00000,0x20,,0x00,00,,0x00000,,*05
$GPNVS,7,224906,010826,A,12,0x00,0,1,0,393235,+4.32,-4.11*5C
$GPNVS,9,+10000000.001,+1.87509,+10000000.00,15,+0.000,+0.39,,+36.12,50.0,99.0,*6B
$GPNVS,10,1,0,0,+5,+5,2,100,0.5,3,2,30,1,+0,1.0,20,+2,1,2,8000*53
$GPNVS,1,224907,010826,A,N,0,N,0x00000,0x20,0x00,1,N*1E
$GPNVS,2,224907,010826,0.00,0.00,0.00,0.00,0.00,0.00,0.00,0.00,*69
$GPNVS,3,224907,010826,+0.38,,,+4.32,-4.11,,,,1,+36.12,*63
$GPNVS,4,224907,010826,0.00,0.00,,,,,,,*6F
$GPNVS,5,224907,010826,5C9,0,0,+36.12,00000,00000,*22
$GPNVS,6,0,A,0,0x00000,0x20,,0x00,00,,0x00000,,*05
$GPNVS,7,224907,010826,A,12,0x00,0,1,0,393235,+4.32,-4.11*5D
$GPNVS,9,+10000000.000,+1.87509,+10000000.00,15,+0.000,+0.39,,+36.12,50.0,99.0,*6A
$GPNVS,10,1,0,0,+5,+5,2,100,0.5,3,2,30,1,+0,1.0,20,+2,1,2,8000*53
$GPNVS,99,,,*5C
$GPNVS,1,224908,010826,A,N,0,N,0x00000,0x20,0x00,1,N*11
$GPNVS,2,224908,010826,0.00,0.00,0.00,0.00,0.00,0.00,0.00,0.00,*66
$GPNVS,3,224908,010826,+0.38,,,+4.32,-4.11,,,,1,+36.12,*6C
$GPNVS,4,224908,010826,0.00,0.00,,,,,,,*60
$GPNVS,5,224908,010826,5C9,0,0,+36.12,00000,00000,*2D
$GPNVS,6,0,A,0,0x00000,0x20,,0x00,00,,0x00000,,*05
$GPNVS,7,224908,010826,A,12,0x00,0,1,0,393235,+4.32,-4.11*52
$GPNVS,9,+10000000.000,+1.87509,+10000000.00,15,+0.000,+0.39,,+36.12,50.0,99.0,*6A
$GPNVS,10,1,0,0,+5,+5,2,100,0.5,3,2,30,1,+0,1.0,20,+2,1,2,8000*53
$GPNVS,1,224909,010826,A,N,0,N,0x00000,0x20,0x00,1,N*10
$GPNVS,2,224909,010826,0.00,0.00,0.00,0.00,0.00,0.00,0.00,0.00,*67
$GPNVS,3,224909,010826,+0.38,,,+4.32,-4.11,,,,1,+36.12,*6D
$GPNVS,4,224909,010826,0.00,0.00,,,,,,,*61
$GPNVS,5,224909,010826,5C9,0,0,+36.12,00000,00000,*2C
$GPNVS,6,0,A,0,0x00000,0x20,,0x00,00,,0x00000,,*05
$GPNVS,7,224909,010826,A,12,0x00,0,1,0,393235,+4.32,-4.11*53
$GPNVS,9,+10000000.001,+1.87509,+10000000.00,15,+0.000,+0.39,,+36.12,50.0,99.0,*6B
$GPNVS,10,1,0,0,+5,+5,2,100,0.5,3,2,30,1,+0,1.0,20,+2,1,2,8000*53
$GPNVS,1,224910,010826,A,N,0,N,0x00000,0x20,0x00,1,N*18
$GPNVS,2,224910,010826,0.00,0.00,0.00,0.00,0.00,0.00,0.00,0.00,*6F
$GPNVS,3,224910,010826,+0.38,,,+4.32,-4.09,,,,1,+36.12,*6C
$GPNVS,4,224910,010826,0.00,0.00,,,,,,,*69
$GPNVS,5,224910,010826,5C9,0,0,+36.12,00000,00000,*24
$GPNVS,6,0,A,0,0x00000,0x20,,0x00,00,,0x00000,,*05
$GPNVS,7,224910,010826,A,12,0x00,0,1,0,393235,+4.32,-4.10*5A
$GPNVS,9,+10000000.001,+1.87509,+10000000.00,15,+0.000,+0.39,,+36.12,50.0,99.0,*6B
$GPNVS,10,1,0,0,+5,+5,2,100,0.5,3,2,30,1,+0,1.0,20,+2,1,2,8000*53
$GPNVS,1,224911,010826,A,N,0,N,0x00000,0x20,0x00,1,N*19
$GPNVS,2,224911,010826,0.00,0.00,0.00,0.00,0.00,0.00,0.00,0.00,*6E
$GPNVS,3,224911,010826,+0.38,,,+4.32,-4.09,,,,1,+36.12,*6D
$GPNVS,4,224911,010826,0.00,0.00,,,,,,,*68
$GPNVS,5,224911,010826,5C9,0,0,+36.12,00000,00000,*25
$GPNVS,6,0,A,0,0x00000,0x20,,0x00,00,,0x00000,,*05
$GPNVS,7,224911,010826,A,12,0x00,0,1,0,393235,+4.32,-4.10*5B
$GPNVS,9,+10000000.001,+1.87509,+10000000.00,15,+0.000,+0.39,,+36.12,50.0,99.0,*6B
$GPNVS,10,1,0,0,+5,+5,2,100,0.5,3,2,30,1,+0,1.0,20,+2,1,2,8000*53
$GPNVS,1,224912,010826,A,N,0,N,0x00000,0x20,0x00,1,N*1A
$GPNVS,2,224912,010826,0.00,0.00,0.00,0.00,0.00,0.00,0.00,0.00,*6D
$GPNVS,3,224912,010826,+0.38,,,+4.32,-4.09,,,,1,+36.12,*6E
$GPNVS,4,224912,010826,0.00,0.00,,,,,,,*6B
$GPNVS,5,224912,010826,5C9,0,0,+36.12,00000,00000,*26
$GPNVS,6,0,A,0,0x00000,0x20,,0x00,00,,0x00000,,*05
$GPNVS,7,224912,010826,A,12,0x00,0,1,0,393235,+4.32,-4.10*58
$GPNVS,9,+10000000.001,+1.87509,+10000000.00,15,+0.000,+0.39,,+36.12,50.0,99.0,*6B
$GPNVS,10,1,0,0,+5,+5,2,100,0.5,3,2,30,1,+0,1.0,20,-18,1,2,8000*6E
$GPNVS,1,224913,010826,A,N,0,N,0x00000,0x20,0x00,1,N*1B
$GPNVS,2,224913,010826,0.00,0.00,0.00,0.00,0.00,0.00,0.00,0.00,*6C
$GPNVS,3,224913,010826,+0.38,,,+4.32,-4.09,,,,1,+36.12,*6F
$GPNVS,4,224913,010826,0.00,0.00,,,,,,,*6A
$GPNVS,5,224913,010826,5C9,0,0,+36.12,00000,00000,*27
$GPNVS,6,0,A,0,0x00000,0x20,,0x00,00,,0x00000,,*05
$GPNVS,7,224913,010826,A,12,0x00,0,1,0,393235,+4.32,-4.10*59
$GPNVS,9,+10000000.000,+1.87509,+10000000.00,15,+0.000,+0.39,,+36.12,50.0,99.0,*6A
$GPNVS,10,1,0,0,+5,+5,2,100,0.5,3,2,30,1,+0,1.0,20,-18,1,2,8000*6E
$GPNVS,1,224914,010826,A,N,0,N,0x00000,0x20,0x00,1,N*1C
$GPNVS,2,224914,010826,0.00,0.00,0.00,0.00,0.00,0.00,0.00,0.00,*6B
$GPNVS,3,224914,010826,+0.38,,,+4.32,-4.09,,,,1,+36.12,*68
$GPNVS,4,224914,010826,0.00,0.00,,,,,,,*6D
$GPNVS,5,224914,010826,5C9,0,0,+36.12,00000,00000,*20
$GPNVS,6,0,A,0,0x00000,0x20,,0x00,00,,0x00000,,*05
$GPNVS,7,224914,010826,A,12,0x00,0,1,0,393235,+4.32,-4.10*5E
$GPNVS,9,+10000000.001,+1.87509,+10000000.00,15,+0.000,+0.39,,+36.12,50.0,99.0,*6B
$GPNVS,10,1,0,0,+5,+5,2,100,0.5,3,2,30,1,+0,1.0,20,-18,1,2,8000*6E
$GPNVS,1,224915,010826,A,N,0,N,0x00000,0x20,0x00,1,N*1D
$GPNVS,2,224915,010826,0.00,0.00,0.00,0.00,0.00,0.00,0.00,0.00,*6A
$GPNVS,3,224915,010826,+0.38,,,+4.32,-4.09,,,,1,+36.12,*69
$GPNVS,4,224915,010826,0.00,0.00,,,,,,,*6C
$GPNVS,5,224915,010826,5C9,0,0,+36.12,00000,00000,*21
$GPNVS,6,0,A,0,0x00000,0x20,,0x00,00,,0x00000,,*05
$GPNVS,7,224915,010826,A,12,0x00,0,1,0,393235,+4.32,-4.10*5F
$GPNVS,9,+10000000.000,+1.87509,+10000000.00,15,+0.000,+0.39,,+36.12,50.0,99.0,*6A
$GPNVS,10,1,0,0,+5,+5,2,100,0.5,3,2,30,1,+0,1.0,20,-18,1,2,8000*6E
$GPNVS,1,224916,010826,A,N,0,N,0x00000,0x20,0x00,1,N*1E
$GPNVS,2,224916,010826,0.00,0.00,0.00,0.00,0.00,0.00,0.00,0.00,*69
$GPNVS,3,224916,010826,+0.38,,,+4.32,-4.11,,,,1,+36.12,*63
$GPNVS,4,224916,010826,0.00,0.00,,,,,,,*6F
$GPNVS,5,224916,010826,5C9,0,0,+36.12,00000,00000,*22
$GPNVS,6,0,A,0,0x00000,0x20,,0x00,00,,0x00000,,*05
$GPNVS,7,224916,010826,A,12,0x00,0,1,0,393235,+4.32,-4.11*5D
$GPNVS,9,+10000000.000,+1.87509,+10000000.00,15,+0.000,+0.39,,+36.12,50.0,99.0,*6A
$GPNVS,10,1,0,0,+5,+5,2,100,0.5,3,2,30,1,+0,1.0,20,-18,1,2,8000*6E
$GPNVS,1,224917,010826,A,N,0,N,0x00000,0x20,0x00,1,N*1F
$GPNVS,2,224917,010826,0.00,0.00,0.00,0.00,0.00,0.00,0.00,0.00,*68
$GPNVS,3,224917,010826,+0.38,,,+4.32,-4.09,,,,1,+36.12,*6B
$GPNVS,4,224917,010826,0.00,0.00,,,,,,,*6E
$GPNVS,5,224917,010826,5C9,0,0,+36.12,00000,00000,*23
$GPNVS,6,0,A,0,0x00000,0x20,,0x00,00,,0x00000,,*05
$GPNVS,7,224917,010826,A,12,0x00,0,1,0,393235,+4.32,-4.10*5D
$GPNVS,9,+10000000.001,+1.87509,+10000000.00,15,+0.000,+0.39,,+36.12,50.0,99.0,*6B
$GPNVS,10,1,0,0,+5,+5,2,100,0.5,3,2,30,1,+0,1.0,20,-18,1,2,8000*6E
$GPNVS,1,224918,010826,A,N,0,N,0x00000,0x20,0x00,1,N*10
$GPNVS,2,224918,010826,0.00,0.00,0.00,0.00,0.00,0.00,0.00,0.00,*67
$GPNVS,3,224918,010826,+0.38,,,+4.32,-4.11,,,,1,+36.12,*6D
$GPNVS,4,224918,010826,0.00,0.00,,,,,,,*61
$GPNVS,5,224918,010826,5C9,0,0,+36.12,00000,00000,*2C
$GPNVS,6,0,A,0,0x00000,0x20,,0x00,00,,0x00000,,*05
$GPNVS,7,224918,010826,A,12,0x00,0,1,0,393235,+4.32,-4.11*53
$GPNVS,9,+10000000.000,+1.87509,+10000000.00,15,+0.000,+0.39,,+36.12,50.0,99.0,*6A
$GPNVS,10,1,0,0,+5,+5,2,100,0.5,3,2,30,1,+0,1.0,20,-18,1,2,8000*6E
$GPNVS,1,224919,010826,A,N,0,N,0x00000,0x20,0x00,1,N*11
$GPNVS,2,224919,010826,0.00,0.00,0.00,0.00,0.00,0.00,0.00,0.00,*66
$GPNVS,3,224919,010826,+0.38,,,+4.32,-4.09,,,,1,+36.12,*65
$GPNVS,4,224919,010826,0.00,0.00,,,,,,,*60
$GPNVS,5,224919,010826,5C9,0,0,+36.12,00000,00000,*2D
$GPNVS,6,0,A,0,0x00000,0x20,,0x00,00,,0x00000,,*05
$GPNVS,7,224919,010826,A,12,0x00,0,1,0,393235,+4.32,-4.10*53
$GPNVS,9,+10000000.000,+1.87509,+10000000.00,15,+0.000,+0.39,,+36.12,50.0,99.0,*6A
$GPNVS,10,1,0,0,+5,+5,2,100,0.5,3,2,30,1,+0,1.0,20,-18,1,2,8000*6E
$GPNVS,1,224920,010826,A,N,0,N,0x00000,0x20,0x00,1,N*1B
$GPNVS,2,224920,010826,0.00,0.00,0.00,0.00,0.00,0.00,0.00,0.00,*6C
$GPNVS,3,224920,010826,+0.38,,,+4.32,-4.11,,,,1,+36.12,*66
$GPNVS,4,224920,010826,0.00,0.00,,,,,,,*6A
$GPNVS,5,224920,010826,5C9,0,0,+36.12,00000,00000,*27
$GPNVS,6,0,A,0,0x00000,0x20,,0x00,00,,0x00000,,*05
$GPNVS,7,224920,010826,A,12,0x00,0,1,0,393235,+4.32,-4.11*58
$GPNVS,9,+10000000.001,+1.87509,+10000000.00,15,+0.000,+0.39,,+36.12,50.0,99.0,*6B
$GPNVS,10,1,0,0,+5,+5,2,100,0.5,3,2,30,1,+0,1.0,20,-18,1,2,8000*6E
$GPNVS,1,224921,010826,A,N,0,N,0x00000,0x20,0x00,1,N*1A
$GPNVS,2,224921,010826,0.00,0.00,0.00,0.00,0.00,0.00,0.00,0.00,*6D
$GPNVS,3,224921,010826,+0.38,,,+4.32,-4.11,,,,1,+36.12,*67
$GPNVS,4,224921,010826,0.00,0.00,,,,,,,*6B
$GPNVS,5,224921,010826,5C9,0,0,+36.12,00000,00000,*26
$GPNVS,6,0,A,0,0x00000,0x20,,0x00,00,,0x00000,,*05
$GPNVS,7,224921,010826,A,12,0x00,0,1,0,393235,+4.32,-4.11*59
$GPNVS,9,+10000000.000,+1.87509,+10000000.00,15,+0.000,+0.39,,+36.12,50.0,99.0,*6A
$GPNVS,10,1,0,0,+5,+5,2,100,0.5,3,2,30,1,+0,1.0,20,-18,1,2,8000*6E
$GPNVS,1,224922,010826,A,N,0,N,0x00000,0x20,0x00,1,N*19
$GPNVS,2,224922,010826,0.00,0.00,0.00,0.00,0.00,0.00,0.00,0.00,*6E
$GPNVS,3,224922,010826,+0.38,,,+4.32,-4.09,,,,1,+36.12,*6D
$GPNVS,4,224922,010826,0.00,0.00,,,,,,,*68
$GPNVS,5,224922,010826,5C9,0,0,+36.12,00000,00000,*25
$GPNVS,6,0,A,0,0x00000,0x20,,0x00,00,,0x00000,,*05
$GPNVS,7,224922,010826,A,12,0x00,0,1,0,393235,+4.32,-4.10*5B
$GPNVS,9,+10000000.000,+1.87509,+10000000.00,15,+0.000,+0.39,,+36.12,50.0,99.0,*6A
$GPNVS,10,1,0,0,+5,+5,2,100,0.5,3,2,30,1,+0,1.0,20,-18,1,2,8000*6E
$GPNVS,99,,,*5C
$GPNVS,1,224923,010826,A,N,0,N,0x00000,0x20,0x00,1,N*18
$GPNVS,2,224923,010826,0.00,0.00,0.00,0.00,0.00,0.00,0.00,0.00,*6F
$GPNVS,3,224923,010826,+0.38,,,+4.32,-4.09,,,,1,+36.12,*6C
$GPNVS,4,224923,010826,0.00,0.00,,,,,,,*69
$GPNVS,5,224923,010826,5C9,0,0,+36.12,00000,00000,*24
$GPNVS,6,0,A,0,0x00000,0x20,,0x00,00,,0x00000,,*05
$GPNVS,7,224923,010826,A,12,0x00,0,1,0,393235,+4.32,-4.10*5A
$GPNVS,9,+10000000.001,+1.87509,+10000000.00,15,+0.000,+0.39,,+36.12,50.0,99.0,*6B
$GPNVS,10,1,0,0,+5,+5,2,100,0.5,3,2,30,1,+0,1.0,20,+18,1,2,8000*68
$GPNVS,1,224924,010826,A,N,0,N,0x00000,0x20,0x00,1,N*1F
$GPNVS,2,224924,010826,0.00,0.00,0.00,0.00,0.00,0.00,0.00,0.00,*68
$GPNVS,3,224924,010826,+0.38,,,+4.32,-4.09,,,,1,+36.12,*6B
$GPNVS,4,224924,010826,0.00,0.00,,,,,,,*6E
$GPNVS,5,224924,010826,5C9,0,0,+36.12,00000,00000,*23
$GPNVS,6,0,A,0,0x00000,0x20,,0x00,00,,0x00000,,*05
$GPNVS,7,224924,010826,A,12,0x00,0,1,0,393235,+4.32,-4.10*5D
$GPNVS,9,+10000000.000,+1.87509,+10000000.00,15,+0.000,+0.39,,+36.12,50.0,99.0,*6A
$GPNVS,10,1,0,0,+5,+5,2,100,0.5,3,2,30,1,+0,1.0,20,+18,1,2,8000*68
$GPNVS,1,224925,010826,A,N,0,N,0x00000,0x20,0x00,1,N*1E
$GPNVS,2,224925,010826,0.00,0.00,0.00,0.00,0.00,0.00,0.00,0.00,*69
$GPNVS,3,224925,010826,+0.38,,,+4.32,-4.11,,,,1,+36.12,*63
$GPNVS,4,224925,010826,0.00,0.00,,,,,,,*6F
$GPNVS,5,224925,010826,5C9,0,0,+36.12,00000,00000,*22
$GPNVS,6,0,A,0,0x00000,0x20,,0x00,00,,0x00000,,*05
$GPNVS,7,224925,010826,A,12,0x00,0,1,0,393235,+4.32,-4.11*5D
$GPNVS,9,+10000000.000,+1.87509,+10000000.00,15,+0.000,+0.39,,+36.12,50.0,99.0,*6A
$GPNVS,10,1,0,0,+5,+5,2,100,0.5,3,2,30,1,+0,1.0,20,+18,1,2,8000*68
$GPNVS,1,224926,010826,A,N,0,N,0x00000,0x20,0x00,1,N*1D
$GPNVS,2,224926,010826,0.00,0.00,0.00,0.00,0.00,0.00,0.00,0.00,*6A
$GPNVS,3,224926,010826,+0.38,,,+4.32,-4.11,,,,1,+36.12,*60
$GPNVS,4,224926,010826,0.00,0.00,,,,,,,*6C
$GPNVS,5,224926,010826,5C9,0,0,+36.12,00000,00000,*21
$GPNVS,6,0,A,0,0x00000,0x20,,0x00,00,,0x00000,,*05
$GPNVS,7,224926,010826,A,12,0x00,0,1,0,393235,+4.32,-4.11*5E
$GPNVS,9,+10000000.000,+1.87509,+10000000.00,15,+0.000,+0.39,,+36.12,50.0,99.0,*6A
$GPNVS,10,1,0,0,+5,+5,2,100,0.5,3,2,30,1,+0,1.0,20,+18,1,2,8000*68
$GPNVS,1,224927,010826,A,N,0,N,0x00000,0x20,0x00,1,N*1C
$GPNVS,2,224927,010826,0.00,0.00,0.00,0.00,0.00,0.00,0.00,0.00,*6B
$GPNVS,3,224927,010826,+0.38,,,+4.32,-4.09,,,,1,+36.12,*68
$GPNVS,4,224927,010826,0.00,0.00,,,,,,,*6D
$GPNVS,5,224927,010826,5C9,0,0,+36.12,00000,00000,*20
$GPNVS,6,0,A,0,0x00000,0x20,,0x00,00,,0x00000,,*05
$GPNVS,7,224927,010826,A,12,0x00,0,1,0,393235,+4.32,-4.10*5E
$GPNVS,9,+10000000.000,+1.87509,+10000000.00,15,+0.000,+0.39,,+36.12,50.0,99.0,*6A
$GPNVS,10,1,0,0,+5,+5,2,100,0.5,3,2,30,1,+0,1.0,20,+18,1,2,8000*68
$GPNVS,1,224928,010826,A,N,0,N,0x00000,0x20,0x00,1,N*13
$GPNVS,2,224928,010826,0.00,0.00,0.00,0.00,0.00,0.00,0.00,0.00,*64
$GPNVS,3,224928,010826,+0.38,,,+4.32,-4.09,,,,1,+36.12,*67
$GPNVS,4,224928,010826,0.00,0.00,,,,,,,*62
$GPNVS,5,224928,010826,5C9,0,0,+36.12,00000,00000,*2F
$GPNVS,6,0,A,0,0x00000,0x20,,0x00,00,,0x00000,,*05
$GPNVS,7,224928,010826,A,12,0x00,0,1,0,393235,+4.32,-4.10*51
$GPNVS,9,+10000000.000,+1.87509,+10000000.00,15,+0.000,+0.39,,+36.12,50.0,99.0,*6A
$GPNVS,10,1,0,0,+5,+5,2,100,0.5,3,2,30,1,+0,1.0,20,+18,1,2,8000*68
$GPNVS,1,224929,010826,A,N,0,N,0x00000,0x20,0x00,1,N*12
$GPNVS,2,224929,010826,0.00,0.00,0.00,0.00,0.00,0.00,0.00,0.00,*65
$GPNVS,3,224929,010826,+0.38,,,+4.32,-4.09,,,,1,+36.12,*66
$GPNVS,4,224929,010826,0.00,0.00,,,,,,,*63
$GPNVS,5,224929,010826,5C9,0,0,+36.12,00000,00000,*2E
$GPNVS,6,0,A,0,0x00000,0x20,,0x00,00,,0x00000,,*05
$GPNVS,7,224929,010826,A,12,0x00,0,1,0,393235,+4.32,-4.10*50
$GPNVS,9,+10000000.000,+1.87509,+10000000.00,15,+0.000,+0.39,,+36.12,50.0,99.0,*6A
$GPNVS,10,1,0,0,+5,+5,2,100,0.5,3,2,30,1,+0,1.0,20,+18,1,2,8000*68
$GPNVS,1,224930,010826,A,N,0,N,0x00000,0x20,0x00,1,N*1A
$GPNVS,2,224930,010826,0.00,0.00,0.00,0.00,0.00,0.00,0.00,0.00,*6D
$GPNVS,3,224930,010826,+0.38,,,+4.32,-4.11,,,,1,+36.12,*67
$GPNVS,4,224930,010826,0.00,0.00,,,,,,,*6B
$GPNVS,5,224930,010826,5C9,0,0,+36.12,00000,00000,*26
$GPNVS,6,0,A,0,0x00000,0x20,,0x00,00,,0x00000,,*05
$GPNVS,7,224930,010826,A,12,0x00,0,1,0,393235,+4.32,-4.11*59
$GPNVS,9,+10000000.000,+1.87509,+10000000.00,15,+0.000,+0.39,,+36.12,50.0,99.0,*6A
$GPNVS,10,1,0,0,+5,+5,2,100,0.5,3,2,30,1,+0,1.0,20,+18,1,2,8000*68
$GPNVS,1,224931,010826,A,N,0,N,0x00000,0x20,0x00,1,N*1B
$GPNVS,2,224931,010826,0.00,0.00,0.00,0.00,0.00,0.00,0.00,0.00,*6C
$GPNVS,3,224931,010826,+0.38,,,+4.32,-4.09,,,,1,+36.12,*6F
$GPNVS,4,224931,010826,0.00,0.00,,,,,,,*6A
$GPNVS,5,224931,010826,5C9,0,0,+36.12,00000,00000,*27
$GPNVS,6,0,A,0,0x00000,0x20,,0x00,00,,0x00000,,*05
$GPNVS,7,224931,010826,A,12,0x00,0,1,0,393235,+4.32,-4.10*59
$GPNVS,9,+10000000.000,+1.87509,+10000000.00,15,+0.000,+0.39,,+36.12,50.0,99.0,*6A
$GPNVS,10,1,0,0,+5,+5,2,100,0.5,3,2,30,1,+0,1.0,20,+18,1,2,8000*68
$GPNVS,1,224932,010826,A,N,0,N,0x00000,0x20,0x00,1,N*18
$GPNVS,2,224932,010826,0.00,0.00,0.00,0.00,0.00,0.00,0.00,0.00,*6F
$GPNVS,3,224932,010826,+0.38,,,+4.32,-4.09,,,,1,+36.12,*6C
$GPNVS,4,224932,010826,0.00,0.00,,,,,,,*69
$GPNVS,5,224932,010826,5C9,0,0,+36.12,00000,00000,*24
$GPNVS,6,0,A,0,0x00000,0x20,,0x00,00,,0x00000,,*05
$GPNVS,7,224932,010826,A,12,0x00,0,0,0,393235,+4.32,-4.10*5B
$GPNVS,9,+10000000.001,+1.87509,+10000000.05,15,+0.000,+0.39,,+36.12,50.0,99.0,*6E
$GPNVS,10,1,0,0,+0,+0,2,100,0.5,3,2,30,1,+0,1.0,20,+18,1,2,8000*68
$GPNVS,1,224933,010826,A,N,0,N,0x00000,0x20,0x00,1,N*19
$GPNVS,2,224933,010826,0.00,0.00,0.00,0.00,0.00,0.00,0.00,0.00,*6E
$GPNVS,3,224933,010826,+0.38,,,+4.32,-4.09,,,,1,+36.12,*6D
$GPNVS,4,224933,010826,0.00,0.00,,,,,,,*68
$GPNVS,5,224933,010826,5C9,0,0,+36.12,00000,00000,*25
$GPNVS,6,0,A,0,0x00000,0x20,,0x00,00,,0x00000,,*05
$GPNVS,7,224933,010826,A,12,0x00,0,1,0,393235,+4.32,-4.10*5B
$GPNVS,9,+10000000.000,+1.87509,+9999999.949,15,+0.000,+0.39,,+36.12,50.0,99.0,*66
$GPNVS,10,1,0,0,+5,+0,2,100,0.5,3,2,30,1,+0,1.0,20,-2,1,2,8000*50
$GPNVS,1,224934,010826,A,N,0,N,0x00000,0x20,0x00,1,N*1E
$GPNVS,2,224934,010826,0.00,0.00,0.00,0.00,0.00,0.00,0.00,0.00,*69
$GPNVS,3,224934,010826,+0.38,,,+4.32,-4.09,,,,1,+36.12,*6A
$GPNVS,4,224934,010826,0.00,0.00,,,,,,,*6F
$GPNVS,5,224934,010826,5C9,0,0,+36.12,00000,00000,*22
$GPNVS,6,0,A,0,0x00000,0x20,,0x00,00,,0x00000,,*05
$GPNVS,7,224934,010826,A,12,0x00,0,1,0,393235,+4.32,-4.10*5C
$GPNVS,9,+10000000.000,+1.87509,+10000000.00,15,+0.000,+0.39,,+36.12,50.0,99.0,*6A
$GPNVS,10,1,0,0,+5,+5,2,100,0.5,3,2,30,1,+0,1.0,20,-2,1,2,8000*55
$GPNVS,1,224935,010826,A,N,0,N,0x00000,0x20,0x00,1,N*1F
$GPNVS,2,224935,010826,0.00,0.00,0.00,0.00,0.00,0.00,0.00,0.00,*68
$GPNVS,3,224935,010826,+0.38,,,+4.32,-4.09,,,,1,+36.12,*6B
$GPNVS,4,224935,010826,0.00,0.00,,,,,,,*6E
$GPNVS,5,224935,010826,5C9,0,0,+36.12,00000,00000,*23
$GPNVS,6,0,A,0,0x00000,0x20,,0x00,00,,0x00000,,*05
$GPNVS,7,224935,010826,A,12,0x00,0,1,0,393235,+4.32,-4.10*5D
$GPNVS,9,+10000000.000,+1.87509,+10000000.00,15,+0.000,+0.39,,+36.12,50.0,99.0,*6A
$GPNVS,10,1,0,0,+5,+5,2,100,0.5,3,2,30,1,+0,1.0,20,-2,1,2,8000*55
$GPNVS,1,224936,010826,A,N,0,N,0x00000,0x20,0x00,1,N*1C
$GPNVS,2,224936,010826,0.00,0.00,0.00,0.00,0.00,0.00,0.00,0.00,*6B
$GPNVS,3,224936,010826,+0.38,,,+4.32,-4.09,,,,1,+36.12,*68
$GPNVS,4,224936,010826,0.00,0.00,,,,,,,*6D
$GPNVS,5,224936,010826,5C9,0,0,+36.12,00000,00000,*20
$GPNVS,6,0,A,0,0x00000,0x20,,0x00,00,,0x00000,,*05
$GPNVS,7,224936,010826,A,12,0x00,0,1,0,393235,+4.32,-4.10*5E
$GPNVS,9,+10000000.000,+1.87509,+10000000.00,15,+0.000,+0.39,,+36.12,50.0,99.0,*6A
$GPNVS,10,1,0,0,+5,+5,2,100,0.5,3,2,30,1,+0,1.0,20,-2,1,2,8000*55
$GPNVS,1,224937,010826,A,N,0,N,0x00000,0x20,0x00,1,N*1D
$GPNVS,2,224937,010826,0.00,0.00,0.00,0.00,0.00,0.00,0.00,0.00,*6A
$GPNVS,3,224937,010826,+0.38,,,+4.32,-4.09,,,,1,+36.12,*69
$GPNVS,4,224937,010826,0.00,0.00,,,,,,,*6C
$GPNVS,5,224937,010826,5C9,0,0,+36.12,00000,00000,*21
$GPNVS,6,0,A,0,0x00000,0x20,,0x00,00,,0x00000,,*05
$GPNVS,7,224937,010826,A,12,0x00,0,1,0,393235,+4.32,-4.10*5F
$GPNVS,9,+10000000.000,+1.87509,+10000000.00,15,+0.000,+0.39,,+36.12,50.0,99.0,*6A
$GPNVS,10,1,0,0,+5,+5,2,100,0.5,3,2,30,1,+0,1.0,20,-2,1,2,8000*55
$GPNVS,99,,,*5C
$GPNVS,1,224938,010826,A,N,0,N,0x00000,0x20,0x00,1,N*12
$GPNVS,2,224938,010826,0.00,0.00,0.00,0.00,0.00,0.00,0.00,0.00,*65
$GPNVS,3,224938,010826,+0.38,,,+4.32,-4.09,,,,1,+36.12,*66
$GPNVS,4,224938,010826,0.00,0.00,,,,,,,*63
$GPNVS,5,224938,010826,5C9,0,0,+36.12,00000,00000,*2E
$GPNVS,6,0,A,0,0x00000,0x20,,0x00,00,,0x00000,,*05
$GPNVS,7,224938,010826,A,12,0x00,0,1,0,393235,+4.32,-4.10*50
$GPNVS,9,+10000000.000,+1.87509,+10000000.00,15,+0.000,+0.39,,+36.12,50.0,99.0,*6A
$GPNVS,10,1,0,0,+5,+5,2,100,0.5,3,2,30,1,+0,1.0,20,-2,1,2,8000*55
$GPNVS,1,224939,010826,A,N,0,N,0x00000,0x20,0x00,1,N*13
$GPNVS,2,224939,010826,0.00,0.00,0.00,0.00,0.00,0.00,0.00,0.00,*64
$GPNVS,3,224939,010826,+0.38,,,+4.32,-4.09,,,,1,+36.12,*67
$GPNVS,4,224939,010826,0.00,0.00,,,,,,,*62
$GPNVS,5,224939,010826,5C9,0,0,+36.12,00000,00000,*2F
$GPNVS,6,0,A,0,0x00000,0x20,,0x00,00,,0x00000,,*05
$GPNVS,7,224939,010826,A,12,0x00,0,1,0,393235,+4.32,-4.10*51
$GPNVS,9,+10000000.000,+1.87509,+10000000.00,15,+0.000,+0.39,,+36.12,50.0,99.0,*6A
$GPNVS,10,1,0,0,+5,+5,2,100,0.5,3,2,30,1,+0,1.0,20,-2,1,2,8000*55
$GPNVS,1,224940,010826,A,N,0,N,0x00000,0x20,0x00,1,N*1D
$GPNVS,2,224940,010826,0.00,0.00,0.00,0.00,0.00,0.00,0.00,0.00,*6A
$GPNVS,3,224940,010826,+0.38,,,+4.32,-4.11,,,,1,+36.12,*60
$GPNVS,4,224940,010826,0.00,0.00,,,,,,,*6C
$GPNVS,5,224940,010826,5C9,0,0,+36.12,00000,00000,*21
$GPNVS,6,0,A,0,0x00000,0x20,,0x00,00,,0x00000,,*05
$GPNVS,7,224940,010826,A,12,0x00,0,0,0,393235,+4.32,-4.11*5F
$GPNVS,9,+10000000.001,+1.87509,+10000000.05,15,+0.000,+0.39,,+36.12,50.0,99.0,*6E
$GPNVS,10,1,0,0,+0,+0,2,100,0.5,3,2,30,1,+0,1.0,20,-2,1,2,8000*55
$GPNVS,1,224941,010826,A,N,0,N,0x00000,0x20,0x00,1,N*1C
$GPNVS,2,224941,010826,0.00,0.00,0.00,0.00,0.00,0.00,0.00,0.00,*6B
$GPNVS,3,224941,010826,+0.38,,,+4.32,-4.11,,,,1,+36.12,*61
$GPNVS,4,224941,010826,0.00,0.00,,,,,,,*6D
$GPNVS,5,224941,010826,5C9,0,0,+36.12,00000,00000,*20
$GPNVS,6,0,A,0,0x00000,0x20,,0x00,00,,0x00000,,*05
$GPNVS,7,224941,010826,A,12,0x00,0,1,0,393235,+4.32,-4.11*5F
$GPNVS,9,+10000000.000,+1.87509,+9999999.949,15,+0.000,+0.39,,+36.12,50.0,99.0,*66
$GPNVS,10,1,0,0,+5,+0,2,100,0.5,3,2,30,1,+0,1.0,20,-2,1,2,8000*50
$GPNVS,1,224942,010826,A,N,0,N,0x00000,0x20,0x00,1,N*1F
$GPNVS,2,224942,010826,0.00,0.00,0.00,0.00,0.00,0.00,0.00,0.00,*68
$GPNVS,3,224942,010826,+0.38,,,+4.32,-4.11,,,,1,+36.12,*62
$GPNVS,4,224942,010826,0.00,0.00,,,,,,,*6E
$GPNVS,5,224942,010826,5C9,0,0,+36.12,00000,00000,*23
$GPNVS,6,0,A,0,0x00000,0x20,,0x00,00,,0x00000,,*05
$GPNVS,7,224942,010826,A,12,0x00,0,0,0,393235,+4.32,-4.11*5D
$GPNVS,9,+10000000.001,+1.87509,+10000000.05,15,+0.000,+0.39,,+36.12,50.0,99.0,*6E
$GPNVS,10,1,0,0,+0,+0,2,100,0.5,3,2,30,1,+0,1.0,20,-2,1,2,8000*55
$GPNVS,1,224943,010826,A,N,0,N,0x00000,0x20,0x00,1,N*1E
$GPNVS,2,224943,010826,0.00,0.00,0.00,0.00,0.00,0.00,0.00,0.00,*69
$GPNVS,3,224943,010826,+0.38,,,+4.32,-4.11,,,,1,+36.12,*63
$GPNVS,4,224943,010826,0.00,0.00,,,,,,,*6F
$GPNVS,5,224943,010826,5C9,0,0,+36.12,00000,00000,*22
$GPNVS,6,0,A,0,0x00000,0x20,,0x00,00,,0x00000,,*05
$GPNVS,7,224943,010826,A,12,0x00,0,1,0,393235,+4.32,-4.11*5D
$GPNVS,9,+10000000.000,+1.87509,+9999999.949,15,+0.000,+0.39,,+36.12,50.0,99.0,*66
$GPNVS,10,1,0,0,+5,+0,2,100,0.5,3,2,30,1,+0,1.0,20,-2,1,2,8000*50
$GPNVS,1,224944,010826,A,N,0,N,0x00000,0x20,0x00,1,N*19
$GPNVS,2,224944,010826,0.00,0.00,0.00,0.00,0.00,0.00,0.00,0.00,*6E
$GPNVS,3,224944,010826,+0.38,,,+4.32,-4.11,,,,1,+36.12,*64
$GPNVS,4,224944,010826,0.00,0.00,,,,,,,*68
$GPNVS,5,224944,010826,5C9,0,0,+36.12,00000,00000,*25
$GPNVS,6,0,A,0,0x00000,0x20,,0x00,00,,0x00000,,*05
$GPNVS,7,224944,010826,A,12,0x00,0,1,0,393235,+4.32,-4.11*5A
$GPNVS,9,+10000000.000,+1.87509,+10000000.00,15,+0.000,+0.39,,+36.12,50.0,99.0,*6A
$GPNVS,10,1,0,0,+5,+5,2,100,0.5,3,2,30,1,+0,1.0,20,+14,1,2,8000*64
$GPNVS,1,224945,010826,A,N,0,N,0x00000,0x20,0x00,1,N*18
$GPNVS,2,224945,010826,0.00,0.00,0.00,0.00,0.00,0.00,0.00,0.00,*6F
$GPNVS,3,224945,010826,+0.38,,,+4.32,-4.11,,,,1,+36.12,*65
$GPNVS,4,224945,010826,0.00,0.00,,,,,,,*69
$GPNVS,5,224945,010826,5C9,0,0,+36.12,00000,00000,*24
$GPNVS,6,0,A,0,0x00000,0x20,,0x00,00,,0x00000,,*05
$GPNVS,7,224945,010826,A,12,0x00,0,1,0,393235,+4.32,-4.11*5B
$GPNVS,9,+10000000.000,+1.87509,+10000000.00,15,+0.000,+0.39,,+36.12,50.0,99.0,*6A
$GPNVS,10,1,0,0,+5,+5,2,100,0.5,3,2,30,1,+0,1.0,20,+14,1,2,8000*64
$GPNVS,1,224946,010826,A,N,0,N,0x00000,0x20,0x00,1,N*1B
$GPNVS,2,224946,010826,0.00,0.00,0.00,0.00,0.00,0.00,0.00,0.00,*6C
$GPNVS,3,224946,010826,+0.38,,,+4.32,-4.11,,,,1,+36.12,*66
$GPNVS,4,224946,010826,0.00,0.00,,,,,,,*6A
$GPNVS,5,224946,010826,5C9,0,0,+36.12,00000,00000,*27
$GPNVS,6,0,A,0,0x00000,0x20,,0x00,00,,0x00000,,*05
$GPNVS,7,224946,010826,A,12,0x00,0,1,0,393235,+4.32,-4.11*58
$GPNVS,9,+10000000.000,+1.87509,+10000000.00,15,+0.000,+0.39,,+36.12,50.0,99.0,*6A
$GPNVS,10,1,0,0,+5,+5,2,100,0.5,3,2,30,1,+0,1.0,20,+14,1,2,8000*64
$GPNVS,1,224947,010826,A,N,0,N,0x00000,0x20,0x00,1,N*1A
$GPNVS,2,224947,010826,0.00,0.00,0.00,0.00,0.00,0.00,0.00,0.00,*6D
$GPNVS,3,224947,010826,+0.38,,,+4.32,-4.11,,,,1,+36.12,*67
$GPNVS,4,224947,010826,0.00,0.00,,,,,,,*6B
$GPNVS,5,224947,010826,5C9,0,0,+36.12,00000,00000,*26
$GPNVS,6,0,A,0,0x00000,0x20,,0x00,00,,0x00000,,*05
$GPNVS,7,224947,010826,A,12,0x00,0,1,0,393235,+4.32,-4.11*59
$GPNVS,9,+10000000.000,+1.87509,+10000000.00,15,+0.000,+0.39,,+36.12,50.0,99.0,*6A
$GPNVS,10,1,0,0,+5,+5,2,100,0.5,3,2,30,1,+0,1.0,20,+14,1,2,8000*64
$GPNVS,1,224948,010826,A,N,0,N,0x00000,0x20,0x00,1,N*15
$GPNVS,2,224948,010826,0.00,0.00,0.00,0.00,0.00,0.00,0.00,0.00,*62
$GPNVS,3,224948,010826,+0.38,,,+4.32,-4.11,,,,1,+36.12,*68
$GPNVS,4,224948,010826,0.00,0.00,,,,,,,*64
$GPNVS,5,224948,010826,5C9,0,0,+36.12,00000,00000,*29
$GPNVS,6,0,A,0,0x00000,0x20,,0x00,00,,0x00000,,*05
$GPNVS,7,224948,010826,A,12,0x00,0,1,0,393235,+4.32,-4.11*56
$GPNVS,9,+10000000.000,+1.87509,+10000000.00,15,+0.000,+0.39,,+36.12,50.0,99.0,*6A
$GPNVS,10,1,0,0,+5,+5,2,100,0.5,3,2,30,1,+0,1.0,20,+14,1,2,8000*64
$GPNVS,1,224949,010826,A,N,0,N,0x00000,0x20,0x00,1,N*14
$GPNVS,2,224949,010826,0.00,0.00,0.00,0.00,0.00,0.00,0.00,0.00,*63
$GPNVS,3,224949,010826,+0.38,,,+4.32,-4.11,,,,1,+36.12,*69
$GPNVS,4,224949,010826,0.00,0.00,,,,,,,*65
$GPNVS,5,224949,010826,5C9,0,0,+36.12,00000,00000,*28
$GPNVS,6,0,A,0,0x00000,0x20,,0x00,00,,0x00000,,*05
$GPNVS,7,224949,010826,A,12,0x00,0,1,0,393235,+4.32,-4.11*57
$GPNVS,9,+10000000.000,+1.87509,+10000000.00,15,+0.000,+0.39,,+36.12,50.0,99.0,*6A
$GPNVS,10,1,0,0,+5,+5,2,100,0.5,3,2,30,1,+0,1.0,20,+14,1,2,8000*64
$GPNVS,1,224950,010826,A,N,0,N,0x00000,0x20,0x00,1,N*1C
$GPNVS,2,224950,010826,0.00,0.00,0.00,0.00,0.00,0.00,0.00,0.00,*6B
$GPNVS,3,224950,010826,+0.38,,,+4.32,-4.09,,,,1,+36.12,*68
$GPNVS,4,224950,010826,0.00,0.00,,,,,,,*6D
$GPNVS,5,224950,010826,5C9,0,0,+36.12,00000,00000,*20
$GPNVS,6,0,A,0,0x00000,0x20,,0x00,00,,0x00000,,*05
$GPNVS,7,224950,010826,A,12,0x00,0,1,0,393235,+4.32,-4.10*5E
$GPNVS,9,+10000000.000,+1.87509,+10000000.00,15,+0.000,+0.39,,+36.12,50.0,99.0,*6A
$GPNVS,10,1,0,0,+5,+5,2,100,0.5,3,2,30,1,+0,1.0,20,+14,1,2,8000*64
$GPNVS,1,224951,010826,A,N,0,N,0x00000,0x20,0x00,1,N*1D
$GPNVS,2,224951,010826,0.00,0.00,0.00,0.00,0.00,0.00,0.00,0.00,*6A
$GPNVS,3,224951,010826,+0.38,,,+4.32,-4.09,,,,1,+36.12,*69
$GPNVS,4,224951,010826,0.00,0.00,,,,,,,*6C
$GPNVS,5,224951,010826,5C9,0,0,+36.12,00000,00000,*21
$GPNVS,6,0,A,0,0x00000,0x20,,0x00,00,,0x00000,,*05
$GPNVS,7,224951,010826,A,12,0x00,0,1,0,393235,+4.32,-4.10*5F
$GPNVS,9,+10000000.000,+1.87509,+10000000.00,15,+0.000,+0.39,,+36.12,50.0,99.0,*6A
$GPNVS,10,1,0,0,+5,+5,2,100,0.5,3,2,30,1,+0,1.0,20,+14,1,2,8000*64
$GPNVS,1,224952,010826,A,N,0,N,0x00000,0x20,0x00,1,N*1E
$GPNVS,2,224952,010826,0.00,0.00,0.00,0.00,0.00,0.00,0.00,0.00,*69
$GPNVS,3,224952,010826,+0.38,,,+4.32,-4.11,,,,1,+36.12,*63
$GPNVS,4,224952,010826,0.00,0.00,,,,,,,*6F
$GPNVS,5,224952,010826,5C9,0,0,+36.12,00000,00000,*22
$GPNVS,6,0,A,0,0x00000,0x20,,0x00,00,,0x00000,,*05
$GPNVS,7,224952,010826,A,12,0x00,0,1,0,393235,+4.32,-4.11*5D
$GPNVS,9,+10000000.000,+1.87509,+10000000.00,15,+0.000,+0.39,,+36.12,50.0,99.0,*6A
$GPNVS,10,1,0,0,+5,+5,2,100,0.5,3,2,30,1,+0,1.0,20,+14,1,2,8000*64
$GPNVS,99,,,*5C
$GPNVS,1,224953,010826,A,N,0,N,0x00000,0x20,0x00,1,N*1F
$GPNVS,2,224953,010826,0.00,0.00,0.00,0.00,0.00,0.00,0.00,0.00,*68
$GPNVS,3,224953,010826,+0.38,,,+4.32,-4.11,,,,1,+36.12,*62
$GPNVS,4,224953,010826,0.00,0.00,,,,,,,*6E
$GPNVS,5,224953,010826,5C9,0,0,+36.12,00000,00000,*23
$GPNVS,6,0,A,0,0x00000,0x20,,0x00,00,,0x00000,,*05
$GPNVS,7,224953,010826,A,12,0x00,0,1,0,393235,+4.32,-4.11*5C
$GPNVS,9,+10000000.000,+1.87509,+10000000.00,15,+0.000,+0.39,,+36.12,50.0,99.0,*6A
$GPNVS,10,1,0,0,+5,+5,2,100,0.5,3,2,30,1,+0,1.0,20,+14,1,2,8000*64
$GPNVS,1,224954,010826,A,N,0,N,0x00000,0x20,0x00,1,N*18
$GPNVS,2,224954,010826,0.00,0.00,0.00,0.00,0.00,0.00,0.00,0.00,*6F
$GPNVS,3,224954,010826,+0.38,,,+4.32,-4.11,,,,1,+36.12,*65
$GPNVS,4,224954,010826,0.00,0.00,,,,,,,*69
$GPNVS,5,224954,010826,5C9,0,0,+36.12,00000,00000,*24
$GPNVS,6,0,A,0,0x00000,0x20,,0x00,00,,0x00000,,*05
$GPNVS,7,224954,010826,A,12,0x00,0,1,0,393235,+4.32,-4.11*5B
$GPNVS,9,+10000000.000,+1.87509,+10000000.00,15,+0.000,+0.39,,+36.12,50.0,99.0,*6A
$GPNVS,10,1,0,0,+5,+5,2,100,0.5,3,2,30,1,+0,1.0,20,+14,1,2,8000*64
$GPNVS,1,224955,010826,A,N,0,N,0x00000,0x20,0x00,1,N*19
$GPNVS,2,224955,010826,0.00,0.00,0.00,0.00,0.00,0.00,0.00,0.00,*6E
$GPNVS,3,224955,010826,+0.38,,,+4.32,-4.09,,,,1,+36.12,*6D
$GPNVS,4,224955,010826,0.00,0.00,,,,,,,*68
$GPNVS,5,224955,010826,5C9,0,0,+36.12,00000,00000,*25
$GPNVS,6,0,A,0,0x00000,0x20,,0x00,00,,0x00000,,*05
$GPNVS,7,224955,010826,A,12,0x00,0,1,0,393235,+4.32,-4.10*5B
$GPNVS,9,+10000000.000,+1.87509,+10000000.00,15,+0.000,+0.39,,+36.12,50.0,99.0,*6A
$GPNVS,10,1,0,0,+5,+5,2,100,0.5,3,2,30,1,+0,1.0,20,-6,1,2,8000*51
$GPNVS,1,224956,010826,A,N,0,N,0x00000,0x20,0x00,1,N*1A
$GPNVS,2,224956,010826,0.00,0.00,0.00,0.00,0.00,0.00,0.00,0.00,*6D
$GPNVS,3,224956,010826,+0.38,,,+4.32,-4.09,,,,1,+36.12,*6E
$GPNVS,4,224956,010826,0.00,0.00,,,,,,,*6B
$GPNVS,5,224956,010826,5C9,0,0,+36.12,00000,00000,*26
$GPNVS,6,0,A,0,0x00000,0x20,,0x00,00,,0x00000,,*05
$GPNVS,7,224956,010826,A,12,0x00,0,1,0,393235,+4.32,-4.10*58
$GPNVS,9,+10000000.000,+1.87509,+10000000.00,15,+0.000,+0.39,,+36.12,50.0,99.0,*6A
$GPNVS,10,1,0,0,+5,+5,2,100,0.5,3,2,30,1,+0,1.0,20,-6,1,2,8000*51
$GPNVS,1,224957,010826,A,N,0,N,0x00000,0x20,0x00,1,N*1B
$GPNVS,2,224957,010826,0.00,0.00,0.00,0.00,0.00,0.00,0.00,0.00,*6C
$GPNVS,3,224957,010826,+0.38,,,+4.32,-4.11,,,,1,+36.12,*66
$GPNVS,4,224957,010826,0.00,0.00,,,,,,,*6A
$GPNVS,5,224957,010826,5C9,0,0,+36.12,00000,00000,*27
$GPNVS,6,0,A,0,0x00000,0x20,,0x00,00,,0x00000,,*05
$GPNVS,7,224957,010826,A,12,0x00,0,1,0,393235,+4.32,-4.11*58
$GPNVS,9,+10000000.000,+1.87509,+10000000.00,15,+0.000,+0.39,,+36.12,50.0,99.0,*6A
$GPNVS,10,1,0,0,+5,+5,2,100,0.5,3,2,30,1,+0,1.0,20,-6,1,2,8000*51
$GPNVS,1,224958,010826,A,N,0,N,0x00000,0x20,0x00,1,N*14
$GPNVS,2,224958,010826,0.00,0.00,0.00,0.00,0.00,0.00,0.00,0.00,*63
$GPNVS,3,224958,010826,+0.38,,,+4.32,-4.11,,,,1,+36.12,*69
$GPNVS,4,224958,010826,0.00,0.00,,,,,,,*65
$GPNVS,5,224958,010826,5C9,0,0,+36.12,00000,00000,*28
$GPNVS,6,0,A,0,0x00000,0x20,,0x00,00,,0x00000,,*05
$GPNVS,7,224958,010826,A,12,0x00,0,1,0,393235,+4.32,-4.11*57
$GPNVS,9,+10000000.000,+1.87509,+10000000.00,15,+0.000,+0.39,,+36.12,50.0,99.0,*6A
$GPNVS,10,1,0,0,+5,+5,2,100,0.5,3,2,30,1,+0,1.0,20,-6,1,2,8000*51
$GPNVS,1,224959,010826,A,N,0,N,0x00000,0x20,0x00,1,N*15
$GPNVS,2,224959,010826,0.00,0.00,0.00,0.00,0.00,0.00,0.00,0.00,*62
$GPNVS,3,224959,010826,+0.38,,,+4.32,-4.09,,,,1,+36.12,*61
$GPNVS,4,224959,010826,0.00,0.00,,,,,,,*64
$GPNVS,5,224959,010826,5C9,0,0,+36.12,00000,00000,*29
$GPNVS,6,0,A,0,0x00000,0x20,,0x00,00,,0x00000,,*05
$GPNVS,7,224959,010826,A,12,0x00,0,1,0,393235,+4.32,-4.10*57
$GPNVS,9,+10000000.000,+1.87509,+10000000.00,15,+0.000,+0.39,,+36.12,50.0,99.0,*6A
$GPNVS,10,1,0,0,+5,+5,2,100,0.5,3,2,30,1,+0,1.0,20,-6,1,2,8000*51
$GPNVS,1,225000,010826,A,N,0,N,0x00000,0x20,0x00,1,N*11
$GPNVS,2,225000,010826,0.00,0.00,0.00,0.00,0.00,0.00,0.00,0.00,*66
$GPNVS,3,225000,010826,+0.38,,,+4.32,-4.09,,,,1,+36.12,*65
$GPNVS,4,225000,010826,0.00,0.00,,,,,,,*60
$GPNVS,5,225000,010826,5C9,0,0,+36.12,00000,00000,*2D
$GPNVS,6,0,A,0,0x00000,0x20,,0x00,00,,0x00000,,*05
$GPNVS,7,225000,010826,A,12,0x00,0,1,0,393235,+4.32,-4.10*53
$GPNVS,9,+10000000.000,+1.87509,+10000000.00,15,+0.000,+0.39,,+36.12,50.0,99.0,*6A
$GPNVS,10,1,0,0,+5,+5,2,100,0.5,3,2,30,1,+0,1.0,20,-6,1,2,8000*51
$GPNVS,1,225001,010826,A,N,0,N,0x00000,0x20,0x00,1,N*10
$GPNVS,2,225001,010826,0.00,0.00,0.00,0.00,0.00,0.00,0.00,0.00,*67
$GPNVS,3,225001,010826,+0.38,,,+4.32,-4.11,,,,1,+36.12,*6D
$GPNVS,4,225001,010826,0.00,0.00,,,,,,,*61
$GPNVS,5,225001,010826,5C9,0,0,+36.12,00000,00000,*2C
$GPNVS,6,0,A,0,0x00000,0x20,,0x00,00,,0x00000,,*05
$GPNVS,7,225001,010826,A,12,0x00,0,1,0,393235,+4.32,-4.11*53
$GPNVS,9,+10000000.000,+1.87509,+10000000.00,15,+0.000,+0.39,,+36.12,50.0,99.0,*6A
$GPNVS,10,1,0,0,+5,+5,2,100,0.5,3,2,30,1,+0,1.0,20,-6,1,2,8000*51
$GPNVS,1,225002,010826,A,N,0,N,0x00000,0x20,0x00,1,N*13
$GPNVS,2,225002,010826,0.00,0.00,0.00,0.00,0.00,0.00,0.00,0.00,*64
$GPNVS,3,225002,010826,+0.38,,,+4.32,-4.11,,,,1,+36.12,*6E
$GPNVS,4,225002,010826,0.00,0.00,,,,,,,*62
$GPNVS,5,225002,010826,5C9,0,0,+36.12,00000,00000,*2F
$GPNVS,6,0,A,0,0x00000,0x20,,0x00,00,,0x00000,,*05
$GPNVS,7,225002,010826,A,12,0x00,0,0,0,393235,+4.32,-4.11*51
$GPNVS,9,+10000000.001,+1.87509,+10000000.05,15,+0.000,+0.39,,+36.12,50.0,99.0,*6E
$GPNVS,10,1,0,0,+0,+0,2,100,0.5,3,2,30,1,+0,1.0,20,-6,1,2,8000*51
$GPNVS,1,225003,010826,A,N,0,N,0x00000,0x20,0x00,1,N*12
$GPNVS,2,225003,010826,0.00,0.00,0.00,0.00,0.00,0.00,0.00,0.00,*65
$GPNVS,3,225003,010826,+0.38,,,+4.32,-4.11,,,,1,+36.12,*6F
$GPNVS,4,225003,010826,0.00,0.00,,,,,,,*63
$GPNVS,5,225003,010826,5C9,0,0,+36.12,00000,00000,*2E
$GPNVS,6,0,A,0,0x00000,0x20,,0x00,00,,0x00000,,*05
$GPNVS,7,225003,010826,A,12,0x00,0,0,0,393235,+4.32,-4.11*50
$GPNVS,9,+10000000.001,+1.87509,+10000000.00,15,+0.000,+0.39,,+36.12,50.0,99.0,*6B
$GPNVS,10,1,0,0,+0,+0,2,100,0.5,3,2,30,1,+0,1.0,20,-6,1,2,8000*51
$GPNVS,1,225004,010826,A,N,0,N,0x00000,0x20,0x00,1,N*15
$GPNVS,2,225004,010826,0.00,0.00,0.00,0.00,0.00,0.00,0.00,0.00,*62
$GPNVS,3,225004,010826,+0.38,,,+4.32,-4.11,,,,1,+36.12,*68
$GPNVS,4,225004,010826,0.00,0.00,,,,,,,*64
$GPNVS,5,225004,010826,5C9,0,0,+36.12,00000,00000,*29
$GPNVS,6,0,A,0,0x00000,0x20,,0x00,00,,0x00000,,*05
$GPNVS,7,225004,010826,A,12,0x00,0,1,0,393235,+4.32,-4.11*56
$GPNVS,9,+10000000.000,+1.87509,+9999999.949,15,+0.000,+0.39,,+36.12,50.0,99.0,*66
$GPNVS,10,1,0,0,+5,+0,2,100,0.5,3,2,30,1,+0,1.0,20,-6,1,2,8000*54
$GPNVS,1,225005,010826,A,N,0,N,0x00000,0x20,0x00,1,N*14
$GPNVS,2,225005,010826,0.00,0.00,0.00,0.00,0.00,0.00,0.00,0.00,*63
$GPNVS,3,225005,010826,+0.38,,,+4.32,-4.09,,,,1,+36.12,*60
$GPNVS,4,225005,010826,0.00,0.00,,,,,,,*65
$GPNVS,5,225005,010826,5C9,0,0,+36.12,00000,00000,*28
$GPNVS,6,0,A,0,0x00000,0x20,,0x00,00,,0x00000,,*05
$GPNVS,7,225005,010826,A,12,0x00,0,1,0,393235,+4.32,-4.10*56
$GPNVS,9,+10000000.000,+1.87509,+10000000.00,15,+0.000,+0.39,,+36.12,50.0,99.0,*6A
$GPNVS,10,1,0,0,+5,+5,2,100,0.5,3,2,30,1,+0,1.0,20,-6,1,2,8000*51
$GPNVS,1,225006,010826,A,N,0,N,0x00000,0x20,0x00,1,N*17
$GPNVS,2,225006,010826,0.00,0.00,0.00,0.00,0.00,0.00,0.00,0.00,*60
$GPNVS,3,225006,010826,+0.38,,,+4.32,-4.11,,,,1,+36.12,*6A
$GPNVS,4,225006,010826,0.00,0.00,,,,,,,*66
$GPNVS,5,225006,010826,5C9,0,0,+36.12,00000,00000,*2B
$GPNVS,6,0,A,0,0x00000,0x20,,0x00,00,,0x00000,,*05
$GPNVS,7,225006,010826,A,12,0x00,0,0,0,393235,+4.32,-4.11*55
$GPNVS,9,+10000000.001,+1.87509,+10000000.05,15,+0.000,+0.39,,+36.12,50.0,99.0,*6E
$GPNVS,10,1,0,0,+0,+0,2,100,0.5,3,2,30,1,+0,1.0,20,+10,1,2,8000*60
$GPNVS,1,225007,010826,A,N,0,N,0x00000,0x20,0x00,1,N*16
$GPNVS,2,225007,010826,0.00,0.00,0.00,0.00,0.00,0.00,0.00,0.00,*61
$GPNVS,3,225007,010826,+0.38,,,+4.32,-4.11,,,,1,+36.12,*6B
$GPNVS,4,225007,010826,0.00,0.00,,,,,,,*67
$GPNVS,5,225007,010826,5C9,0,0,+36.12,00000,00000,*2A
$GPNVS,6,0,A,0,0x00000,0x20,,0x00,00,,0x00000,,*05
$GPNVS,7,225007,010826,A,12,0x00,0,1,0,393235,+4.32,-4.11*55
$GPNVS,9,+10000000.000,+1.87509,+9999999.949,15,+0.000,+0.39,,+36.12,50.0,99.0,*66
$GPNVS,10,1,0,0,+5,+0,2,100,0.5,3,2,30,1,+0,1.0,20,+10,1,2,8000*65
$GPNVS,99,,,*5C
$GPNVS,1,225008,010826,A,N,0,N,0x00000,0x20,0x00,1,N*19
$GPNVS,2,225008,010826,0.00,0.00,0.00,0.00,0.00,0.00,0.00,0.00,*6E
$GPNVS,3,225008,010826,+0.38,,,+4.32,-4.09,,,,1,+36.12,*6D
$GPNVS,4,225008,010826,0.00,0.00,,,,,,,*68
$GPNVS,5,225008,010826,5C9,0,0,+36.12,00000,00000,*25
$GPNVS,6,0,A,0,0x00000,0x20,,0x00,00,,0x00000,,*05
$GPNVS,7,225008,010826,A,12,0x00,0,1,0,393235,+4.32,-4.10*5B
$GPNVS,9,+10000000.000,+1.87509,+10000000.00,15,+0.000,+0.39,,+36.12,50.0,99.0,*6A
$GPNVS,10,1,0,0,+5,+5,2,100,0.5,3,2,30,1,+0,1.0,20,+10,1,2,8000*60
$GPNVS,1,225009,010826,A,N,0,N,0x00000,0x20,0x00,1,N*18
$GPNVS,2,225009,010826,0.00,0.00,0.00,0.00,0.00,0.00,0.00,0.00,*6F
$GPNVS,3,225009,010826,+0.38,,,+4.32,-4.11,,,,1,+36.12,*65
$GPNVS,4,225009,010826,0.00,0.00,,,,,,,*69
$GPNVS,5,225009,010826,5C9,0,0,+36.12,00000,00000,*24
$GPNVS,6,0,A,0,0x00000,0x20,,0x00,00,,0x00000,,*05
$GPNVS,7,225009,010826,A,12,0x00,0,1,0,393235,+4.32,-4.11*5B
$GPNVS,9,+10000000.000,+1.87509,+10000000.00,15,+0.000,+0.39,,+36.12,50.0,99.0,*6A
$GPNVS,10,1,0,0,+5,+5,2,100,0.5,3,2,30,1,+0,1.0,20,+10,1,2,8000*60
$GPNVS,1,225010,010826,A,N,0,N,0x00000,0x20,0x00,1,N*10
$GPNVS,2,225010,010826,0.00,0.00,0.00,0.00,0.00,0.00,0.00,0.00,*67
$GPNVS,3,225010,010826,+0.38,,,+4.32,-4.09,,,,1,+36.12,*64
$GPNVS,4,225010,010826,0.00,0.00,,,,,,,*61
$GPNVS,5,225010,010826,5C9,0,0,+36.12,00000,00000,*2C
$GPNVS,6,0,A,0,0x00000,0x20,,0x00,00,,0x00000,,*05
$GPNVS,7,225010,010826,A,12,0x00,0,1,0,393235,+4.32,-4.10*52
$GPNVS,9,+10000000.000,+1.87509,+10000000.00,15,+0.000,+0.39,,+36.12,50.0,99.0,*6A
$GPNVS,10,1,0,0,+5,+5,2,100,0.5,3,2,30,1,+0,1.0,20,+10,1,2,8000*60
$GPNVS,1,225011,010826,A,N,0,N,0x00000,0x20,0x00,1,N*11
$GPNVS,2,225011,010826,0.00,0.00,0.00,0.00,0.00,0.00,0.00,0.00,*66
$GPNVS,3,225011,010826,+0.38,,,+4.32,-4.09,,,,1,+36.12,*65
$GPNVS,4,225011,010826,0.00,0.00,,,,,,,*60
$GPNVS,5,225011,010826,5C9,0,0,+36.12,00000,00000,*2D
$GPNVS,6,0,A,0,0x00000,0x20,,0x00,00,,0x00000,,*05
$GPNVS,7,225011,010826,A,12,0x00,0,1,0,393235,+4.32,-4.10*53
$GPNVS,9,+10000000.000,+1.87509,+10000000.00,15,+0.000,+0.39,,+36.12,50.0,99.0,*6A
$GPNVS,10,1,0,0,+5,+5,2,100,0.5,3,2,30,1,+0,1.0,20,+10,1,2,8000*60
$GPNVS,1,225012,010826,A,N,0,N,0x00000,0x20,0x00,1,N*12
$GPNVS,2,225012,010826,0.00,0.00,0.00,0.00,0.00,0.00,0.00,0.00,*65
$GPNVS,3,225012,010826,+0.38,,,+4.32,-4.11,,,,1,+36.12,*6F
$GPNVS,4,225012,010826,0.00,0.00,,,,,,,*63
$GPNVS,5,225012,010826,5C9,0,0,+36.12,00000,00000,*2E
$GPNVS,6,0,A,0,0x00000,0x20,,0x00,00,,0x00000,,*05
$GPNVS,7,225012,010826,A,12,0x00,0,1,0,393235,+4.32,-4.11*51
$GPNVS,9,+10000000.000,+1.87509,+10000000.00,15,+0.000,+0.39,,+36.12,50.0,99.0,*6A
$GPNVS,10,1,0,0,+5,+5,2,100,0.5,3,2,30,1,+0,1.0,20,+10,1,2,8000*60
$GPNVS,1,225013,010826,A,N,0,N,0x00000,0x20,0x00,1,N*13
$GPNVS,2,225013,010826,0.00,0.00,0.00,0.00,0.00,0.00,0.00,0.00,*64
$GPNVS,3,225013,010826,+0.38,,,+4.32,-4.09,,,,1,+36.12,*67
$GPNVS,4,225013,010826,0.00,0.00,,,,,,,*62
$GPNVS,5,225013,010826,5C9,0,0,+36.12,00000,00000,*2F
$GPNVS,6,0,A,0,0x00000,0x20,,0x00,00,,0x00000,,*05
$GPNVS,7,225013,010826,A,12,0x00,0,1,0,393235,+4.32,-4.10*51
$GPNVS,9,+10000000.000,+1.87509,+10000000.00,15,+0.000,+0.39,,+36.12,50.0,99.0,*6A
$GPNVS,10,1,0,0,+5,+5,2,100,0.5,3,2,30,1,+0,1.0,20,+10,1,2,8000*60
$GPNVS,1,225014,010826,A,N,0,N,0x00000,0x20,0x00,1,N*14
$GPNVS,2,225014,010826,0.00,0.00,0.00,0.00,0.00,0.00,0.00,0.00,*63
$GPNVS,3,225014,010826,+0.38,,,+4.32,-4.11,,,,1,+36.12,*69
$GPNVS,4,225014,010826,0.00,0.00,,,,,,,*65
$GPNVS,5,225014,010826,5C9,0,0,+36.12,00000,00000,*28
$GPNVS,6,0,A,0,0x00000,0x20,,0x00,00,,0x00000,,*05
$GPNVS,7,225014,010826,A,12,0x00,0,1,0,393235,+4.32,-4.11*57
$GPNVS,9,+10000000.000,+1.87509,+10000000.00,15,+0.000,+0.39,,+36.12,50.0,99.0,*6A
$GPNVS,10,1,0,0,+5,+5,2,100,0.5,3,2,30,1,+0,1.0,20,+10,1,2,8000*60
$GPNVS,1,225015,010826,A,N,0,N,0x00000,0x20,0x00,1,N*15
$GPNVS,2,225015,010826,0.00,0.00,0.00,0.00,0.00,0.00,0.00,0.00,*62
$GPNVS,3,225015,010826,+0.38,,,+4.32,-4.11,,,,1,+36.12,*68
$GPNVS,4,225015,010826,0.00,0.00,,,,,,,*64
$GPNVS,5,225015,010826,5C9,0,0,+36.12,00000,00000,*29
$GPNVS,6,0,A,0,0x00000,0x20,,0x00,00,,0x00000,,*05
$GPNVS,7,225015,010826,A,12,0x00,0,1,0,393235,+4.32,-4.11*56
$GPNVS,9,+10000000.000,+1.87509,+10000000.00,15,+0.000,+0.39,,+36.12,50.0,99.0,*6A
$GPNVS,10,1,0,0,+5,+5,2,100,0.5,3,2,30,1,+0,1.0,20,+10,1,2,8000*60
$GPNVS,1,225016,010826,A,N,0,N,0x00000,0x20,0x00,1,N*16
$GPNVS,2,225016,010826,0.00,0.00,0.00,0.00,0.00,0.00,0.00,0.00,*61
$GPNVS,3,225016,010826,+0.38,,,+4.32,-4.11,,,,1,+36.12,*6B
$GPNVS,4,225016,010826,0.00,0.00,,,,,,,*67
$GPNVS,5,225016,010826,5C9,0,0,+36.12,00000,00000,*2A
$GPNVS,6,0,A,0,0x00000,0x20,,0x00,00,,0x00000,,*05
$GPNVS,7,225016,010826,A,12,0x00,0,2,0,393235,+4.32,-4.11*56
$GPNVS,9,+9999999.9989,+1.87509,+9999999.949,15,+0.000,+0.39,,+36.12,50.0,99.0,*6F
$GPNVS,10,1,0,0,+10,+5,2,100,0.5,3,2,30,1,+0,1.0,20,-10,1,2,8000*52
$GPNVS,1,225017,010826,A,N,0,N,0x00000,0x20,0x00,1,N*17
$GPNVS,2,225017,010826,0.00,0.00,0.00,0.00,0.00,0.00,0.00,0.00,*60
$GPNVS,3,225017,010826,+0.38,,,+4.32,-4.09,,,,1,+36.12,*63
$GPNVS,4,225017,010826,0.00,0.00,,,,,,,*66
$GPNVS,5,225017,010826,5C9,0,0,+36.12,00000,00000,*2B
$GPNVS,6,0,A,0,0x00000,0x20,,0x00,00,,0x00000,,*05
$GPNVS,7,225017,010826,A,12,0x00,0,2,0,393235,+4.32,-4.10*56
$GPNVS,9,+9999999.9989,+1.87509,+10000000.00,15,+0.000,+0.39,,+36.12,50.0,99.0,*63
$GPNVS,10,1,0,0,+10,+10,2,100,0.5,3,2,30,1,+0,1.0,20,-10,1,2,8000*66
$GPNVS,1,225018,010826,A,N,0,N,0x00000,0x20,0x00,1,N*18
$GPNVS,2,225018,010826,0.00,0.00,0.00,0.00,0.00,0.00,0.00,0.00,*6F
$GPNVS,3,225018,010826,+0.38,,,+4.32,-4.11,,,,1,+36.12,*65
$GPNVS,4,225018,010826,0.00,0.00,,,,,,,*69
$GPNVS,5,225018,010826,5C9,0,0,+36.12,00000,00000,*24
$GPNVS,6,0,A,0,0x00000,0x20,,0x00,00,,0x00000,,*05
$GPNVS,7,225018,010826,A,12,0x00,0,1,0,393235,+4.32,-4.11*5B
$GPNVS,9,+10000000.000,+1.87509,+10000000.05,15,+0.000,+0.39,,+36.12,50.0,99.0,*6F
$GPNVS,10,1,0,0,+5,+5,2,100,0.5,3,2,30,1,+0,1.0,20,-10,1,2,8000*66
$GPNVS,1,225019,010826,A,N,0,N,0x00000,0x20,0x00,1,N*19
$GPNVS,2,225019,010826,0.00,0.00,0.00,0.00,0.00,0.00,0.00,0.00,*6E
$GPNVS,3,225019,010826,+0.38,,,+4.32,-4.09,,,,1,+36.12,*6D
$GPNVS,4,225019,010826,0.00,0.00,,,,,,,*68
$GPNVS,5,225019,010826,5C9,0,0,+36.12,00000,00000,*25
$GPNVS,6,0,A,0,0x00000,0x20,,0x00,00,,0x00000,,*05
$GPNVS,7,225019,010826,A,12,0x00,0,1,0,393235,+4.32,-4.10*5B
$GPNVS,9,+10000000.000,+1.87509,+10000000.00,15,+0.000,+0.39,,+36.12,50.0,99.0,*6A
$GPNVS,10,1,0,0,+5,+5,2,100,0.5,3,2,30,1,+0,1.0,20,-10,1,2,8000*66
$GPNVS,1,225020,010826,A,N,0,N,0x00000,0x20,0x00,1,N*13
$GPNVS,2,225020,010826,0.00,0.00,0.00,0.00,0.00,0.00,0.00,0.00,*64
$GPNVS,3,225020,010826,+0.38,,,+4.32,-4.09,,,,1,+36.12,*67
$GPNVS,4,225020,010826,0.00,0.00,,,,,,,*62
$GPNVS,5,225020,010826,5C9,0,0,+36.12,00000,00000,*2F
$GPNVS,6,0,A,0,0x00000,0x20,,0x00,00,,0x00000,,*05
$GPNVS,7,225020,010826,A,12,0x00,0,2,0,393235,+4.32,-4.10*52
$GPNVS,9,+9999999.9989,+1.87509,+9999999.949,15,+0.000,+0.39,,+36.12,50.0,99.0,*6F
$GPNVS,10,1,0,0,+10,+5,2,100,0.5,3,2,30,1,+0,1.0,20,-10,1,2,8000*52
$GPNVS,1,225021,010826,A,N,0,N,0x00000,0x20,0x00,1,N*12
$GPNVS,2,225021,010826,0.00,0.00,0.00,0.00,0.00,0.00,0.00,0.00,*65
$GPNVS,3,225021,010826,+0.38,,,+4.32,-4.09,,,,1,+36.12,*66
$GPNVS,4,225021,010826,0.00,0.00,,,,,,,*63
$GPNVS,5,225021,010826,5C9,0,0,+36.12,00000,00000,*2E
$GPNVS,6,0,A,0,0x00000,0x20,,0x00,00,,0x00000,,*05
$GPNVS,7,225021,010826,A,12,0x00,0,2,0,393235,+4.32,-4.10*53
$GPNVS,9,+9999999.9989,+1.87509,+10000000.00,15,+0.000,+0.39,,+36.12,50.0,99.0,*63
$GPNVS,10,1,0,0,+10,+10,2,100,0.5,3,2,30,1,+1,1.0,20,-10,1,2,8000*67
$GPNVS,1,225022,010826,A,N,0,N,0x00000,0x20,0x00,1,N*11
$GPNVS,2,225022,010826,0.00,0.00,0.00,0.00,0.00,0.00,0.00,0.00,*66
$GPNVS,3,225022,010826,+0.38,,,+4.32,-4.09,,,,1,+36.12,*65
$GPNVS,4,225022,010826,0.00,0.00,,,,,,,*60
$GPNVS,5,225022,010826,5C9,0,0,+36.12,00000,00000,*2D
$GPNVS,6,0,A,0,0x00000,0x20,,0x00,00,,0x00000,,*05
$GPNVS,7,225022,010826,A,12,0x00,0,2,2,393237,+4.32,-4.10*50
$GPNVS,9,+9999999.9979,+1.87510,+10000000.00,15,+0.000,+0.39,,+36.12,50.0,99.0,*64
$GPNVS,10,1,0,0,+10,+10,2,100,0.5,3,2,30,1,+1,1.0,20,-10,1,2,8000*67
$GPNVS,99,,,*5C
$GPNVS,1,225023,010826,A,N,0,N,0x00000,0x20,0x00,1,N*10
$GPNVS,2,225023,010826,0.00,0.00,0.00,0.00,0.00,0.00,0.00,0.00,*67
$GPNVS,3,225023,010826,+0.38,,,+4.32,-4.09,,,,1,+36.12,*64
$GPNVS,4,225023,010826,0.00,0.00,,,,,,,*61
$GPNVS,5,225023,010826,5C9,0,0,+36.12,00000,00000,*2C
$GPNVS,6,0,A,0,0x00000,0x20,,0x00,00,,0x00000,,*05
$GPNVS,7,225023,010826,A,12,0x00,0,1,0,393237,+4.32,-4.10*50
$GPNVS,9,+10000000.000,+1.87510,+10000000.05,15,+0.000,+0.39,,+36.12,50.0,99.0,*67
$GPNVS,10,1,0,0,+5,+5,2,100,0.5,3,2,30,1,+1,1.0,20,-10,1,2,8000*67
$GPNVS,1,225024,010826,A,N,0,N,0x00000,0x20,0x00,1,N*17
$GPNVS,2,225024,010826,0.00,0.00,0.00,0.00,0.00,0.00,0.00,0.00,*60
$GPNVS,3,225024,010826,+0.38,,,+4.32,-4.09,,,,1,+36.12,*63
$GPNVS,4,225024,010826,0.00,0.00,,,,,,,*66
$GPNVS,5,225024,010826,5C9,0,0,+36.12,00000,00000,*2B
$GPNVS,6,0,A,0,0x00000,0x20,,0x00,00,,0x00000,,*05
$GPNVS,7,225024,010826,A,12,0x00,0,2,0,393237,+4.32,-4.10*54
$GPNVS,9,+9999999.9989,+1.87510,+9999999.949,15,+0.000,+0.39,,+36.12,50.0,99.0,*67
$GPNVS,10,1,0,0,+10,+5,2,100,0.5,3,2,30,1,+1,1.0,20,-10,1,2,8000*53
$GPNVS,1,225025,010826,A,N,0,N,0x00000,0x20,0x00,1,N*16
$GPNVS,2,225025,010826,0.00,0.00,0.00,0.00,0.00,0.00,0.00,0.00,*61
$GPNVS,3,225025,010826,+0.38,,,+4.32,-4.09,,,,1,+36.12,*62
$GPNVS,4,225025,010826,0.00,0.00,,,,,,,*67
$GPNVS,5,225025,010826,5C9,0,0,+36.12,00000,00000,*2A
$GPNVS,6,0,A,0,0x00000,0x20,,0x00,00,,0x00000,,*05
$GPNVS,7,225025,010826,A,12,0x00,0,2,2,393239,+4.32,-4.10*59
$GPNVS,9,+9999999.9989,+1.87511,+10000000.00,15,+0.000,+0.39,,+36.12,50.0,99.0,*6A
$GPNVS,10,1,0,0,+10,+10,2,100,0.5,3,2,30,1,+1,1.0,20,-10,1,2,8000*67
$GPNVS,1,225026,010826,A,N,0,N,0x00000,0x20,0x00,1,N*15
$GPNVS,2,225026,010826,0.00,0.00,0.00,0.00,0.00,0.00,0.00,0.00,*62
$GPNVS,3,225026,010826,+0.38,,,+4.32,-4.11,,,,1,+36.12,*68
$GPNVS,4,225026,010826,0.00,0.00,,,,,,,*64
$GPNVS,5,225026,010826,5C9,0,0,+36.12,00000,00000,*29
$GPNVS,6,0,A,0,0x00000,0x20,,0x00,00,,0x00000,,*05
$GPNVS,7,225026,010826,A,12,0x00,0,1,0,393239,+4.32,-4.11*5A
$GPNVS,9,+10000000.000,+1.87511,+10000000.05,15,+0.000,+0.39,,+36.12,50.0,99.0,*66
$GPNVS,10,1,0,0,+5,+5,2,100,0.5,3,2,30,1,+1,1.0,20,-10,1,2,8000*67
$GPNVS,1,225027,010826,A,N,0,N,0x00000,0x20,0x00,1,N*14
$GPNVS,2,225027,010826,0.00,0.00,0.00,0.00,0.00,0.00,0.00,0.00,*63
$GPNVS,3,225027,010826,+0.38,,,+4.32,-4.11,,,,1,+36.12,*69
$GPNVS,4,225027,010826,0.00,0.00,,,,,,,*65
$GPNVS,5,225027,010826,5C9,0,0,+36.12,00000,00000,*28
$GPNVS,6,0,A,0,0x00000,0x20,,0x00,00,,0x00000,,*05
$GPNVS,7,225027,010826,A,12,0x00,0,2,0,393239,+4.32,-4.11*58
$GPNVS,9,+9999999.9989,+1.87511,+9999999.949,15,+0.000,+0.39,,+36.12,50.0,99.0,*66
$GPNVS,10,1,0,0,+10,+5,2,100,0.5,3,2,30,1,+1,1.0,20,+6,1,2,8000*62
$GPNVS,1,225028,010826,A,N,0,N,0x00000,0x20,0x00,1,N*1B
$GPNVS,2,225028,010826,0.00,0.00,0.00,0.00,0.00,0.00,0.00,0.00,*6C
$GPNVS,3,225028,010826,+0.38,,,+4.32,-4.09,,,,1,+36.12,*6F
$GPNVS,4,225028,010826,0.00,0.00,,,,,,,*6A
$GPNVS,5,225028,010826,5C9,0,0,+36.12,00000,00000,*27
$GPNVS,6,0,A,0,0x00000,0x20,,0x00,00,,0x00000,,*05
$GPNVS,7,225028,010826,A,12,0x00,0,1,1,393240,+4.32,-4.10*5A
$GPNVS,9,+10000000.000,+1.87511,+10000000.05,15,+0.000,+0.39,,+36.12,50.0,99.0,*66
$GPNVS,10,1,0,0,+5,+5,2,100,0.5,3,2,30,1,+1,1.0,20,+6,1,2,8000*56
$GPNVS,1,225029,010826,A,N,0,N,0x00000,0x20,0x00,1,N*1A
$GPNVS,2,225029,010826,0.00,0.00,0.00,0.00,0.00,0.00,0.00,0.00,*6D
$GPNVS,3,225029,010826,+0.38,,,+4.32,-4.11,,,,1,+36.12,*67
$GPNVS,4,225029,010826,0.00,0.00,,,,,,,*6B
$GPNVS,5,225029,010826,5C9,0,0,+36.12,00000,00000,*26
$GPNVS,6,0,A,0,0x00000,0x20,,0x00,00,,0x00000,,*05
$GPNVS,7,225029,010826,A,12,0x00,0,1,0,393240,+4.32,-4.11*5B
$GPNVS,9,+10000000.000,+1.87511,+10000000.00,15,+0.000,+0.39,,+36.12,50.0,99.0,*63
$GPNVS,10,1,0,0,+5,+5,2,100,0.5,3,2,30,1,+0,1.0,20,+6,1,2,8000*57
$GPNVS,1,225030,010826,A,N,0,N,0x00000,0x20,0x00,1,N*12
$GPNVS,2,225030,010826,0.00,0.00,0.00,0.00,0.00,0.00,0.00,0.00,*65
$GPNVS,3,225030,010826,+0.38,,,+4.32,-4.09,,,,1,+36.12,*66
$GPNVS,4,225030,010826,0.00,0.00,,,,,,,*63
$GPNVS,5,225030,010826,5C9,0,0,+36.12,00000,00000,*2E
$GPNVS,6,0,A,0,0x00000,0x20,,0x00,00,,0x00000,,*05
$GPNVS,7,225030,010826,A,12,0x00,0,1,0,393240,+4.32,-4.10*52
$GPNVS,9,+9999999.9989,+1.87511,+10000000.00,15,+0.000,+0.39,,+36.12,50.0,99.0,*6A
$GPNVS,10,1,0,0,+5,+5,2,100,0.5,3,2,30,1,+0,1.0,20,+6,1,2,8000*57
$GPNVS,1,225031,010826,A,N,0,N,0x00000,0x20,0x00,1,N*13
$GPNVS,2,225031,010826,0.00,0.00,0.00,0.00,0.00,0.00,0.00,0.00,*64
$GPNVS,3,225031,010826,+0.38,,,+4.32,-4.09,,,,1,+36.12,*67
$GPNVS,4,225031,010826,0.00,0.00,,,,,,,*62
$GPNVS,5,225031,010826,5C9,0,0,+36.12,00000,00000,*2F
$GPNVS,6,0,A,0,0x00000,0x20,,0x00,00,,0x00000,,*05
$GPNVS,7,225031,010826,A,12,0x00,0,1,0,393240,+4.32,-4.10*53
$GPNVS,9,+10000000.000,+1.87511,+10000000.00,15,+0.000,+0.39,,+36.12,50.0,99.0,*63
$GPNVS,10,1,0,0,+5,+5,2,100,0.5,3,2,30,1,+0,1.0,20,+6,1,2,8000*57
$GPNVS,1,225032,010826,A,N,0,N,0x00000,0x20,0x00,1,N*10
$GPNVS,2,225032,010826,0.00,0.00,0.00,0.00,0.00,0.00,0.00,0.00,*67
$GPNVS,3,225032,010826,+0.38,,,+4.32,-4.11,,,,1,+36.12,*6D
$GPNVS,4,225032,010826,0.00,0.00,,,,,,,*61
$GPNVS,5,225032,010826,5C9,0,0,+36.12,00000,00000,*2C
$GPNVS,6,0,A,0,0x00000,0x20,,0x00,00,,0x00000,,*05
$GPNVS,7,225032,010826,A,12,0x00,0,1,0,393240,+4.32,-4.11*51
$GPNVS,9,+9999999.9989,+1.87511,+10000000.00,15,+0.000,+0.39,,+36.12,50.0,99.0,*6A
$GPNVS,10,1,0,0,+5,+5,2,100,0.5,3,2,30,1,+0,1.0,20,+6,1,2,8000*57
$GPNVS,1,225033,010826,A,N,0,N,0x00000,0x20,0x00,1,N*11
$GPNVS,2,225033,010826,0.00,0.00,0.00,0.00,0.00,0.00,0.00,0.00,*66
$GPNVS,3,225033,010826,+0.38,,,+4.32,-4.09,,,,1,+36.12,*65
$GPNVS,4,225033,010826,0.00,0.00,,,,,,,*60
$GPNVS,5,225033,010826,5C9,0,0,+36.12,00000,00000,*2D
$GPNVS,6,0,A,0,0x00000,0x20,,0x00,00,,0x00000,,*05
$GPNVS,7,225033,010826,A,12,0x00,0,1,0,393240,+4.32,-4.10*51
$GPNVS,9,+10000000.000,+1.87511,+10000000.00,15,+0.000,+0.39,,+36.12,50.0,99.0,*63
$GPNVS,10,1,0,0,+5,+5,2,100,0.5,3,2,30,1,+0,1.0,20,+6,1,2,8000*57
$GPNVS,1,225034,010826,A,N,0,N,0x00000,0x20,0x00,1,N*16
$GPNVS,2,225034,010826,0.00,0.00,0.00,0.00,0.00,0.00,0.00,0.00,*61
$GPNVS,3,225034,010826,+0.38,,,+4.32,-4.09,,,,1,+36.12,*62
$GPNVS,4,225034,010826,0.00,0.00,,,,,,,*67
$GPNVS,5,225034,010826,5C9,0,0,+36.12,00000,00000,*2A
$GPNVS,6,0,A,0,0x00000,0x20,,0x00,00,,0x00000,,*05
$GPNVS,7,225034,010826,A,12,0x00,0,1,-1,393239,+4.32,-4.10*74
$GPNVS,9,+10000000.000,+1.87511,+10000000.00,15,+0.000,+0.39,,+36.12,50.0,99.0,*63
$GPNVS,10,1,0,0,+5,+5,2,100,0.5,3,2,30,1,-1,1.0,20,+6,1,2,8000*50
$GPNVS,1,225035,010826,A,N,0,N,0x00000,0x20,0x00,1,N*17
$GPNVS,2,225035,010826,0.00,0.00,0.00,0.00,0.00,0.00,0.00,0.00,*60
$GPNVS,3,225035,010826,+0.38,,,+4.32,-4.11,,,,1,+36.12,*6A
$GPNVS,4,225035,010826,0.00,0.00,,,,,,,*66
$GPNVS,5,225035,010826,5C9,0,0,+36.12,00000,00000,*2B
$GPNVS,6,0,A,0,0x00000,0x20,,0x00,00,,0x00000,,*05
$GPNVS,7,225035,010826,A,12,0x00,0,0,0,393239,+4.32,-4.11*59
$GPNVS,9,+10000000.001,+1.87511,+10000000.05,15,+0.000,+0.39,,+36.12,50.0,99.0,*67
$GPNVS,10,1,0,0,+0,+0,2,100,0.5,3,2,30,1,-1,1.0,20,+6,1,2,8000*50
$GPNVS,1,225036,010826,A,N,0,N,0x00000,0x20,0x00,1,N*14
$GPNVS,2,225036,010826,0.00,0.00,0.00,0.00,0.00,0.00,0.00,0.00,*63
$GPNVS,3,225036,010826,+0.38,,,+4.32,-4.11,,,,1,+36.12,*69
$GPNVS,4,225036,010826,0.00,0.00,,,,,,,*65
$GPNVS,5,225036,010826,5C9,0,0,+36.12,00000,00000,*28
$GPNVS,6,0,A,0,0x00000,0x20,,0x00,00,,0x00000,,*05
$GPNVS,7,225036,010826,A,12,0x00,0,0,0,393239,+4.32,-4.11*5A
$GPNVS,9,+10000000.001,+1.87511,+10000000.00,15,+0.000,+0.39,,+36.12,50.0,99.0,*62
$GPNVS,10,1,0,0,+0,+0,2,100,0.5,3,2,30,1,-1,1.0,20,+6,1,2,8000*50
$GPNVS,1,225037,010826,A,N,0,N,0x00000,0x20,0x00,1,N*15
$GPNVS,2,225037,010826,0.00,0.00,0.00,0.00,0.00,0.00,0.00,0.00,*62
$GPNVS,3,225037,010826,+0.38,,,+4.32,-4.11,,,,1,+36.12,*68
$GPNVS,4,225037,010826,0.00,0.00,,,,,,,*64
$GPNVS,5,225037,010826,5C9,0,0,+36.12,00000,00000,*29
$GPNVS,6,0,A,0,0x00000,0x20,,0x00,00,,0x00000,,*05
$GPNVS,7,225037,010826,A,12,0x00,0,1,-1,393238,+4.32,-4.11*77
$GPNVS,9,+10000000.000,+1.87510,+9999999.949,15,+0.000,+0.39,,+36.12,50.0,99.0,*6E
$GPNVS,10,1,0,0,+5,+0,2,100,0.5,3,2,30,1,-1,1.0,20,+6,1,2,8000*55
$GPNVS,99,,,*5C
$GPNVS,1,225038,010826,A,N,0,N,0x00000,0x20,0x00,1,N*1A
$GPNVS,2,225038,010826,0.00,0.00,0.00,0.00,0.00,0.00,0.00,0.00,*6D
$GPNVS,3,225038,010826,+0.38,,,+4.32,-4.11,,,,1,+36.12,*67
$GPNVS,4,225038,010826,0.00,0.00,,,,,,,*6B
$GPNVS,5,225038,010826,5C9,0,0,+36.12,00000,00000,*26
$GPNVS,6,0,A,0,0x00000,0x20,,0x00,00,,0x00000,,*05
$GPNVS,7,225038,010826,A,12,0x00,0,0,0,393238,+4.32,-4.11*55
$GPNVS,9,+10000000.001,+1.87510,+10000000.05,15,+0.000,+0.39,,+36.12,50.0,99.0,*66
$GPNVS,10,1,0,0,+0,+0,2,100,0.5,3,2,30,1,-1,1.0,20,-14,1,2,8000*65
$GPNVS,1,225039,010826,A,N,0,N,0x00000,0x20,0x00,1,N*1B
$GPNVS,2,225039,010826,0.00,0.00,0.00,0.00,0.00,0.00,0.00,0.00,*6C
$GPNVS,3,225039,010826,+0.38,,,+4.32,-4.09,,,,1,+36.12,*6F
$GPNVS,4,225039,010826,0.00,0.00,,,,,,,*6A
$GPNVS,5,225039,010826,5C9,0,0,+36.12,00000,00000,*27
$GPNVS,6,0,A,0,0x00000,0x20,,0x00,00,,0x00000,,*05
$GPNVS,7,225039,010826,A,12,0x00,0,0,0,393238,+4.32,-4.10*55
$GPNVS,9,+10000000.001,+1.87510,+10000000.00,15,+0.000,+0.39,,+36.12,50.0,99.0,*63
$GPNVS,10,1,0,0,+0,+0,2,100,0.5,3,2,30,1,-2,1.0,20,-14,1,2,8000*66
$GPNVS,1,225040,010826,A,N,0,N,0x00000,0x20,0x00,1,N*15
$GPNVS,2,225040,010826,0.00,0.00,0.00,0.00,0.00,0.00,0.00,0.00,*62
$GPNVS,3,225040,010826,+0.38,,,+4.32,-4.11,,,,1,+36.12,*68
$GPNVS,4,225040,010826,0.00,0.00,,,,,,,*64
$GPNVS,5,225040,010826,5C9,0,0,+36.12,00000,00000,*29
$GPNVS,6,0,A,0,0x00000,0x20,,0x00,00,,0x00000,,*05
$GPNVS,7,225040,010826,A,12,0x00,0,0,-2,393236,+4.32,-4.11*7B
$GPNVS,9,+10000000.001,+1.87509,+10000000.00,15,+0.000,+0.39,,+36.12,50.0,99.0,*6B
$GPNVS,10,1,0,0,+0,+0,2,100,0.5,3,2,30,1,-2,1.0,20,-14,1,2,8000*66
$GPNVS,1,225041,010826,A,N,0,N,0x00000,0x20,0x00,1,N*14
$GPNVS,2,225041,010826,0.00,0.00,0.00,0.00,0.00,0.00,0.00,0.00,*63
$GPNVS,3,225041,010826,+0.38,,,+4.32,-4.11,,,,1,+36.12,*69
$GPNVS,4,225041,010826,0.00,0.00,,,,,,,*65
$GPNVS,5,225041,010826,5C9,0,0,+36.12,00000,00000,*28
$GPNVS,6,0,A,0,0x00000,0x20,,0x00,00,,0x00000,,*05
$GPNVS,7,225041,010826,A,12,0x00,0,1,0,393236,+4.32,-4.11*54
$GPNVS,9,+10000000.000,+1.87509,+9999999.949,15,+0.000,+0.39,,+36.12,50.0,99.0,*66
$GPNVS,10,1,0,0,+5,+0,2,100,0.5,3,2,30,1,-2,1.0,20,-14,1,2,8000*63
$GPNVS,1,225042,010826,A,N,0,N,0x00000,0x20,0x00,1,N*17
$GPNVS,2,225042,010826,0.00,0.00,0.00,0.00,0.00,0.00,0.00,0.00,*60
$GPNVS,3,225042,010826,+0.38,,,+4.32,-4.11,,,,1,+36.12,*6A
$GPNVS,4,225042,010826,0.00,0.00,,,,,,,*66
$GPNVS,5,225042,010826,5C9,0,0,+36.12,00000,00000,*2B
$GPNVS,6,0,A,0,0x00000,0x20,,0x00,00,,0x00000,,*05
$GPNVS,7,225042,010826,A,12,0x00,0,0,0,393236,+4.32,-4.11*56
$GPNVS,9,+10000000.001,+1.87509,+10000000.05,15,+0.000,+0.39,,+36.12,50.0,99.0,*6E
$GPNVS,10,1,0,0,+0,+0,2,100,0.5,3,2,30,1,-1,1.0,20,-14,1,2,8000*65
$GPNVS,1,225043,010826,A,N,0,N,0x00000,0x20,0x00,1,N*16
$GPNVS,2,225043,010826,0.00,0.00,0.00,0.00,0.00,0.00,0.00,0.00,*61
$GPNVS,3,225043,010826,+0.38,,,+4.32,-4.09,,,,1,+36.12,*62
$GPNVS,4,225043,010826,0.00,0.00,,,,,,,*67
$GPNVS,5,225043,010826,5C9,0,0,+36.12,00000,00000,*2A
$GPNVS,6,0,A,0,0x00000,0x20,,0x00,00,,0x00000,,*05
$GPNVS,7,225043,010826,A,12,0x00,0,0,-1,393235,+4.32,-4.10*79
$GPNVS,9,+10000000.001,+1.87509,+10000000.00,15,+0.000,+0.39,,+36.12,50.0,99.0,*6B
$GPNVS,10,1,0,0,+0,+0,2,100,0.5,3,2,30,1,-1,1.0,20,-14,1,2,8000*65
$GPNVS,1,225044,010826,A,N,0,N,0x00000,0x20,0x00,1,N*11
$GPNVS,2,225044,010826,0.00,0.00,0.00,0.00,0.00,0.00,0.00,0.00,*66
$GPNVS,3,225044,010826,+0.38,,,+4.32,-4.11,,,,1,+36.12,*6C
$GPNVS,4,225044,010826,0.00,0.00,,,,,,,*60
$GPNVS,5,225044,010826,5C9,0,0,+36.12,00000,00000,*2D
$GPNVS,6,0,A,0,0x00000,0x20,,0x00,00,,0x00000,,*05
$GPNVS,7,225044,010826,A,12,0x00,0,0,0,393235,+4.32,-4.11*53
$GPNVS,9,+10000000.001,+1.87509,+10000000.00,15,+0.000,+0.39,,+36.12,50.0,99.0,*6B
$GPNVS,10,1,0,0,+0,+0,2,100,0.5,3,2,30,1,-1,1.0,20,-14,1,2,8000*65
$GPNVS,1,225045,010826,A,N,0,N,0x00000,0x20,0x00,1,N*10
$GPNVS,2,225045,010826,0.00,0.00,0.00,0.00,0.00,0.00,0.00,0.00,*67
$GPNVS,3,225045,010826,+0.38,,,+4.32,-4.09,,,,1,+36.12,*64
$GPNVS,4,225045,010826,0.00,0.00,,,,,,,*61
$GPNVS,5,225045,010826,5C9,0,0,+36.12,00000,00000,*2C
$GPNVS,6,0,A,0,0x00000,0x20,,0x00,00,,0x00000,,*05
$GPNVS,7,225045,010826,A,12,0x00,0,1,0,393235,+4.32,-4.10*52
$GPNVS,9,+10000000.000,+1.87509,+9999999.949,15,+0.000,+0.39,,+36.12,50.0,99.0,*66
$GPNVS,10,1,0,0,+5,+0,2,100,0.5,3,2,30,1,-1,1.0,20,-14,1,2,8000*60
$GPNVS,1,225046,010826,A,N,0,N,0x00000,0x20,0x00,1,N*13
$GPNVS,2,225046,010826,0.00,0.00,0.00,0.00,0.00,0.00,0.00,0.00,*64
$GPNVS,3,225046,010826,+0.38,,,+4.32,-4.09,,,,1,+36.12,*67
$GPNVS,4,225046,010826,0.00,0.00,,,,,,,*62
$GPNVS,5,225046,010826,5C9,0,0,+36.12,00000,00000,*2F
$GPNVS,6,0,A,0,0x00000,0x20,,0x00,00,,0x00000,,*05
$GPNVS,7,225046,010826,A,12,0x00,0,0,-1,393234,+4.32,-4.10*7D
$GPNVS,9,+10000000.001,+1.87508,+10000000.05,15,+0.000,+0.39,,+36.12,50.0,99.0,*6F
$GPNVS,10,1,0,0,+0,+0,2,100,0.5,3,2,30,1,-1,1.0,20,-14,1,2,8000*65
$GPNVS,1,225047,010826,A,N,0,N,0x00000,0x20,0x00,1,N*12
$GPNVS,2,225047,010826,0.00,0.00,0.00,0.00,0.00,0.00,0.00,0.00,*65
$GPNVS,3,225047,010826,+0.38,,,+4.32,-4.09,,,,1,+36.12,*66
$GPNVS,4,225047,010826,0.00,0.00,,,,,,,*63
$GPNVS,5,225047,010826,5C9,0,0,+36.12,00000,00000,*2E
$GPNVS,6,0,A,0,0x00000,0x20,,0x00,00,,0x00000,,*05
$GPNVS,7,225047,010826,A,12,0x00,0,0,0,393234,+4.32,-4.10*50
$GPNVS,9,+10000000.001,+1.87508,+10000000.00,15,+0.000,+0.39,,+36.12,50.0,99.0,*6A
$GPNVS,10,1,0,0,+0,+0,2,100,0.5,3,2,30,1,-1,1.0,20,-14,1,2,8000*65
$GPNVS,1,225048,010826,A,N,0,N,0x00000,0x20,0x00,1,N*1D
$GPNVS,2,225048,010826,0.00,0.00,0.00,0.00,0.00,0.00,0.00,0.00,*6A
$GPNVS,3,225048,010826,+0.38,,,+4.32,-4.11,,,,1,+36.12,*60
$GPNVS,4,225048,010826,0.00,0.00,,,,,,,*6C
$GPNVS,5,225048,010826,5C9,0,0,+36.12,00000,00000,*21
$GPNVS,6,0,A,0,0x00000,0x20,,0x00,00,,0x00000,,*05
$GPNVS,7,225048,010826,A,12,0x00,0,1,0,393234,+4.32,-4.11*5F
$GPNVS,9,+10000000.000,+1.87508,+9999999.949,15,+0.000,+0.39,,+36.12,50.0,99.0,*67
$GPNVS,10,1,0,0,+5,+0,2,100,0.5,3,2,30,1,-1,1.0,20,-14,1,2,8000*60
$GPNVS,1,225049,010826,A,N,0,N,0x00000,0x20,0x00,1,N*1C
$GPNVS,2,225049,010826,0.00,0.00,0.00,0.00,0.00,0.00,0.00,0.00,*6B
$GPNVS,3,225049,010826,+0.38,,,+4.32,-4.11,,,,1,+36.12,*61
$GPNVS,4,225049,010826,0.00,0.00,,,,,,,*6D
$GPNVS,5,225049,010826,5C9,0,0,+36.12,00000,00000,*20
$GPNVS,6,0,A,0,0x00000,0x20,,0x00,00,,0x00000,,*05
$GPNVS,7,225049,010826,A,12,0x00,0,1,-1,393233,+4.32,-4.11*75
$GPNVS,9,+10000000.000,+1.87508,+10000000.00,15,+0.000,+0.39,,+36.12,50.0,99.0,*6B
$GPNVS,10,1,0,0,+5,+5,2,100,0.5,3,2,30,1,-1,1.0,20,+2,1,2,8000*54
$GPNVS,1,225050,010826,A,N,0,N,0x00000,0x20,0x00,1,N*14
$GPNVS,2,225050,010826,0.00,0.00,0.00,0.00,0.00,0.00,0.00,0.00,*63
$GPNVS,3,225050,010826,+0.38,,,+4.32,-4.11,,,,1,+36.12,*69
$GPNVS,4,225050,010826,0.00,0.00,,,,,,,*65
$GPNVS,5,225050,010826,5C9,0,0,+36.12,00000,00000,*28
$GPNVS,6,0,A,0,0x00000,0x20,,0x00,00,,0x00000,,*05
$GPNVS,7,225050,010826,A,12,0x00,0,1,0,393233,+4.32,-4.11*51
$GPNVS,9,+10000000.000,+1.87508,+10000000.00,15,+0.000,+0.39,,+36.12,50.0,99.0,*6B
$GPNVS,10,1,0,0,+5,+5,2,100,0.5,3,2,30,1,+0,1.0,20,+2,1,2,8000*53
$GPNVS,1,225051,010826,A,N,0,N,0x00000,0x20,0x00,1,N*15
$GPNVS,2,225051,010826,0.00,0.00,0.00,0.00,0.00,0.00,0.00,0.00,*62
$GPNVS,3,225051,010826,+0.38,,,+4.32,-4.11,,,,1,+36.12,*68
$GPNVS,4,225051,010826,0.00,0.00,,,,,,,*64
$GPNVS,5,225051,010826,5C9,0,0,+36.12,00000,00000,*29
$GPNVS,6,0,A,0,0x00000,0x20,,0x00,00,,0x00000,,*05
$GPNVS,7,225051,010826,A,12,0x00,0,1,0,393233,+4.32,-4.11*50
$GPNVS,9,+10000000.000,+1.87508,+10000000.00,15,+0.000,+0.39,,+36.12,50.0,99.0,*6B
$GPNVS,10,1,0,0,+5,+5,2,100,0.5,3,2,30,1,+0,1.0,20,+2,1,2,8000*53
$GPNVS,1,225052,010826,A,N,0,N,0x00000,0x20,0x00,1,N*16
$GPNVS,2,225052,010826,0.00,0.00,0.00,0.00,0.00,0.00,0.00,0.00,*61
$GPNVS,3,225052,010826,+0.38,,,+4.32,-4.11,,,,1,+36.12,*6B
$GPNVS,4,225052,010826,0.00,0.00,,,,,,,*67
$GPNVS,5,225052,010826,5C9,0,0,+36.12,00000,00000,*2A
$GPNVS,6,0,A,0,0x00000,0x20,,0x00,00,,0x00000,,*05
$GPNVS,7,225052,010826,A,12,0x00,0,0,1,393234,+4.32,-4.11*54
$GPNVS,9,+10000000.000,+1.87508,+10000000.05,15,+0.000,+0.39,,+36.12,50.0,99.0,*6E
$GPNVS,10,1,0,0,+0,+0,2,100,0.5,3,2,30,1,+1,1.0,20,+2,1,2,8000*52
$GPNVS,99,,,*5C
$GPNVS,1,225053,010826,A,N,0,N,0x00000,0x20,0x00,1,N*17
$GPNVS,2,225053,010826,0.00,0.00,0.00,0.00,0.00,0.00,0.00,0.00,*60
$GPNVS,3,225053,010826,+0.38,,,+4.32,-4.09,,,,1,+36.12,*63
$GPNVS,4,225053,010826,0.00,0.00,,,,,,,*66
$GPNVS,5,225053,010826,5C9,0,0,+36.12,00000,00000,*2B
$GPNVS,6,0,A,0,0x00000,0x20,,0x00,00,,0x00000,,*05
$GPNVS,7,225053,010826,A,12,0x00,0,1,0,393234,+4.32,-4.10*54
$GPNVS,9,+9999999.9989,+1.87508,+9999999.949,15,+0.000,+0.39,,+36.12,50.0,99.0,*6E
$GPNVS,10,1,0,0,+5,+0,2,100,0.5,3,2,30,1,+1,1.0,20,+2,1,2,8000*57
$GPNVS,1,225054,010826,A,N,0,N,0x00000,0x20,0x00,1,N*10
$GPNVS,2,225054,010826,0.00,0.00,0.00,0.00,0.00,0.00,0.00,0.00,*67
$GPNVS,3,225054,010826,+0.38,,,+4.32,-4.09,,,,1,+36.12,*64
$GPNVS,4,225054,010826,0.00,0.00,,,,,,,*61
$GPNVS,5,225054,010826,5C9,0,0,+36.12,00000,00000,*2C
$GPNVS,6,0,A,0,0x00000,0x20,,0x00,00,,0x00000,,*05
$GPNVS,7,225054,010826,A,12,0x00,0,1,0,393234,+4.32,-4.10*53
$GPNVS,9,+10000000.000,+1.87508,+10000000.00,15,+0.000,+0.39,,+36.12,50.0,99.0,*6B
$GPNVS,10,1,0,0,+5,+5,2,100,0.5,3,2,30,1,+1,1.0,20,+2,1,2,8000*52
$GPNVS,1,225055,010826,A,N,0,N,0x00000,0x20,0x00,1,N*11
$GPNVS,2,225055,010826,0.00,0.00,0.00,0.00,0.00,0.00,0.00,0.00,*66
$GPNVS,3,225055,010826,+0.38,,,+4.32,-4.09,,,,1,+36.12,*65
$GPNVS,4,225055,010826,0.00,0.00,,,,,,,*60
$GPNVS,5,225055,010826,5C9,0,0,+36.12,00000,00000,*2D
$GPNVS,6,0,A,0,0x00000,0x20,,0x00,00,,0x00000,,*05
$GPNVS,7,225055,010826,A,12,0x00,0,0,1,393235,+4.32,-4.10*53
$GPNVS,9,+10000000.001,+1.87509,+10000000.05,15,+0.000,+0.39,,+36.12,50.0,99.0,*6E
$GPNVS,10,1,0,0,+0,+0,2,100,0.5,3,2,30,1,+1,1.0,20,+2,1,2,8000*52
$GPNVS,1,225056,010826,A,N,0,N,0x00000,0x20,0x00,1,N*12
$GPNVS,2,225056,010826,0.00,0.00,0.00,0.00,0.00,0.00,0.00,0.00,*65
$GPNVS,3,225056,010826,+0.38,,,+4.32,-4.11,,,,1,+36.12,*6F
$GPNVS,4,225056,010826,0.00,0.00,,,,,,,*63
$GPNVS,5,225056,010826,5C9,0,0,+36.12,00000,00000,*2E
$GPNVS,6,0,A,0,0x00000,0x20,,0x00,00,,0x00000,,*05
$GPNVS,7,225056,010826,A,12,0x00,0,1,0,393235,+4.32,-4.11*51
$GPNVS,9,+9999999.9989,+1.87509,+9999999.949,15,+0.000,+0.39,,+36.12,50.0,99.0,*6F
$GPNVS,10,1,0,0,+5,+0,2,100,0.5,3,2,30,1,+1,1.0,20,+2,1,2,8000*57
$GPNVS,1,225057,010826,A,N,0,N,0x00000,0x20,0x00,1,N*13
$GPNVS,2,225057,010826,0.00,0.00,0.00,0.00,0.00,0.00,0.00,0.00,*64
$GPNVS,3,225057,010826,+0.38,,,+4.32,-4.11,,,,1,+36.12,*6E
$GPNVS,4,225057,010826,0.00,0.00,,,,,,,*62
$GPNVS,5,225057,010826,5C9,0,0,+36.12,00000,00000,*2F
$GPNVS,6,0,A,0,0x00000,0x20,,0x00,00,,0x00000,,*05
$GPNVS,7,225057,010826,A,12,0x00,0,1,0,393235,+4.32,-4.11*50
$GPNVS,9,+10000000.000,+1.87509,+10000000.00,15,+0.000,+0.39,,+36.12,50.0,99.0,*6A
$GPNVS,10,1,0,0,+5,+5,2,100,0.5,3,2,30,1,+1,1.0,20,+2,1,2,8000*52
$GPNVS,1,225058,010826,A,N,0,N,0x00000,0x20,0x00,1,N*1C
$GPNVS,2,225058,010826,0.00,0.00,0.00,0.00,0.00,0.00,0.00,0.00,*6B
$GPNVS,3,225058,010826,+0.38,,,+4.32,-4.11,,,,1,+36.12,*61
$GPNVS,4,225058,010826,0.00,0.00,,,,,,,*6D
$GPNVS,5,225058,010826,5C9,0,0,+36.12,00000,00000,*20
$GPNVS,6,0,A,0,0x00000,0x20,,0x00,00,,0x00000,,*05
$GPNVS,7,225058,010826,A,12,0x00,0,0,1,393236,+4.32,-4.11*5C
$GPNVS,9,+10000000.001,+1.87509,+10000000.05,15,+0.000,+0.39,,+36.12,50.0,99.0,*6E
$GPNVS,10,1,0,0,+0,+0,2,100,0.5,3,2,30,1,+1,1.0,20,+2,1,2,8000*52
$GPNVS,1,225059,010826,A,N,0,N,0x00000,0x20,0x00,1,N*1D
$GPNVS,2,225059,010826,0.00,0.00,0.00,0.00,0.00,0.00,0.00,0.00,*6A
$GPNVS,3,225059,010826,+0.38,,,+4.32,-4.11,,,,1,+36.12,*60
$GPNVS,4,225059,010826,0.00,0.00,,,,,,,*6C
$GPNVS,5,225059,010826,5C9,0,0,+36.12,00000,00000,*21
$GPNVS,6,0,A,0,0x00000,0x20,,0x00,00,,0x00000,,*05
$GPNVS,7,225059,010826,A,12,0x00,0,0,0,393236,+4.32,-4.11*5C
$GPNVS,9,+10000000.001,+1.87509,+10000000.00,15,+0.000,+0.39,,+36.12,50.0,99.0,*6B
$GPNVS,10,1,0,0,+0,+0,2,100,0.5,3,2,30,1,+1,1.0,20,-18,1,2,8000*6F
$GPNVS,1,225100,010826,A,N,0,N,0x00000,0x20,0x00,1,N*10
$GPNVS,2,225100,010826,0.00,0.00,0.00,0.00,0.00,0.00,0.00,0.00,*67
$GPNVS,3,225100,010826,+0.38,,,+4.32,-4.11,,,,1,+36.12,*6D
$GPNVS,4,225100,010826,0.00,0.00,,,,,,,*61
$GPNVS,5,225100,010826,5C9,0,0,+36.12,00000,00000,*2C
$GPNVS,6,0,A,0,0x00000,0x20,,0x00,00,,0x00000,,*05
$GPNVS,7,225100,010826,A,12,0x00,0,1,0,393236,+4.32,-4.11*50
$GPNVS,9,+10000000.000,+1.87509,+9999999.949,15,+0.000,+0.39,,+36.12,50.0,99.0,*66
$GPNVS,10,1,0,0,+5,+0,2,100,0.5,3,2,30,1,+1,1.0,20,-18,1,2,8000*6A
$GPNVS,1,225101,010826,A,N,0,N,0x00000,0x20,0x00,1,N*11
$GPNVS,2,225101,010826,0.00,0.00,0.00,0.00,0.00,0.00,0.00,0.00,*66
$GPNVS,3,225101,010826,+0.38,,,+4.32,-4.09,,,,1,+36.12,*65
$GPNVS,4,225101,010826,0.00,0.00,,,,,,,*60
$GPNVS,5,225101,010826,5C9,0,0,+36.12,00000,00000,*2D
$GPNVS,6,0,A,0,0x00000,0x20,,0x00,00,,0x00000,,*05
$GPNVS,7,225101,010826,A,12,0x00,0,1,1,393237,+4.32,-4.10*50
$GPNVS,9,+10000000.000,+1.87510,+10000000.00,15,+0.000,+0.39,,+36.12,50.0,99.0,*62
$GPNVS,10,1,0,0,+5,+5,2,100,0.5,3,2,30,1,+1,1.0,20,-18,1,2,8000*6F
$GPNVS,1,225102,010826,A,N,0,N,0x00000,0x20,0x00,1,N*12
$GPNVS,2,225102,010826,0.00,0.00,0.00,0.00,0.00,0.00,0.00,0.00,*65
$GPNVS,3,225102,010826,+0.38,,,+4.32,-4.11,,,,1,+36.12,*6F
$GPNVS,4,225102,010826,0.00,0.00,,,,,,,*63
$GPNVS,5,225102,010826,5C9,0,0,+36.12,00000,00000,*2E
$GPNVS,6,0,A,0,0x00000,0x20,,0x00,00,,0x00000,,*05
$GPNVS,7,225102,010826,A,12,0x00,0,0,0,393237,+4.32,-4.11*52
$GPNVS,9,+10000000.001,+1.87510,+10000000.05,15,+0.000,+0.39,,+36.12,50.0,99.0,*66
$GPNVS,10,1,0,0,+0,+0,2,100,0.5,3,2,30,1,+1,1.0,20,-18,1,2,8000*6F
$GPNVS,1,225103,010826,A,N,0,N,0x00000,0x20,0x00,1,N*13
$GPNVS,2,225103,010826,0.00,0.00,0.00,0.00,0.00,0.00,0.00,0.00,*64
$GPNVS,3,225103,010826,+0.38,,,+4.32,-4.11,,,,1,+36.12,*6E
$GPNVS,4,225103,010826,0.00,0.00,,,,,,,*62
$GPNVS,5,225103,010826,5C9,0,0,+36.12,00000,00000,*2F
$GPNVS,6,0,A,0,0x00000,0x20,,0x00,00,,0x00000,,*05
$GPNVS,7,225103,010826,A,12,0x00,0,1,0,393237,+4.32,-4.11*52
$GPNVS,9,+10000000.000,+1.87510,+9999999.949,15,+0.000,+0.39,,+36.12,50.0,99.0,*6E
$GPNVS,10,1,0,0,+5,+0,2,100,0.5,3,2,30,1,+0,1.0,20,-18,1,2,8000*6B
$GPNVS,1,225104,010826,A,N,0,N,0x00000,0x20,0x00,1,N*14
$GPNVS,2,225104,010826,0.00,0.00,0.00,0.00,0.00,0.00,0.00,0.00,*63
$GPNVS,3,225104,010826,+0.38,,,+4.32,-4.11,,,,1,+36.12,*69
$GPNVS,4,225104,010826,0.00,0.00,,,,,,,*65
$GPNVS,5,225104,010826,5C9,0,0,+36.12,00000,00000,*28
$GPNVS,6,0,A,0,0x00000,0x20,,0x00,00,,0x00000,,*05
$GPNVS,7,225104,010826,A,12,0x00,0,1,0,393237,+4.32,-4.11*55
$GPNVS,9,+10000000.000,+1.87510,+10000000.00,15,+0.000,+0.39,,+36.12,50.0,99.0,*62
$GPNVS,10,1,0,0,+5,+5,2,100,0.5,3,2,30,1,+0,1.0,20,-18,1,2,8000*6E
$GPNVS,1,225105,010826,A,N,0,N,0x00000,0x20,0x00,1,N*15
$GPNVS,2,225105,010826,0.00,0.00,0.00,0.00,0.00,0.00,0.00,0.00,*62
$GPNVS,3,225105,010826,+0.38,,,+4.32,-4.11,,,,1,+36.12,*68
$GPNVS,4,225105,010826,0.00,0.00,,,,,,,*64
$GPNVS,5,225105,010826,5C9,0,0,+36.12,00000,00000,*29
$GPNVS,6,0,A,0,0x00000,0x20,,0x00,00,,0x00000,,*05
$GPNVS,7,225105,010826,A,12,0x00,0,0,0,393237,+4.32,-4.11*55
$GPNVS,9,+10000000.001,+1.87510,+10000000.05,15,+0.000,+0.39,,+36.12,50.0,99.0,*66
$GPNVS,10,1,0,0,+0,+0,2,100,0.5,3,2,30,1,+0,1.0,20,-18,1,2,8000*6E
$GPNVS,1,225106,010826,A,N,0,N,0x00000,0x20,0x00,1,N*16
$GPNVS,2,225106,010826,0.00,0.00,0.00,0.00,0.00,0.00,0.00,0.00,*61
$GPNVS,3,225106,010826,+0.38,,,+4.32,-4.09,,,,1,+36.12,*62
$GPNVS,4,225106,010826,0.00,0.00,,,,,,,*67
$GPNVS,5,225106,010826,5C9,0,0,+36.12,00000,00000,*2A
$GPNVS,6,0,A,0,0x00000,0x20,,0x00,00,,0x00000,,*05
$GPNVS,7,225106,010826,A,12,0x00,0,1,0,393237,+4.32,-4.10*56
$GPNVS,9,+10000000.001,+1.87510,+9999999.949,15,+0.000,+0.39,,+36.12,50.0,99.0,*6F
$GPNVS,10,1,0,0,+5,+0,2,100,0.5,3,2,30,1,+0,1.0,20,-18,1,2,8000*6B
$GPNVS,1,225107,010826,A,N,0,N,0x00000,0x20,0x00,1,N*17
$GPNVS,2,225107,010826,0.00,0.00,0.00,0.00,0.00,0.00,0.00,0.00,*60
$GPNVS,3,225107,010826,+0.38,,,+4.32,-4.11,,,,1,+36.12,*6A
$GPNVS,4,225107,010826,0.00,0.00,,,,,,,*66
$GPNVS,5,225107,010826,5C9,0,0,+36.12,00000,00000,*2B
$GPNVS,6,0,A,0,0x00000,0x20,,0x00,00,,0x00000,,*05
$GPNVS,7,225107,010826,A,12,0x00,0,0,0,393237,+4.32,-4.11*57
$GPNVS,9,+10000000.002,+1.87510,+10000000.05,15,+0.000,+0.39,,+36.12,50.0,99.0,*65
$GPNVS,10,1,0,0,+0,+0,2,100,0.5,3,2,30,1,+0,1.0,20,-18,1,2,8000*6E
$GPNVS,99,,,*5C
$GPNVS,1,225108,010826,A,N,0,N,0x00000,0x20,0x00,1,N*18
$GPNVS,2,225108,010826,0.00,0.00,0.00,0.00,0.00,0.00,0.00,0.00,*6F
$GPNVS,3,225108,010826,+0.38,,,+4.32,-4.09,,,,1,+36.12,*6C
$GPNVS,4,225108,010826,0.00,0.00,,,,,,,*69
$GPNVS,5,225108,010826,5C9,0,0,+36.12,00000,00000,*24
$GPNVS,6,0,A,0,0x00000,0x20,,0x00,00,,0x00000,,*05
$GPNVS,7,225108,010826,A,12,0x00,0,0,0,393237,+4.32,-4.10*59
$GPNVS,9,+10000000.001,+1.87510,+10000000.00,15,+0.000,+0.39,,+36.12,50.0,99.0,*63
$GPNVS,10,1,0,0,+0,+0,2,100,0.5,3,2,30,1,-1,1.0,20,-18,1,2,8000*69
$GPNVS,1,225109,010826,A,N,0,N,0x00000,0x20,0x00,1,N*19
$GPNVS,2,225109,010826,0.00,0.00,0.00,0.00,0.00,0.00,0.00,0.00,*6E
$GPNVS,3,225109,010826,+0.38,,,+4.32,-4.11,,,,1,+36.12,*64
$GPNVS,4,225109,010826,0.00,0.00,,,,,,,*68
$GPNVS,5,225109,010826,5C9,0,0,+36.12,00000,00000,*25
$GPNVS,6,0,A,0,0x00000,0x20,,0x00,00,,0x00000,,*05
$GPNVS,7,225109,010826,A,12,0x00,0,0,0,393237,+4.32,-4.11*59
$GPNVS,9,+10000000.001,+1.87510,+10000000.00,15,+0.000,+0.39,,+36.12,50.0,99.0,*63
$GPNVS,10,1,0,0,+0,+0,2,100,0.5,3,2,30,1,-1,1.0,20,-18,1,2,8000*69
$GPNVS,1,225110,010826,A,N,0,N,0x00000,0x20,0x00,1,N*11
$GPNVS,2,225110,010826,0.00,0.00,0.00,0.00,0.00,0.00,0.00,0.00,*66
$GPNVS,3,225110,010826,+0.38,,,+4.32,-4.09,,,,1,+36.12,*65
$GPNVS,4,225110,010826,0.00,0.00,,,,,,,*60
$GPNVS,5,225110,010826,5C9,0,0,+36.12,00000,00000,*2D
$GPNVS,6,0,A,0,0x00000,0x20,,0x00,00,,0x00000,,*05
$GPNVS,7,225110,010826,A,12,0x00,0,0,-1,393236,+4.32,-4.10*7D
$GPNVS,9,+10000000.002,+1.87509,+10000000.00,15,+0.000,+0.39,,+36.12,50.0,99.0,*68
$GPNVS,10,1,0,0,+0,+0,2,100,0.5,3,2,30,1,-1,1.0,20,+18,1,2,8000*6F
$GPNVS,1,225111,010826,A,N,0,N,0x00000,0x20,0x00,1,N*10
$GPNVS,2,225111,010826,0.00,0.00,0.00,0.00,0.00,0.00,0.00,0.00,*67
$GPNVS,3,225111,010826,+0.38,,,+4.32,-4.11,,,,1,+36.12,*6D
$GPNVS,4,225111,010826,0.00,0.00,,,,,,,*61
$GPNVS,5,225111,010826,5C9,0,0,+36.12,00000,00000,*2C
$GPNVS,6,0,A,0,0x00000,0x20,,0x00,00,,0x00000,,*05
$GPNVS,7,225111,010826,A,12,0x00,0,0,0,393236,+4.32,-4.11*51
$GPNVS,9,+10000000.002,+1.87509,+10000000.00,15,+0.000,+0.39,,+36.12,50.0,99.0,*68
$GPNVS,10,1,0,0,+0,+0,2,100,0.5,3,2,30,1,-1,1.0,20,+18,1,2,8000*6F
$GPNVS,1,225112,010826,A,N,0,N,0x00000,0x20,0x00,1,N*13
$GPNVS,2,225112,010826,0.00,0.00,0.00,0.00,0.00,0.00,0.00,0.00,*64
$GPNVS,3,225112,010826,+0.38,,,+4.32,-4.11,,,,1,+36.12,*6E
$GPNVS,4,225112,010826,0.00,0.00,,,,,,,*62
$GPNVS,5,225112,010826,5C9,0,0,+36.12,00000,00000,*2F
$GPNVS,6,0,A,0,0x00000,0x20,,0x00,00,,0x00000,,*05
$GPNVS,7,225112,010826,A,12,0x00,0,0,0,393236,+4.32,-4.11*52
$GPNVS,9,+10000000.002,+1.87509,+10000000.00,15,+0.000,+0.39,,+36.12,50.0,99.0,*68
$GPNVS,10,1,0,0,+0,+0,2,100,0.5,3,2,30,1,-1,1.0,20,+18,1,2,8000*6F
$GPNVS,1,225113,010826,A,N,0,N,0x00000,0x20,0x00,1,N*12
$GPNVS,2,225113,010826,0.00,0.00,0.00,0.00,0.00,0.00,0.00,0.00,*65
$GPNVS,3,225113,010826,+0.38,,,+4.32,-4.11,,,,1,+36.12,*6F
$GPNVS,4,225113,010826,0.00,0.00,,,,,,,*63
$GPNVS,5,225113,010826,5C9,0,0,+36.12,00000,00000,*2E
$GPNVS,6,0,A,0,0x00000,0x20,,0x00,00,,0x00000,,*05
$GPNVS,7,225113,010826,A,12,0x00,0,0,-1,393235,+4.32,-4.11*7C
$GPNVS,9,+10000000.001,+1.87509,+10000000.00,15,+0.000,+0.39,,+36.12,50.0,99.0,*6B
$GPNVS,10,1,0,0,+0,+0,2,100,0.5,3,2,30,1,-1,1.0,20,+18,1,2,8000*6F
$GPNVS,1,225114,010826,A,N,0,N,0x00000,0x20,0x00,1,N*15
$GPNVS,2,225114,010826,0.00,0.00,0.00,0.00,0.00,0.00,0.00,0.00,*62
$GPNVS,3,225114,010826,+0.38,,,+4.32,-4.09,,,,1,+36.12,*61
$GPNVS,4,225114,010826,0.00,0.00,,,,,,,*64
$GPNVS,5,225114,010826,5C9,0,0,+36.12,00000,00000,*29
$GPNVS,6,0,A,0,0x00000,0x20,,0x00,00,,0x00000,,*05
$GPNVS,7,225114,010826,A,12,0x00,0,0,0,393235,+4.32,-4.10*56
$GPNVS,9,+10000000.002,+1.87509,+10000000.00,15,+0.000,+0.39,,+36.12,50.0,99.0,*68
$GPNVS,10,1,0,0,+0,+0,2,100,0.5,3,2,30,1,-1,1.0,20,+18,1,2,8000*6F
$GPNVS,1,225115,010826,A,N,0,N,0x00000,0x20,0x00,1,N*14
$GPNVS,2,225115,010826,0.00,0.00,0.00,0.00,0.00,0.00,0.00,0.00,*63
$GPNVS,3,225115,010826,+0.38,,,+4.32,-4.11,,,,1,+36.12,*69
$GPNVS,4,225115,010826,0.00,0.00,,,,,,,*65
$GPNVS,5,225115,010826,5C9,0,0,+36.12,00000,00000,*28
$GPNVS,6,0,A,0,0x00000,0x20,,0x00,00,,0x00000,,*05
$GPNVS,7,225115,010826,A,12,0x00,-1,0,-1,393234,+4.32,-4.11*57
$GPNVS,9,+10000000.002,+1.87508,+10000000.00,15,+0.000,+0.39,,+36.12,50.0,99.0,*69
$GPNVS,10,1,0,0,+0,+0,2,100,0.5,3,2,30,1,-1,1.0,20,+18,1,2,8000*6F
$GPNVS,1,225116,010826,A,N,0,N,0x00000,0x20,0x00,1,N*17
$GPNVS,2,225116,010826,0.00,0.00,0.00,0.00,0.00,0.00,0.00,0.00,*60
$GPNVS,3,225116,010826,+0.38,,,+4.32,-4.09,,,,1,+36.12,*63
$GPNVS,4,225116,010826,0.00,0.00,,,,,,,*66
$GPNVS,5,225116,010826,5C9,0,0,+36.12,00000,00000,*2B
$GPNVS,6,0,A,0,0x00000,0x20,,0x00,00,,0x00000,,*05
$GPNVS,7,225116,010826,A,12,0x00,-1,0,-1,393233,+4.32,-4.10*52
$GPNVS,9,+10000000.001,+1.87508,+10000000.00,15,+0.000,+0.39,,+36.12,50.0,99.0,*6A
$GPNVS,10,1,0,0,+0,+0,2,100,0.5,3,2,30,1,-1,1.0,20,+18,1,2,8000*6F
$GPNVS,1,225117,010826,A,N,0,N,0x00000,0x20,0x00,1,N*16
$GPNVS,2,225117,010826,0.00,0.00,0.00,0.00,0.00,0.00,0.00,0.00,*61
$GPNVS,3,225117,010826,+0.38,,,+4.32,-4.11,,,,1,+36.12,*6B
$GPNVS,4,225117,010826,0.00,0.00,,,,,,,*67
$GPNVS,5,225117,010826,5C9,0,0,+36.12,00000,00000,*2A
$GPNVS,6,0,A,0,0x00000,0x20,,0x00,00,,0x00000,,*05
$GPNVS,7,225117,010826,A,12,0x00,-1,0,0,393233,+4.32,-4.11*7E
$GPNVS,9,+10000000.002,+1.87508,+10000000.00,15,+0.000,+0.39,,+36.12,50.0,99.0,*69
$GPNVS,10,1,0,0,+0,+0,2,100,0.5,3,2,30,1,-1,1.0,20,+18,1,2,8000*6F
$GPNVS,1,225118,010826,A,N,0,N,0x00000,0x20,0x00,1,N*19
$GPNVS,2,225118,010826,0.00,0.00,0.00,0.00,0.00,0.00,0.00,0.00,*6E
$GPNVS,3,225118,010826,+0.38,,,+4.32,-4.11,,,,1,+36.12,*64
$GPNVS,4,225118,010826,0.00,0.00,,,,,,,*68
$GPNVS,5,225118,010826,5C9,0,0,+36.12,00000,00000,*25
$GPNVS,6,0,A,0,0x00000,0x20,,0x00,00,,0x00000,,*05
$GPNVS,7,225118,010826,A,12,0x00,-1,0,0,393233,+4.32,-4.11*71
$GPNVS,9,+10000000.001,+1.87508,+10000000.00,15,+0.000,+0.39,,+36.12,50.0,99.0,*6A
$GPNVS,10,1,0,0,+0,+0,2,100,0.5,3,2,30,1,-1,1.0,20,+18,1,2,8000*6F
$GPNVS,1,225119,010826,A,N,0,N,0x00000,0x20,0x00,1,N*18
$GPNVS,2,225119,010826,0.00,0.00,0.00,0.00,0.00,0.00,0.00,0.00,*6F
$GPNVS,3,225119,010826,+0.38,,,+4.32,-4.09,,,,1,+36.12,*6C
$GPNVS,4,225119,010826,0.00,0.00,,,,,,,*69
$GPNVS,5,225119,010826,5C9,0,0,+36.12,00000,00000,*24
$GPNVS,6,0,A,0,0x00000,0x20,,0x00,00,,0x00000,,*05
$GPNVS,7,225119,010826,A,12,0x00,-1,0,-1,393232,+4.32,-4.10*5C
$GPNVS,9,+10000000.001,+1.87507,+10000000.00,15,+0.000,+0.39,,+36.12,50.0,99.0,*65
$GPNVS,10,1,0,0,+0,+0,2,100,0.5,3,2,30,1,-1,1.0,20,+18,1,2,8000*6F
$GPNVS,1,225120,010826,A,N,0,N,0x00000,0x20,0x00,1,N*12
$GPNVS,2,225120,010826,0.00,0.00,0.00,0.00,0.00,0.00,0.00,0.00,*65
$GPNVS,3,225120,010826,+0.38,,,+4.32,-4.11,,,,1,+36.12,*6F
$GPNVS,4,225120,010826,0.00,0.00,,,,,,,*63
$GPNVS,5,225120,010826,5C9,0,0,+36.12,00000,00000,*2E
$GPNVS,6,0,A,0,0x00000,0x20,,0x00,00,,0x00000,,*05
$GPNVS,7,225120,010826,A,12,0x00,-1,0,0,393232,+4.32,-4.11*7B
$GPNVS,9,+10000000.001,+1.87507,+10000000.00,15,+0.000,+0.39,,+36.12,50.0,99.0,*65
$GPNVS,10,1,0,0,+0,+0,2,100,0.5,3,2,30,1,-1,1.0,20,+18,1,2,8000*6F
$GPNVS,1,225121,010826,A,N,0,N,0x00000,0x20,0x00,1,N*13
$GPNVS,2,225121,010826,0.00,0.00,0.00,0.00,0.00,0.00,0.00,0.00,*64
$GPNVS,3,225121,010826,+0.38,,,+4.32,-4.09,,,,1,+36.12,*67
$GPNVS,4,225121,010826,0.00,0.00,,,,,,,*62
$GPNVS,5,225121,010826,5C9,0,0,+36.12,00000,00000,*2F
$GPNVS,6,0,A,0,0x00000,0x20,,0x00,00,,0x00000,,*05
$GPNVS,7,225121,010826,A,12,0x00,-1,0,0,393232,+4.32,-4.10*7B
$GPNVS,9,+10000000.001,+1.87507,+10000000.00,15,+0.000,+0.39,,+36.12,50.0,99.0,*65
$GPNVS,10,1,0,0,+0,+0,2,100,0.5,3,2,30,1,+0,1.0,20,-2,1,2,8000*55
$GPNVS,1,225122,010826,A,N,0,N,0x00000,0x20,0x00,1,N*10
$GPNVS,2,225122,010826,0.00,0.00,0.00,0.00,0.00,0.00,0.00,0.00,*67
$GPNVS,3,225122,010826,+0.38,,,+4.32,-4.09,,,,1,+36.12,*64
$GPNVS,4,225122,010826,0.00,0.00,,,,,,,*61
$GPNVS,5,225122,010826,5C9,0,0,+36.12,00000,00000,*2C
$GPNVS,6,0,A,0,0x00000,0x20,,0x00,00,,0x00000,,*05
$GPNVS,7,225122,010826,A,12,0x00,-1,0,0,393232,+4.32,-4.10*78
$GPNVS,9,+10000000.001,+1.87507,+10000000.00,15,+0.000,+0.39,,+36.12,50.0,99.0,*65
$GPNVS,10,1,0,0,+0,+0,2,100,0.5,3,2,30,1,+0,1.0,20,-2,1,2,8000*55
$GPNVS,99,,,*5C
$GPNVS,1,225123,010826,A,N,0,N,0x00000,0x20,0x00,1,N*11
$GPNVS,2,225123,010826,0.00,0.00,0.00,0.00,0.00,0.00,0.00,0.00,*66
$GPNVS,3,225123,010826,+0.38,,,+4.32,-4.09,,,,1,+36.12,*65
$GPNVS,4,225123,010826,0.00,0.00,,,,,,,*60
$GPNVS,5,225123,010826,5C9,0,0,+36.12,00000,00000,*2D
$GPNVS,6,0,A,0,0x00000,0x20,,0x00,00,,0x00000,,*05
$GPNVS,7,225123,010826,A,12,0x00,-1,0,0,393232,+4.32,-4.10*79
$GPNVS,9,+10000000.001,+1.87507,+10000000.00,15,+0.000,+0.39,,+36.12,50.0,99.0,*65
$GPNVS,10,1,0,0,+0,+0,2,100,0.5,3,2,30,1,+0,1.0,20,-2,1,2,8000*55
$GPNVS,1,225124,010826,A,N,0,N,0x00000,0x20,0x00,1,N*16
$GPNVS,2,225124,010826,0.00,0.00,0.00,0.00,0.00,0.00,0.00,0.00,*61
$GPNVS,3,225124,010826,+0.38,,,+4.32,-4.09,,,,1,+36.12,*62
$GPNVS,4,225124,010826,0.00,0.00,,,,,,,*67
$GPNVS,5,225124,010826,5C9,0,0,+36.12,00000,00000,*2A
$GPNVS,6,0,A,0,0x00000,0x20,,0x00,00,,0x00000,,*05
$GPNVS,7,225124,010826,A,12,0x00,-1,0,0,393232,+4.32,-4.10*7E
$GPNVS,9,+10000000.001,+1.87507,+10000000.00,15,+0.000,+0.39,,+36.12,50.0,99.0,*65
$GPNVS,10,1,0,0,+0,+0,2,100,0.5,3,2,30,1,+0,1.0,20,-2,1,2,8000*55
$GPNVS,1,225125,010826,A,N,0,N,0x00000,0x20,0x00,1,N*17
$GPNVS,2,225125,010826,0.00,0.00,0.00,0.00,0.00,0.00,0.00,0.00,*60
$GPNVS,3,225125,010826,+0.38,,,+4.32,-4.09,,,,1,+36.12,*63
$GPNVS,4,225125,010826,0.00,0.00,,,,,,,*66
$GPNVS,5,225125,010826,5C9,0,0,+36.12,00000,00000,*2B
$GPNVS,6,0,A,0,0x00000,0x20,,0x00,00,,0x00000,,*05
$GPNVS,7,225125,010826,A,12,0x00,-1,0,0,393232,+4.32,-4.10*7F
$GPNVS,9,+10000000.000,+1.87507,+10000000.00,15,+0.000,+0.39,,+36.12,50.0,99.0,*64
$GPNVS,10,1,0,0,+0,+0,2,100,0.5,3,2,30,1,+0,1.0,20,-2,1,2,8000*55
$GPNVS,1,225126,010826,A,N,0,N,0x00000,0x20,0x00,1,N*14
$GPNVS,2,225126,010826,0.00,0.00,0.00,0.00,0.00,0.00,0.00,0.00,*63
$GPNVS,3,225126,010826,+0.38,,,+4.32,-4.09,,,,1,+36.12,*60
$GPNVS,4,225126,010826,0.00,0.00,,,,,,,*65
$GPNVS,5,225126,010826,5C9,0,0,+36.12,00000,00000,*28
$GPNVS,6,0,A,0,0x00000,0x20,,0x00,00,,0x00000,,*05
$GPNVS,7,225126,010826,A,12,0x00,-1,0,0,393232,+4.32,-4.10*7C
$GPNVS,9,+10000000.000,+1.87507,+10000000.00,15,+0.000,+0.39,,+36.12,50.0,99.0,*64
$GPNVS,10,1,0,0,+0,+0,2,100,0.5,3,2,30,1,+0,1.0,20,-2,1,2,8000*55
$GPNVS,1,225127,010826,A,N,0,N,0x00000,0x20,0x00,1,N*15
$GPNVS,2,225127,010826,0.00,0.00,0.00,0.00,0.00,0.00,0.00,0.00,*62
$GPNVS,3,225127,010826,+0.38,,,+4.32,-4.09,,,,1,+36.12,*61
$GPNVS,4,225127,010826,0.00,0.00,,,,,,,*64
$GPNVS,5,225127,010826,5C9,0,0,+36.12,00000,00000,*29
$GPNVS,6,0,A,0,0x00000,0x20,,0x00,00,,0x00000,,*05
$GPNVS,7,225127,010826,A,12,0x00,-1,0,0,393232,+4.32,-4.10*7D
$GPNVS,9,+10000000.001,+1.87507,+10000000.00,15,+0.000,+0.39,,+36.12,50.0,99.0,*65
$GPNVS,10,1,0,0,+0,+0,2,100,0.5,3,2,30,1,+0,1.0,20,-2,1,2,8000*55
$GPNVS,1,225128,010826,A,N,0,N,0x00000,0x20,0x00,1,N*1A
$GPNVS,2,225128,010826,0.00,0.00,0.00,0.00,0.00,0.00,0.00,0.00,*6D
$GPNVS,3,225128,010826,+0.38,,,+4.32,-4.11,,,,1,+36.12,*67
$GPNVS,4,225128,010826,0.00,0.00,,,,,,,*6B
$GPNVS,5,225128,010826,5C9,0,0,+36.12,00000,00000,*26
$GPNVS,6,0,A,0,0x00000,0x20,,0x00,00,,0x00000,,*05
$GPNVS,7,225128,010826,A,12,0x00,-1,0,0,393232,+4.32,-4.11*73
$GPNVS,9,+10000000.000,+1.87507,+10000000.00,15,+0.000,+0.39,,+36.12,50.0,99.0,*64
$GPNVS,10,1,0,0,+0,+0,2,100,0.5,3,2,30,1,+0,1.0,20,-2,1,2,8000*55
$GPNVS,1,225129,010826,A,N,0,N,0x00000,0x20,0x00,1,N*1B
$GPNVS,2,225129,010826,0.00,0.00,0.00,0.00,0.00,0.00,0.00,0.00,*6C
$GPNVS,3,225129,010826,+0.38,,,+4.32,-4.09,,,,1,+36.12,*6F
$GPNVS,4,225129,010826,0.00,0.00,,,,,,,*6A
$GPNVS,5,225129,010826,5C9,0,0,+36.12,00000,00000,*27
$GPNVS,6,0,A,0,0x00000,0x20,,0x00,00,,0x00000,,*05
$GPNVS,7,225129,010826,A,12,0x00,-1,0,0,393232,+4.32,-4.10*73
$GPNVS,9,+10000000.000,+1.87507,+10000000.00,15,+0.000,+0.39,,+36.12,50.0,99.0,*64
$GPNVS,10,1,0,0,+0,+0,2,100,0.5,3,2,30,1,+0,1.0,20,-2,1,2,8000*55
$GPNVS,1,225130,010826,A,N,0,N,0x00000,0x20,0x00,1,N*13
$GPNVS,2,225130,010826,0.00,0.00,0.00,0.00,0.00,0.00,0.00,0.00,*64
$GPNVS,3,225130,010826,+0.38,,,+4.32,-4.09,,,,1,+36.12,*67
$GPNVS,4,225130,010826,0.00,0.00,,,,,,,*62
$GPNVS,5,225130,010826,5C9,0,0,+36.12,00000,00000,*2F
$GPNVS,6,0,A,0,0x00000,0x20,,0x00,00,,0x00000,,*05
$GPNVS,7,225130,010826,A,12,0x00,0,0,0,393232,+4.32,-4.10*57
$GPNVS,9,+10000000.000,+1.87507,+10000000.00,15,+0.000,+0.39,,+36.12,50.0,99.0,*64
$GPNVS,10,1,0,0,+0,+0,2,100,0.5,3,2,30,1,+0,1.0,20,-2,1,2,8000*55
$GPNVS,1,225131,010826,A,N,0,N,0x00000,0x20,0x00,1,N*12
$GPNVS,2,225131,010826,0.00,0.00,0.00,0.00,0.00,0.00,0.00,0.00,*65
$GPNVS,3,225131,010826,+0.38,,,+4.32,-4.09,,,,1,+36.12,*66
$GPNVS,4,225131,010826,0.00,0.00,,,,,,,*63
$GPNVS,5,225131,010826,5C9,0,0,+36.12,00000,00000,*2E
$GPNVS,6,0,A,0,0x00000,0x20,,0x00,00,,0x00000,,*05
$GPNVS,7,225131,010826,A,12,0x00,0,0,0,393232,+4.32,-4.10*56
$GPNVS,9,+10000000.001,+1.87507,+10000000.00,15,+0.000,+0.39,,+36.12,50.0,99.0,*65
$GPNVS,10,1,0,0,+0,+0,2,100,0.5,3,2,30,1,+0,1.0,20,+14,1,2,8000*64
$GPNVS,1,225132,010826,A,N,0,N,0x00000,0x20,0x00,1,N*11
$GPNVS,2,225132,010826,0.00,0.00,0.00,0.00,0.00,0.00,0.00,0.00,*66
$GPNVS,3,225132,010826,+0.38,,,+4.32,-4.09,,,,1,+36.12,*65
$GPNVS,4,225132,010826,0.00,0.00,,,,,,,*60
$GPNVS,5,225132,010826,5C9,0,0,+36.12,00000,00000,*2D
$GPNVS,6,0,A,0,0x00000,0x20,,0x00,00,,0x00000,,*05
$GPNVS,7,225132,010826,A,12,0x00,0,0,0,393232,+4.32,-4.10*55
$GPNVS,9,+10000000.000,+1.87507,+10000000.00,15,+0.000,+0.39,,+36.12,50.0,99.0,*64
$GPNVS,10,1,0,0,+0,+0,2,100,0.5,3,2,30,1,+0,1.0,20,+14,1,2,8000*64
$GPNVS,1,225133,010826,A,N,0,N,0x00000,0x20,0x00,1,N*10
$GPNVS,2,225133,010826,0.00,0.00,0.00,0.00,0.00,0.00,0.00,0.00,*67
$GPNVS,3,225133,010826,+0.38,,,+4.32,-4.09,,,,1,+36.12,*64
$GPNVS,4,225133,010826,0.00,0.00,,,,,,,*61
$GPNVS,5,225133,010826,5C9,0,0,+36.12,00000,00000,*2C
$GPNVS,6,0,A,0,0x00000,0x20,,0x00,00,,0x00000,,*05
$GPNVS,7,225133,010826,A,12,0x00,0,0,0,393232,+4.32,-4.10*54
$GPNVS,9,+10000000.000,+1.87507,+10000000.00,15,+0.000,+0.39,,+36.12,50.0,99.0,*64
$GPNVS,10,1,0,0,+0,+0,2,100,0.5,3,2,30,1,+0,1.0,20,+14,1,2,8000*64
$GPNVS,1,225134,010826,A,N,0,N,0x00000,0x20,0x00,1,N*17
$GPNVS,2,225134,010826,0.00,0.00,0.00,0.00,0.00,0.00,0.00,0.00,*60
$GPNVS,3,225134,010826,+0.38,,,+4.32,-4.11,,,,1,+36.12,*6A
$GPNVS,4,225134,010826,0.00,0.00,,,,,,,*66
$GPNVS,5,225134,010826,5C9,0,0,+36.12,00000,00000,*2B
$GPNVS,6,0,A,0,0x00000,0x20,,0x00,00,,0x00000,,*05
$GPNVS,7,225134,010826,A,12,0x00,0,0,0,393232,+4.32,-4.11*52
$GPNVS,9,+10000000.000,+1.87507,+10000000.00,15,+0.000,+0.39,,+36.12,50.0,99.0,*64
$GPNVS,10,1,0,0,+0,+0,2,100,0.5,3,2,30,1,+0,1.0,20,+14,1,2,8000*64
$GPNVS,1,225135,010826,A,N,0,N,0x00000,0x20,0x00,1,N*16
$GPNVS,2,225135,010826,0.00,0.00,0.00,0.00,0.00,0.00,0.00,0.00,*61
$GPNVS,3,225135,010826,+0.38,,,+4.32,-4.09,,,,1,+36.12,*62
$GPNVS,4,225135,010826,0.00,0.00,,,,,,,*67
$GPNVS,5,225135,010826,5C9,0,0,+36.12,00000,00000,*2A
$GPNVS,6,0,A,0,0x00000,0x20,,0x00,00,,0x00000,,*05
$GPNVS,7,225135,010826,A,12,0x00,0,0,0,393232,+4.32,-4.10*52
$GPNVS,9,+10000000.001,+1.87507,+10000000.00,15,+0.000,+0.39,,+36.12,50.0,99.0,*65
$GPNVS,10,1,0,0,+0,+0,2,100,0.5,3,2,30,1,+0,1.0,20,+14,1,2,8000*64
$GPNVS,1,225136,010826,A,N,0,N,0x00000,0x20,0x00,1,N*15
$GPNVS,2,225136,010826,0.00,0.00,0.00,0.00,0.00,0.00,0.00,0.00,*62
$GPNVS,3,225136,010826,+0.38,,,+4.32,-4.09,,,,1,+36.12,*61
$GPNVS,4,225136,010826,0.00,0.00,,,,,,,*64
$GPNVS,5,225136,010826,5C9,0,0,+36.12,00000,00000,*29
$GPNVS,6,0,A,0,0x00000,0x20,,0x00,00,,0x00000,,*05
$GPNVS,7,225136,010826,A,12,0x00,0,0,0,393232,+4.32,-4.10*51
$GPNVS,9,+10000000.000,+1.87507,+10000000.00,15,+0.000,+0.39,,+36.12,50.0,99.0,*64
$GPNVS,10,1,0,0,+0,+0,2,100,0.5,3,2,30,1,+0,1.0,20,+14,1,2,8000*64
$GPNVS,1,225137,010826,A,N,0,N,0x00000,0x20,0x00,1,N*14
$GPNVS,2,225137,010826,0.00,0.00,0.00,0.00,0.00,0.00,0.00,0.00,*63
$GPNVS,3,225137,010826,+0.38,,,+4.32,-4.11,,,,1,+36.12,*69
$GPNVS,4,225137,010826,0.00,0.00,,,,,,,*65
$GPNVS,5,225137,010826,5C9,0,0,+36.12,00000,00000,*28
$GPNVS,6,0,A,0,0x00000,0x20,,0x00,00,,0x00000,,*05
$GPNVS,7,225137,010826,A,12,0x00,0,0,0,393232,+4.32,-4.11*51
$GPNVS,9,+10000000.000,+1.87507,+10000000.00,15,+0.000,+0.39,,+36.12,50.0,99.0,*64
$GPNVS,10,1,0,0,+0,+0,2,100,0.5,3,2,30,1,+0,1.0,20,+14,1,2,8000*64
$GPNVS,99,,,*5C
$GPNVS,1,225138,010826,A,N,0,N,0x00000,0x20,0x00,1,N*1B
$GPNVS,2,225138,010826,0.00,0.00,0.00,0.00,0.00,0.00,0.00,0.00,*6C
$GPNVS,3,225138,010826,+0.38,,,+4.32,-4.09,,,,1,+36.12,*6F
$GPNVS,4,225138,010826,0.00,0.00,,,,,,,*6A
$GPNVS,5,225138,010826,5C9,0,0,+36.12,00000,00000,*27
$GPNVS,6,0,A,0,0x00000,0x20,,0x00,00,,0x00000,,*05
$GPNVS,7,225138,010826,A,12,0x00,0,0,0,393232,+4.32,-4.10*5F
$GPNVS,9,+10000000.001,+1.87507,+10000000.00,15,+0.000,+0.39,,+36.12,50.0,99.0,*65
$GPNVS,10,1,0,0,+0,+0,2,100,0.5,3,2,30,1,+0,1.0,20,+14,1,2,8000*64
$GPNVS,1,225139,010826,A,N,0,N,0x00000,0x20,0x00,1,N*1A
$GPNVS,2,225139,010826,0.00,0.00,0.00,0.00,0.00,0.00,0.00,0.00,*6D
$GPNVS,3,225139,010826,+0.38,,,+4.32,-4.09,,,,1,+36.12,*6E
$GPNVS,4,225139,010826,0.00,0.00,,,,,,,*6B
$GPNVS,5,225139,010826,5C9,0,0,+36.12,00000,00000,*26
$GPNVS,6,0,A,0,0x00000,0x20,,0x00,00,,0x00000,,*05
$GPNVS,7,225139,010826,A,12,0x00,0,0,0,393232,+4.32,-4.10*5E
$GPNVS,9,+10000000.001,+1.87507,+10000000.00,15,+0.000,+0.39,,+36.12,50.0,99.0,*65
$GPNVS,10,1,0,0,+0,+0,2,100,0.5,3,2,30,1,+0,1.0,20,+14,1,2,8000*64
$GPNVS,1,225140,010826,A,N,0,N,0x00000,0x20,0x00,1,N*14
$GPNVS,2,225140,010826,0.00,0.00,0.00,0.00,0.00,0.00,0.00,0.00,*63
$GPNVS,3,225140,010826,+0.38,,,+4.32,-4.09,,,,1,+36.12,*60
$GPNVS,4,225140,010826,0.00,0.00,,,,,,,*65
$GPNVS,5,225140,010826,5C9,0,0,+36.12,00000,00000,*28
$GPNVS,6,0,A,0,0x00000,0x20,,0x00,00,,0x00000,,*05
$GPNVS,7,225140,010826,A,12,0x00,0,0,0,393232,+4.32,-4.10*50
$GPNVS,9,+10000000.001,+1.87507,+10000000.00,15,+0.000,+0.39,,+36.12,50.0,99.0,*65
$GPNVS,10,1,0,0,+0,+0,2,100,0.5,3,2,30,1,+0,1.0,20,+14,1,2,8000*64
$GPNVS,1,225141,010826,A,N,0,N,0x00000,0x20,0x00,1,N*15
$GPNVS,2,225141,010826,0.00,0.00,0.00,0.00,0.00,0.00,0.00,0.00,*62
$GPNVS,3,225141,010826,+0.38,,,+4.32,-4.09,,,,1,+36.12,*61
$GPNVS,4,225141,010826,0.00,0.00,,,,,,,*64
$GPNVS,5,225141,010826,5C9,0,0,+36.12,00000,00000,*29
$GPNVS,6,0,A,0,0x00000,0x20,,0x00,00,,0x00000,,*05
$GPNVS,7,225141,010826,A,12,0x00,0,0,0,393232,+4.32,-4.10*51
$GPNVS,9,+10000000.001,+1.87507,+10000000.00,15,+0.000,+0.39,,+36.12,50.0,99.0,*65
$GPNVS,10,1,0,0,+0,+0,2,100,0.5,3,2,30,1,+0,1.0,20,+14,1,2,8000*64
$GPNVS,1,225142,010826,A,N,0,N,0x00000,0x20,0x00,1,N*16
$GPNVS,2,225142,010826,0.00,0.00,0.00,0.00,0.00,0.00,0.00,0.00,*61
$GPNVS,3,225142,010826,+0.38,,,+4.32,-4.09,,,,1,+36.12,*62
$GPNVS,4,225142,010826,0.00,0.00,,,,,,,*67
$GPNVS,5,225142,010826,5C9,0,0,+36.12,00000,00000,*2A
$GPNVS,6,0,A,0,0x00000,0x20,,0x00,00,,0x00000,,*05
$GPNVS,7,225142,010826,A,12,0x00,0,0,0,393232,+4.32,-4.10*52
$GPNVS,9,+10000000.000,+1.87507,+10000000.00,15,+0.000,+0.39,,+36.12,50.0,99.0,*64
$GPNVS,10,1,0,0,+0,+0,2,100,0.5,3,2,30,1,+0,1.0,20,-6,1,2,8000*51
$GPNVS,1,225143,010826,A,N,0,N,0x00000,0x20,0x00,1,N*17
$GPNVS,2,225143,010826,0.00,0.00,0.00,0.00,0.00,0.00,0.00,0.00,*60
$GPNVS,3,225143,010826,+0.38,,,+4.32,-4.11,,,,1,+36.12,*6A
$GPNVS,4,225143,010826,0.00,0.00,,,,,,,*66
$GPNVS,5,225143,010826,5C9,0,0,+36.12,00000,00000,*2B
$GPNVS,6,0,A,0,0x00000,0x20,,0x00,00,,0x00000,,*05
$GPNVS,7,225143,010826,A,12,0x00,0,0,0,393232,+4.32,-4.11*52
$GPNVS,9,+10000000.001,+1.87507,+10000000.00,15,+0.000,+0.39,,+36.12,50.0,99.0,*65
$GPNVS,10,1,0,0,+0,+0,2,100,0.5,3,2,30,1,+0,1.0,20,-6,1,2,8000*51
$GPNVS,1,225144,010826,A,N,0,N,0x00000,0x20,0x00,1,N*10
$GPNVS,2,225144,010826,0.00,0.00,0.00,0.00,0.00,0.00,0.00,0.00,*67
$GPNVS,3,225144,010826,+0.38,,,+4.32,-4.09,,,,1,+36.12,*64
$GPNVS,4,225144,010826,0.00,0.00,,,,,,,*61
$GPNVS,5,225144,010826,5C9,0,0,+36.12,00000,00000,*2C
$GPNVS,6,0,A,0,0x00000,0x20,,0x00,00,,0x00000,,*05
$GPNVS,7,225144,010826,A,12,0x00,0,0,0,393232,+4.32,-4.10*54
$GPNVS,9,+10000000.001,+1.87507,+10000000.00,15,+0.000,+0.39,,+36.12,50.0,99.0,*65
$GPNVS,10,1,0,0,+0,+0,2,100,0.5,3,2,30,1,+0,1.0,20,-6,1,2,8000*51
$GPNVS,1,225145,010826,A,N,0,N,0x00000,0x20,0x00,1,N*11
$GPNVS,2,225145,010826,0.00,0.00,0.00,0.00,0.00,0.00,0.00,0.00,*66
$GPNVS,3,225145,010826,+0.38,,,+4.32,-4.11,,,,1,+36.12,*6C
$GPNVS,4,225145,010826,0.00,0.00,,,,,,,*60
$GPNVS,5,225145,010826,5C9,0,0,+36.12,00000,00000,*2D
$GPNVS,6,0,A,0,0x00000,0x20,,0x00,00,,0x00000,,*05
$GPNVS,7,225145,010826,A,12,0x00,0,0,0,393232,+4.32,-4.11*54
$GPNVS,9,+10000000.000,+1.87507,+10000000.00,15,+0.000,+0.39,,+36.12,50.0,99.0,*64
$GPNVS,10,1,0,0,+0,+0,2,100,0.5,3,2,30,1,+0,1.0,20,-6,1,2,8000*51
$GPNVS,1,225146,010826,A,N,0,N,0x00000,0x20,0x00,1,N*12
$GPNVS,2,225146,010826,0.00,0.00,0.00,0.00,0.00,0.00,0.00,0.00,*65
$GPNVS,3,225146,010826,+0.38,,,+4.32,-4.09,,,,1,+36.12,*66
$GPNVS,4,225146,010826,0.00,0.00,,,,,,,*63
$GPNVS,5,225146,010826,5C9,0,0,+36.12,00000,00000,*2E
$GPNVS,6,0,A,0,0x00000,0x20,,0x00,00,,0x00000,,*05
$GPNVS,7,225146,010826,A,12,0x00,0,0,0,393232,+4.32,-4.10*56
$GPNVS,9,+10000000.001,+1.87507,+10000000.00,15,+0.000,+0.39,,+36.12,50.0,99.0,*65
$GPNVS,10,1,0,0,+0,+0,2,100,0.5,3,2,30,1,+0,1.0,20,-6,1,2,8000*51
$GPNVS,1,225147,010826,A,N,0,N,0x00000,0x20,0x00,1,N*13
$GPNVS,2,225147,010826,0.00,0.00,0.00,0.00,0.00,0.00,0.00,0.00,*64
$GPNVS,3,225147,010826,+0.38,,,+4.32,-4.11,,,,1,+36.12,*6E
$GPNVS,4,225147,010826,0.00,0.00,,,,,,,*62
$GPNVS,5,225147,010826,5C9,0,0,+36.12,00000,00000,*2F
$GPNVS,6,0,A,0,0x00000,0x20,,0x00,00,,0x00000,,*05
$GPNVS,7,225147,010826,A,12,0x00,0,0,0,393232,+4.32,-4.11*56
$GPNVS,9,+10000000.001,+1.87507,+10000000.00,15,+0.000,+0.39,,+36.12,50.0,99.0,*65
$GPNVS,10,1,0,0,+0,+0,2,100,0.5,3,2,30,1,+0,1.0,20,-6,1,2,8000*51
$GPNVS,1,225148,010826,A,N,0,N,0x00000,0x20,0x00,1,N*1C
$GPNVS,2,225148,010826,0.00,0.00,0.00,0.00,0.00,0.00,0.00,0.00,*6B
$GPNVS,3,225148,010826,+0.38,,,+4.32,-4.09,,,,1,+36.12,*68
$GPNVS,4,225148,010826,0.00,0.00,,,,,,,*6D
$GPNVS,5,225148,010826,5C9,0,0,+36.12,00000,00000,*20
$GPNVS,6,0,A,0,0x00000,0x20,,0x00,00,,0x00000,,*05
$GPNVS,7,225148,010826,A,12,0x00,0,0,0,393232,+4.32,-4.10*58
$GPNVS,9,+10000000.000,+1.87507,+10000000.00,15,+0.000,+0.39,,+36.12,50.0,99.0,*64
$GPNVS,10,1,0,0,+0,+0,2,100,0.5,3,2,30,1,+0,1.0,20,-6,1,2,8000*51
$GPNVS,1,225149,010826,A,N,0,N,0x00000,0x20,0x00,1,N*1D
$GPNVS,2,225149,010826,0.00,0.00,0.00,0.00,0.00,0.00,0.00,0.00,*6A
$GPNVS,3,225149,010826,+0.38,,,+4.32,-4.11,,,,1,+36.12,*60
$GPNVS,4,225149,010826,0.00,0.00,,,,,,,*6C
$GPNVS,5,225149,010826,5C9,0,0,+36.12,00000,00000,*21
$GPNVS,6,0,A,0,0x00000,0x20,,0x00,00,,0x00000,,*05
$GPNVS,7,225149,010826,A,12,0x00,0,0,0,393232,+4.32,-4.11*58
$GPNVS,9,+10000000.000,+1.87507,+10000000.00,15,+0.000,+0.39,,+36.12,50.0,99.0,*64
$GPNVS,10,1,0,0,+0,+0,2,100,0.5,3,2,30,1,+0,1.0,20,-6,1,2,8000*51
$GPNVS,1,225150,010826,A,N,0,N,0x00000,0x20,0x00,1,N*15
$GPNVS,2,225150,010826,0.00,0.00,0.00,0.00,0.00,0.00,0.00,0.00,*62
$GPNVS,3,225150,010826,+0.38,,,+4.32,-4.09,,,,1,+36.12,*61
$GPNVS,4,225150,010826,0.00,0.00,,,,,,,*64
$GPNVS,5,225150,010826,5C9,0,0,+36.12,00000,00000,*29
$GPNVS,6,0,A,0,0x00000,0x20,,0x00,00,,0x00000,,*05
$GPNVS,7,225150,010826,A,12,0x00,0,0,0,393232,+4.32,-4.10*51
$GPNVS,9,+10000000.001,+1.87507,+10000000.00,15,+0.000,+0.39,,+36.12,50.0,99.0,*65
$GPNVS,10,1,0,0,+0,+0,2,100,0.5,3,2,30,1,+0,1.0,20,-6,1,2,8000*51
$GPNVS,1,225151,010826,A,N,0,N,0x00000,0x20,0x00,1,N*14
$GPNVS,2,225151,010826,0.00,0.00,0.00,0.00,0.00,0.00,0.00,0.00,*63
$GPNVS,3,225151,010826,+0.38,,,+4.32,-4.09,,,,1,+36.12,*60
$GPNVS,4,225151,010826,0.00,0.00,,,,,,,*65
$GPNVS,5,225151,010826,5C9,0,0,+36.12,00000,00000,*28
$GPNVS,6,0,A,0,0x00000,0x20,,0x00,00,,0x00000,,*05
$GPNVS,7,225151,010826,A,12,0x00,0,0,0,393232,+4.32,-4.10*50
$GPNVS,9,+10000000.001,+1.87507,+10000000.00,15,+0.000,+0.39,,+36.12,50.0,99.0,*65
$GPNVS,10,1,0,0,+0,+0,2,100,0.5,3,2,30,1,+0,1.0,20,-6,1,2,8000*51
$GPNVS,1,225152,010826,A,N,0,N,0x00000,0x20,0x00,1,N*17
$GPNVS,2,225152,010826,0.00,0.00,0.00,0.00,0.00,0.00,0.00,0.00,*60
$GPNVS,3,225152,010826,+0.38,,,+4.32,-4.09,,,,1,+36.12,*63
$GPNVS,4,225152,010826,0.00,0.00,,,,,,,*66
$GPNVS,5,225152,010826,5C9,0,0,+36.12,00000,00000,*2B
$GPNVS,6,0,A,0,0x00000,0x20,,0x00,00,,0x00000,,*05
$GPNVS,7,225152,010826,A,12,0x00,0,0,0,393232,+4.32,-4.10*53
$GPNVS,9,+10000000.000,+1.87507,+10000000.00,15,+0.000,+0.39,,+36.12,50.0,99.0,*64
$GPNVS,10,1,0,0,+0,+0,2,100,0.5,3,2,30,1,+0,1.0,20,-6,1,2,8000*51
$GPNVS,99,,,*5C
$GPNVS,1,225153,010826,A,N,0,N,0x00000,0x20,0x00,1,N*16
$GPNVS,2,225153,010826,0.00,0.00,0.00,0.00,0.00,0.00,0.00,0.00,*61
$GPNVS,3,225153,010826,+0.38,,,+4.32,-4.11,,,,1,+36.12,*6B
$GPNVS,4,225153,010826,0.00,0.00,,,,,,,*67
$GPNVS,5,225153,010826,5C9,0,0,+36.12,00000,00000,*2A
$GPNVS,6,0,A,0,0x00000,0x20,,0x00,00,,0x00000,,*05
$GPNVS,7,225153,010826,A,12,0x00,0,0,0,393232,+4.32,-4.11*53
$GPNVS,9,+10000000.001,+1.87507,+10000000.00,15,+0.000,+0.39,,+36.12,50.0,99.0,*65
$GPNVS,10,1,0,0,+0,+0,2,100,0.5,3,2,30,1,+0,1.0,20,+10,1,2,8000*60
$GPNVS,1,225154,010826,A,N,0,N,0x00000,0x20,0x00,1,N*11
$GPNVS,2,225154,010826,0.00,0.00,0.00,0.00,0.00,0.00,0.00,0.00,*66
$GPNVS,3,225154,010826,+0.38,,,+4.32,-4.09,,,,1,+36.12,*65
$GPNVS,4,225154,010826,0.00,0.00,,,,,,,*60
$GPNVS,5,225154,010826,5C9,0,0,+36.12,00000,00000,*2D
$GPNVS,6,0,A,0,0x00000,0x20,,0x00,00,,0x00000,,*05
$GPNVS,7,225154,010826,A,12,0x00,0,0,0,393232,+4.32,-4.10*55
$GPNVS,9,+10000000.001,+1.87507,+10000000.00,15,+0.000,+0.39,,+36.12,50.0,99.0,*65
$GPNVS,10,1,0,0,+0,+0,2,100,0.5,3,2,30,1,+0,1.0,20,+10,1,2,8000*60
$GPNVS,1,225155,010826,A,N,0,N,0x00000,0x20,0x00,1,N*10
$GPNVS,2,225155,010826,0.00,0.00,0.00,0.00,0.00,0.00,0.00,0.00,*67
$GPNVS,3,225155,010826,+0.38,,,+4.32,-4.09,,,,1,+36.12,*64
$GPNVS,4,225155,010826,0.00,0.00,,,,,,,*61
$GPNVS,5,225155,010826,5C9,0,0,+36.12,00000,00000,*2C
$GPNVS,6,0,A,0,0x00000,0x20,,0x00,00,,0x00000,,*05
$GPNVS,7,225155,010826,A,12,0x00,0,0,0,393232,+4.32,-4.10*54
$GPNVS,9,+10000000.000,+1.87507,+10000000.00,15,+0.000,+0.39,,+36.12,50.0,99.0,*64
$GPNVS,10,1,0,0,+0,+0,2,100,0.5,3,2,30,1,+0,1.0,20,+10,1,2,8000*60
$GPNVS,1,225156,010826,A,N,0,N,0x00000,0x20,0x00,1,N*13
$GPNVS,2,225156,010826,0.00,0.00,0.00,0.00,0.00,0.00,0.00,0.00,*64
$GPNVS,3,225156,010826,+0.38,,,+4.32,-4.11,,,,1,+36.12,*6E
$GPNVS,4,225156,010826,0.00,0.00,,,,,,,*62
$GPNVS,5,225156,010826,5C9,0,0,+36.12,00000,00000,*2F
$GPNVS,6,0,A,0,0x00000,0x20,,0x00,00,,0x00000,,*05
$GPNVS,7,225156,010826,A,12,0x00,0,0,0,393232,+4.32,-4.11*56
$GPNVS,9,+10000000.001,+1.87507,+10000000.00,15,+0.000,+0.39,,+36.12,50.0,99.0,*65
$GPNVS,10,1,0,0,+0,+0,2,100,0.5,3,2,30,1,+0,1.0,20,+10,1,2,8000*60
$GPNVS,1,225157,010826,A,N,0,N,0x00000,0x20,0x00,1,N*12
$GPNVS,2,225157,010826,0.00,0.00,0.00,0.00,0.00,0.00,0.00,0.00,*65
$GPNVS,3,225157,010826,+0.38,,,+4.32,-4.11,,,,1,+36.12,*6F
$GPNVS,4,225157,010826,0.00,0.00,,,,,,,*63
$GPNVS,5,225157,010826,5C9,0,0,+36.12,00000,00000,*2E
$GPNVS,6,0,A,0,0x00000,0x20,,0x00,00,,0x00000,,*05
$GPNVS,7,225157,010826,A,12,0x00,0,0,0,393232,+4.32,-4.11*57
$GPNVS,9,+10000000.000,+1.87507,+10000000.00,15,+0.000,+0.39,,+36.12,50.0,99.0,*64
$GPNVS,10,1,0,0,+0,+0,2,100,0.5,3,2,30,1,+0,1.0,20,+10,1,2,8000*60
$GPNVS,1,225158,010826,A,N,0,N,0x00000,0x20,0x00,1,N*1D
$GPNVS,2,225158,010826,0.00,0.00,0.00,0.00,0.00,0.00,0.00,0.00,*6A
$GPNVS,3,225158,010826,+0.38,,,+4.32,-4.09,,,,1,+36.12,*69
$GPNVS,4,225158,010826,0.00,0.00,,,,,,,*6C
$GPNVS,5,225158,010826,5C9,0,0,+36.12,00000,00000,*21
$GPNVS,6,0,A,0,0x00000,0x20,,0x00,00,,0x00000,,*05
$GPNVS,7,225158,010826,A,12,0x00,0,0,0,393232,+4.32,-4.10*59
$GPNVS,9,+10000000.000,+1.87507,+10000000.00,15,+0.000,+0.39,,+36.12,50.0,99.0,*64
$GPNVS,10,1,0,0,+0,+0,2,100,0.5,3,2,30,1,+0,1.0,20,+10,1,2,8000*60
$GPNVS,1,225159,010826,A,N,0,N,0x00000,0x20,0x00,1,N*1C
$GPNVS,2,225159,010826,0.00,0.00,0.00,0.00,0.00,0.00,0.00,0.00,*6B
$GPNVS,3,225159,010826,+0.38,,,+4.32,-4.11,,,,1,+36.12,*61
$GPNVS,4,225159,010826,0.00,0.00,,,,,,,*6D
$GPNVS,5,225159,010826,5C9,0,0,+36.12,00000,00000,*20
$GPNVS,6,0,A,0,0x00000,0x20,,0x00,00,,0x00000,,*05
$GPNVS,7,225159,010826,A,12,0x00,0,0,0,393232,+4.32,-4.11*59
$GPNVS,9,+10000000.000,+1.87507,+10000000.00,15,+0.000,+0.39,,+36.12,50.0,99.0,*64
$GPNVS,10,1,0,0,+0,+0,2,100,0.5,3,2,30,1,+0,1.0,20,+10,1,2,8000*60
$GPNVS,1,225200,010826,A,N,0,N,0x00000,0x20,0x00,1,N*13
$GPNVS,2,225200,010826,0.00,0.00,0.00,0.00,0.00,0.00,0.00,0.00,*64
$GPNVS,3,225200,010826,+0.38,,,+4.32,-4.09,,,,1,+36.12,*67
$GPNVS,4,225200,010826,0.00,0.00,,,,,,,*62
$GPNVS,5,225200,010826,5C9,0,0,+36.12,00000,00000,*2F
$GPNVS,6,0,A,0,0x00000,0x20,,0x00,00,,0x00000,,*05
$GPNVS,7,225200,010826,A,12,0x00,0,0,0,393232,+4.32,-4.10*57
$GPNVS,9,+10000000.000,+1.87507,+10000000.00,15,+0.000,+0.39,,+36.12,50.0,99.0,*64
$GPNVS,10,1,0,0,+0,+0,2,100,0.5,3,2,30,1,+0,1.0,20,+10,1,2,8000*60
$GPNVS,1,225201,010826,A,N,0,N,0x00000,0x20,0x00,1,N*12
$GPNVS,2,225201,010826,0.00,0.00,0.00,0.00,0.00,0.00,0.00,0.00,*65
$GPNVS,3,225201,010826,+0.38,,,+4.32,-4.11,,,,1,+36.12,*6F
$GPNVS,4,225201,010826,0.00,0.00,,,,,,,*63
$GPNVS,5,225201,010826,5C9,0,0,+36.12,00000,00000,*2E
$GPNVS,6,0,A,0,0x00000,0x20,,0x00,00,,0x00000,,*05
$GPNVS,7,225201,010826,A,12,0x00,0,0,0,393232,+4.32,-4.11*57
$GPNVS,9,+10000000.000,+1.87507,+10000000.00,15,+0.000,+0.39,,+36.12,50.0,99.0,*64
$GPNVS,10,1,0,0,+0,+0,2,100,0.5,3,2,30,1,+0,1.0,20,+10,1,2,8000*60
$GPNVS,1,225202,010826,A,N,0,N,0x00000,0x20,0x00,1,N*11
$GPNVS,2,225202,010826,0.00,0.00,0.00,0.00,0.00,0.00,0.00,0.00,*66
$GPNVS,3,225202,010826,+0.38,,,+4.32,-4.11,,,,1,+36.12,*6C
$GPNVS,4,225202,010826,0.00,0.00,,,,,,,*60
$GPNVS,5,225202,010826,5C9,0,0,+36.12,00000,00000,*2D
$GPNVS,6,0,A,0,0x00000,0x20,,0x00,00,,0x00000,,*05
$GPNVS,7,225202,010826,A,12,0x00,0,0,0,393232,+4.32,-4.11*54
$GPNVS,9,+10000000.000,+1.87507,+10000000.00,15,+0.000,+0.39,,+36.12,50.0,99.0,*64
$GPNVS,10,1,0,0,+0,+0,2,100,0.5,3,2,30,1,+0,1.0,20,+10,1,2,8000*60
$GPNVS,1,225203,010826,A,N,0,N,0x00000,0x20,0x00,1,N*10
$GPNVS,2,225203,010826,0.00,0.00,0.00,0.00,0.00,0.00,0.00,0.00,*67
$GPNVS,3,225203,010826,+0.38,,,+4.32,-4.09,,,,1,+36.12,*64
$GPNVS,4,225203,010826,0.00,0.00,,,,,,,*61
$GPNVS,5,225203,010826,5C9,0,0,+36.12,00000,00000,*2C
$GPNVS,6,0,A,0,0x00000,0x20,,0x00,00,,0x00000,,*05
$GPNVS,7,225203,010826,A,12,0x00,0,0,0,393232,+4.32,-4.10*54
$GPNVS,9,+10000000.000,+1.87507,+10000000.00,15,+0.000,+0.39,,+36.12,50.0,99.0,*64
$GPNVS,10,1,0,0,+0,+0,2,100,0.5,3,2,30,1,+0,1.0,20,+10,1,2,8000*60
$GPNVS,1,225204,010826,A,N,0,N,0x00000,0x20,0x00,1,N*17
$GPNVS,2,225204,010826,0.00,0.00,0.00,0.00,0.00,0.00,0.00,0.00,*60
$GPNVS,3,225204,010826,+0.38,,,+4.32,-4.09,,,,1,+36.12,*63
$GPNVS,4,225204,010826,0.00,0.00,,,,,,,*66
$GPNVS,5,225204,010826,5C9,0,0,+36.12,00000,00000,*2B
$GPNVS,6,0,A,0,0x00000,0x20,,0x00,00,,0x00000,,*05
$GPNVS,7,225204,010826,A,12,0x00,0,1,0,393232,+4.32,-4.10*52
$GPNVS,9,+9999999.9989,+1.87507,+9999999.949,15,+0.000,+0.39,,+36.12,50.0,99.0,*61
$GPNVS,10,1,0,0,+5,+0,2,100,0.5,3,2,30,1,+0,1.0,20,-10,1,2,8000*63
$GPNVS,1,225205,010826,A,N,0,N,0x00000,0x20,0x00,1,N*16
$GPNVS,2,225205,010826,0.00,0.00,0.00,0.00,0.00,0.00,0.00,0.00,*61
$GPNVS,3,225205,010826,+0.38,,,+4.32,-4.09,,,,1,+36.12,*62
$GPNVS,4,225205,010826,0.00,0.00,,,,,,,*67
$GPNVS,5,225205,010826,5C9,0,0,+36.12,00000,00000,*2A
$GPNVS,6,0,A,0,0x00000,0x20,,0x00,00,,0x00000,,*05
$GPNVS,7,225205,010826,A,12,0x00,0,0,0,393232,+4.32,-4.10*52
$GPNVS,9,+10000000.000,+1.87507,+10000000.05,15,+0.000,+0.39,,+36.12,50.0,99.0,*61
$GPNVS,10,1,0,0,+0,+0,2,100,0.5,3,2,30,1,+0,1.0,20,-10,1,2,8000*66
$GPNVS,1,225206,010826,A,N,0,N,0x00000,0x20,0x00,1,N*15
$GPNVS,2,225206,010826,0.00,0.00,0.00,0.00,0.00,0.00,0.00,0.00,*62
$GPNVS,3,225206,010826,+0.38,,,+4.32,-4.11,,,,1,+36.12,*68
$GPNVS,4,225206,010826,0.00,0.00,,,,,,,*64
$GPNVS,5,225206,010826,5C9,0,0,+36.12,00000,00000,*29
$GPNVS,6,0,A,0,0x00000,0x20,,0x00,00,,0x00000,,*05
$GPNVS,7,225206,010826,A,12,0x00,0,0,0,393232,+4.32,-4.11*50
$GPNVS,9,+10000000.000,+1.87507,+10000000.00,15,+0.000,+0.39,,+36.12,50.0,99.0,*64
$GPNVS,10,1,0,0,+0,+0,2,100,0.5,3,2,30,1,+0,1.0,20,-10,1,2,8000*66
$GPNVS,1,225207,010826,A,N,0,N,0x00000,0x20,0x00,1,N*14
$GPNVS,2,225207,010826,0.00,0.00,0.00,0.00,0.00,0.00,0.00,0.00,*63
$GPNVS,3,225207,010826,+0.38,,,+4.32,-4.11,,,,1,+36.12,*69
$GPNVS,4,225207,010826,0.00,0.00,,,,,,,*65
$GPNVS,5,225207,010826,5C9,0,0,+36.12,00000,00000,*28
$GPNVS,6,0,A,0,0x00000,0x20,,0x00,00,,0x00000,,*05
$GPNVS,7,225207,010826,A,12,0x00,0,0,0,393232,+4.32,-4.11*51
$GPNVS,9,+10000000.000,+1.87507,+10000000.00,15,+0.000,+0.39,,+36.12,50.0,99.0,*64
$GPNVS,10,1,0,0,+0,+0,2,100,0.5,3,2,30,1,+0,1.0,20,-10,1,2,8000*66
$GPNVS,99,,,*5C
$GPNVS,1,225208,010826,A,N,0,N,0x00000,0x20,0x00,1,N*1B
$GPNVS,2,225208,010826,0.00,0.00,0.00,0.00,0.00,0.00,0.00,0.00,*6C
$GPNVS,3,225208,010826,+0.38,,,+4.32,-4.09,,,,1,+36.12,*6F
$GPNVS,4,225208,010826,0.00,0.00,,,,,,,*6A
$GPNVS,5,225208,010826,5C9,0,0,+36.12,00000,00000,*27
$GPNVS,6,0,A,0,0x00000,0x20,,0x00,00,,0x00000,,*05
$GPNVS,7,225208,010826,A,12,0x00,0,0,0,393232,+4.32,-4.10*5F
$GPNVS,9,+10000000.000,+1.87507,+10000000.00,15,+0.000,+0.39,,+36.12,50.0,99.0,*64
$GPNVS,10,1,0,0,+0,+0,2,100,0.5,3,2,30,1,+0,1.0,20,-10,1,2,8000*66
$GPNVS,1,225209,010826,A,N,0,N,0x00000,0x20,0x00,1,N*1A
$GPNVS,2,225209,010826,0.00,0.00,0.00,0.00,0.00,0.00,0.00,0.00,*6D
$GPNVS,3,225209,010826,+0.38,,,+4.32,-4.09,,,,1,+36.12,*6E
$GPNVS,4,225209,010826,0.00,0.00,,,,,,,*6B
$GPNVS,5,225209,010826,5C9,0,0,+36.12,00000,00000,*26
$GPNVS,6,0,A,0,0x00000,0x20,,0x00,00,,0x00000,,*05
$GPNVS,7,225209,010826,A,12,0x00,0,0,0,393232,+4.32,-4.10*5E
$GPNVS,9,+10000000.000,+1.87507,+10000000.00,15,+0.000,+0.39,,+36.12,50.0,99.0,*64
$GPNVS,10,1,0,0,+0,+0,2,100,0.5,3,2,30,1,+0,1.0,20,-10,1,2,8000*66
$GPNVS,1,225210,010826,A,N,0,N,0x00000,0x20,0x00,1,N*12
$GPNVS,2,225210,010826,0.00,0.00,0.00,0.00,0.00,0.00,0.00,0.00,*65
$GPNVS,3,225210,010826,+0.38,,,+4.32,-4.09,,,,1,+36.12,*66
$GPNVS,4,225210,010826,0.00,0.00,,,,,,,*63
$GPNVS,5,225210,010826,5C9,0,0,+36.12,00000,00000,*2E
$GPNVS,6,0,A,0,0x00000,0x20,,0x00,00,,0x00000,,*05
$GPNVS,7,225210,010826,A,12,0x00,0,0,0,393232,+4.32,-4.10*56
$GPNVS,9,+10000000.000,+1.87507,+10000000.00,15,+0.000,+0.39,,+36.12,50.0,99.0,*64
$GPNVS,10,1,0,0,+0,+0,2,100,0.5,3,2,30,1,+0,1.0,20,-10,1,2,8000*66
$GPNVS,1,225211,010826,A,N,0,N,0x00000,0x20,0x00,1,N*13
$GPNVS,2,225211,010826,0.00,0.00,0.00,0.00,0.00,0.00,0.00,0.00,*64
$GPNVS,3,225211,010826,+0.38,,,+4.32,-4.11,,,,1,+36.12,*6E
$GPNVS,4,225211,010826,0.00,0.00,,,,,,,*62
$GPNVS,5,225211,010826,5C9,0,0,+36.12,00000,00000,*2F
$GPNVS,6,0,A,0,0x00000,0x20,,0x00,00,,0x00000,,*05
$GPNVS,7,225211,010826,A,12,0x00,0,0,0,393232,+4.32,-4.11*56
$GPNVS,9,+10000000.000,+1.87507,+10000000.00,15,+0.000,+0.39,,+36.12,50.0,99.0,*64
$GPNVS,10,1,0,0,+0,+0,2,100,0.5,3,2,30,1,+0,1.0,20,-10,1,2,8000*66
$GPNVS,1,225212,010826,A,N,0,N,0x00000,0x20,0x00,1,N*10
$GPNVS,2,225212,010826,0.00,0.00,0.00,0.00,0.00,0.00,0.00,0.00,*67
$GPNVS,3,225212,010826,+0.38,,,+4.32,-4.09,,,,1,+36.12,*64
$GPNVS,4,225212,010826,0.00,0.00,,,,,,,*61
$GPNVS,5,225212,010826,5C9,0,0,+36.12,00000,00000,*2C
$GPNVS,6,0,A,0,0x00000,0x20,,0x00,00,,0x00000,,*05
$GPNVS,7,225212,010826,A,12,0x00,0,0,0,393232,+4.32,-4.10*54
$GPNVS,9,+10000000.000,+1.87507,+10000000.00,15,+0.000,+0.39,,+36.12,50.0,99.0,*64
$GPNVS,10,1,0,0,+0,+0,2,100,0.5,3,2,30,1,+0,1.0,20,-10,1,2,8000*66
$GPNVS,1,225213,010826,A,N,0,N,0x00000,0x20,0x00,1,N*11
$GPNVS,2,225213,010826,0.00,0.00,0.00,0.00,0.00,0.00,0.00,0.00,*66
$GPNVS,3,225213,010826,+0.38,,,+4.32,-4.09,,,,1,+36.12,*65
$GPNVS,4,225213,010826,0.00,0.00,,,,,,,*60
$GPNVS,5,225213,010826,5C9,0,0,+36.12,00000,00000,*2D
$GPNVS,6,0,A,0,0x00000,0x20,,0x00,00,,0x00000,,*05
$GPNVS,7,225213,010826,A,12,0x00,0,0,0,393232,+4.32,-4.10*55
$GPNVS,9,+10000000.000,+1.87507,+10000000.00,15,+0.000,+0.39,,+36.12,50.0,99.0,*64
$GPNVS,10,1,0,0,+0,+0,2,100,0.5,3,2,30,1,+0,1.0,20,-10,1,2,8000*66
$GPNVS,1,225214,010826,A,N,0,N,0x00000,0x20,0x00,1,N*16
$GPNVS,2,225214,010826,0.00,0.00,0.00,0.00,0.00,0.00,0.00,0.00,*61
$GPNVS,3,225214,010826,+0.38,,,+4.32,-4.09,,,,1,+36.12,*62
$GPNVS,4,225214,010826,0.00,0.00,,,,,,,*67
$GPNVS,5,225214,010826,5C9,0,0,+36.12,00000,00000,*2A
$GPNVS,6,0,A,0,0x00000,0x20,,0x00,00,,0x00000,,*05
$GPNVS,7,225214,010826,A,12,0x00,0,1,0,393232,+4.32,-4.10*53
$GPNVS,9,+9999999.9989,+1.87507,+9999999.949,15,+0.000,+0.39,,+36.12,50.0,99.0,*61
$GPNVS,10,1,0,0,+5,+0,2,100,0.5,3,2,30,1,+0,1.0,20,+6,1,2,8000*52
$GPNVS,1,225215,010826,A,N,0,N,0x00000,0x20,0x00,1,N*17
$GPNVS,2,225215,010826,0.00,0.00,0.00,0.00,0.00,0.00,0.00,0.00,*60
$GPNVS,3,225215,010826,+0.38,,,+4.32,-4.11,,,,1,+36.12,*6A
$GPNVS,4,225215,010826,0.00,0.00,,,,,,,*66
$GPNVS,5,225215,010826,5C9,0,0,+36.12,00000,00000,*2B
$GPNVS,6,0,A,0,0x00000,0x20,,0x00,00,,0x00000,,*05
$GPNVS,7,225215,010826,A,12,0x00,1,1,1,393233,+4.32,-4.11*52
$GPNVS,9,+9999999.9989,+1.87508,+10000000.00,15,+0.000,+0.39,,+36.12,50.0,99.0,*62
$GPNVS,10,1,0,0,+5,+5,2,100,0.5,3,2,30,1,+0,1.0,20,+6,1,2,8000*57
$GPNVS,1,225216,010826,A,N,0,N,0x00000,0x20,0x00,1,N*14
$GPNVS,2,225216,010826,0.00,0.00,0.00,0.00,0.00,0.00,0.00,0.00,*63
$GPNVS,3,225216,010826,+0.38,,,+4.32,-4.09,,,,1,+36.12,*60
$GPNVS,4,225216,010826,0.00,0.00,,,,,,,*65
$GPNVS,5,225216,010826,5C9,0,0,+36.12,00000,00000,*28
$GPNVS,6,0,A,0,0x00000,0x20,,0x00,00,,0x00000,,*05
$GPNVS,7,225216,010826,A,12,0x00,1,0,0,393233,+4.32,-4.10*50
$GPNVS,9,+10000000.000,+1.87508,+10000000.05,15,+0.000,+0.39,,+36.12,50.0,99.0,*6E
$GPNVS,10,1,0,0,+0,+0,2,100,0.5,3,2,30,1,+0,1.0,20,+6,1,2,8000*57
$GPNVS,1,225217,010826,A,N,0,N,0x00000,0x20,0x00,1,N*15
$GPNVS,2,225217,010826,0.00,0.00,0.00,0.00,0.00,0.00,0.00,0.00,*62
$GPNVS,3,225217,010826,+0.38,,,+4.32,-4.09,,,,1,+36.12,*61
$GPNVS,4,225217,010826,0.00,0.00,,,,,,,*64
$GPNVS,5,225217,010826,5C9,0,0,+36.12,00000,00000,*29
$GPNVS,6,0,A,0,0x00000,0x20,,0x00,00,,0x00000,,*05
$GPNVS,7,225217,010826,A,12,0x00,1,0,0,393233,+4.32,-4.10*51
$GPNVS,9,+10000000.000,+1.87508,+10000000.00,15,+0.000,+0.39,,+36.12,50.0,99.0,*6B
$GPNVS,10,1,0,0,+0,+0,2,100,0.5,3,2,30,1,+0,1.0,20,+6,1,2,8000*57
$GPNVS,1,225218,010826,A,N,0,N,0x00000,0x20,0x00,1,N*1A
$GPNVS,2,225218,010826,0.00,0.00,0.00,0.00,0.00,0.00,0.00,0.00,*6D
$GPNVS,3,225218,010826,+0.38,,,+4.32,-4.11,,,,1,+36.12,*67
$GPNVS,4,225218,010826,0.00,0.00,,,,,,,*6B
$GPNVS,5,225218,010826,5C9,0,0,+36.12,00000,00000,*26
$GPNVS,6,0,A,0,0x00000,0x20,,0x00,00,,0x00000,,*05
$GPNVS,7,225218,010826,A,12,0x00,1,0,0,393233,+4.32,-4.11*5F
$GPNVS,9,+10000000.000,+1.87508,+10000000.00,15,+0.000,+0.39,,+36.12,50.0,99.0,*6B
$GPNVS,10,1,0,0,+0,+0,2,100,0.5,3,2,30,1,+0,1.0,20,+6,1,2,8000*57
$GPNVS,1,225219,010826,A,N,0,N,0x00000,0x20,0x00,1,N*1B
$GPNVS,2,225219,010826,0.00,0.00,0.00,0.00,0.00,0.00,0.00,0.00,*6C
$GPNVS,3,225219,010826,+0.38,,,+4.32,-4.09,,,,1,+36.12,*6F
$GPNVS,4,225219,010826,0.00,0.00,,,,,,,*6A
$GPNVS,5,225219,010826,5C9,0,0,+36.12,00000,00000,*27
$GPNVS,6,0,A,0,0x00000,0x20,,0x00,00,,0x00000,,*05
$GPNVS,7,225219,010826,A,12,0x00,1,0,0,393233,+4.32,-4.10*5F
$GPNVS,9,+10000000.000,+1.87508,+10000000.00,15,+0.000,+0.39,,+36.12,50.0,99.0,*6B
$GPNVS,10,1,0,0,+0,+0,2,100,0.5,3,2,30,1,+0,1.0,20,+6,1,2,8000*57
$GPNVS,1,225220,010826,A,N,0,N,0x00000,0x20,0x00,1,N*11
$GPNVS,2,225220,010826,0.00,0.00,0.00,0.00,0.00,0.00,0.00,0.00,*66
$GPNVS,3,225220,010826,+0.38,,,+4.32,-4.11,,,,1,+36.12,*6C
$GPNVS,4,225220,010826,0.00,0.00,,,,,,,*60
$GPNVS,5,225220,010826,5C9,0,0,+36.12,00000,00000,*2D
$GPNVS,6,0,A,0,0x00000,0x20,,0x00,00,,0x00000,,*05
$GPNVS,7,225220,010826,A,12,0x00,1,0,0,393233,+4.32,-4.11*54
$GPNVS,9,+10000000.000,+1.87508,+10000000.00,15,+0.000,+0.39,,+36.12,50.0,99.0,*6B
$GPNVS,10,1,0,0,+0,+0,2,100,0.5,3,2,30,1,+0,1.0,20,+6,1,2,8000*57
$GPNVS,1,225221,010826,A,N,0,N,0x00000,0x20,0x00,1,N*10
$GPNVS,2,225221,010826,0.00,0.00,0.00,0.00,0.00,0.00,0.00,0.00,*67
$GPNVS,3,225221,010826,+0.38,,,+4.32,-4.09,,,,1,+36.12,*64
$GPNVS,4,225221,010826,0.00,0.00,,,,,,,*61
$GPNVS,5,225221,010826,5C9,0,0,+36.12,00000,00000,*2C
$GPNVS,6,0,A,0,0x00000,0x20,,0x00,00,,0x00000,,*05
$GPNVS,7,225221,010826,A,12,0x00,1,0,0,393233,+4.32,-4.10*54
$GPNVS,9,+10000000.000,+1.87508,+10000000.00,15,+0.000,+0.39,,+36.12,50.0,99.0,*6B
$GPNVS,10,1,0,0,+0,+0,2,100,0.5,3,2,30,1,+0,1.0,20,+6,1,2,8000*57
$GPNVS,1,225222,010826,A,N,0,N,0x00000,0x20,0x00,1,N*13
$GPNVS,2,225222,010826,0.00,0.00,0.00,0.00,0.00,0.00,0.00,0.00,*64
$GPNVS,3,225222,010826,+0.38,,,+4.32,-4.11,,,,1,+36.12,*6E
$GPNVS,4,225222,010826,0.00,0.00,,,,,,,*62
$GPNVS,5,225222,010826,5C9,0,0,+36.12,00000,00000,*2F
$GPNVS,6,0,A,0,0x00000,0x20,,0x00,00,,0x00000,,*05
$GPNVS,7,225222,010826,A,12,0x00,1,0,0,393233,+4.32,-4.11*56
$GPNVS,9,+10000000.000,+1.87508,+10000000.00,15,+0.000,+0.39,,+36.12,50.0,99.0,*6B
$GPNVS,10,1,0,0,+0,+0,2,100,0.5,3,2,30,1,+0,1.0,20,+6,1,2,8000*57
$GPNVS,99,,,*5C
$GPNVS,1,225223,010826,A,N,0,N,0x00000,0x20,0x00,1,N*12
$GPNVS,2,225223,010826,0.00,0.00,0.00,0.00,0.00,0.00,0.00,0.00,*65
$GPNVS,3,225223,010826,+0.38,,,+4.32,-4.11,,,,1,+36.12,*6F
$GPNVS,4,225223,010826,0.00,0.00,,,,,,,*63
$GPNVS,5,225223,010826,5C9,0,0,+36.12,00000,00000,*2E
$GPNVS,6,0,A,0,0x00000,0x20,,0x00,00,,0x00000,,*05
$GPNVS,7,225223,010826,A,12,0x00,1,0,0,393233,+4.32,-4.11*57
$GPNVS,9,+10000000.000,+1.87508,+10000000.00,15,+0.000,+0.39,,+36.12,50.0,99.0,*6B
$GPNVS,10,1,0,0,+0,+0,2,100,0.5,3,2,30,1,+0,1.0,20,+6,1,2,8000*57
$GPNVS,1,225224,010826,A,N,0,N,0x00000,0x20,0x00,1,N*15
$GPNVS,2,225224,010826,0.00,0.00,0.00,0.00,0.00,0.00,0.00,0.00,*62
$GPNVS,3,225224,010826,+0.38,,,+4.32,-4.09,,,,1,+36.12,*61
$GPNVS,4,225224,010826,0.00,0.00,,,,,,,*64
$GPNVS,5,225224,010826,5C9,0,0,+36.12,00000,00000,*29
$GPNVS,6,0,A,0,0x00000,0x20,,0x00,00,,0x00000,,*05
$GPNVS,7,225224,010826,A,12,0x00,1,0,0,393233,+4.32,-4.10*51
$GPNVS,9,+10000000.000,+1.87508,+10000000.00,15,+0.000,+0.39,,+36.12,50.0,99.0,*6B
$GPNVS,10,1,0,0,+0,+0,2,100,0.5,3,2,30,1,+0,1.0,20,+6,1,2,8000*57
$GPNVS,1,225225,010826,A,N,0,N,0x00000,0x20,0x00,1,N*14
$GPNVS,2,225225,010826,0.00,0.00,0.00,0.00,0.00,0.00,0.00,0.00,*63
$GPNVS,3,225225,010826,+0.38,,,+4.32,-4.09,,,,1,+36.12,*60
$GPNVS,4,225225,010826,0.00,0.00,,,,,,,*65
$GPNVS,5,225225,010826,5C9,0,0,+36.12,00000,00000,*28
$GPNVS,6,0,A,0,0x00000,0x20,,0x00,00,,0x00000,,*05
$GPNVS,7,225225,010826,A,12,0x00,1,0,0,393233,+4.32,-4.10*50
$GPNVS,9,+10000000.000,+1.87508,+10000000.00,15,+0.000,+0.39,,+36.12,50.0,99.0,*6B
$GPNVS,10,1,0,0,+0,+0,2,100,0.5,3,2,30,1,+0,1.0,20,-14,1,2,8000*62
$GPNVS,1,225226,010826,A,N,0,N,0x00000,0x20,0x00,1,N*17
$GPNVS,2,225226,010826,0.00,0.00,0.00,0.00,0.00,0.00,0.00,0.00,*60
$GPNVS,3,225226,010826,+0.38,,,+4.32,-4.09,,,,1,+36.12,*63
$GPNVS,4,225226,010826,0.00,0.00,,,,,,,*66
$GPNVS,5,225226,010826,5C9,0,0,+36.12,00000,00000,*2B
$GPNVS,6,0,A,0,0x00000,0x20,,0x00,00,,0x00000,,*05
$GPNVS,7,225226,010826,A,12,0x00,1,0,0,393233,+4.32,-4.10*53
$GPNVS,9,+10000000.000,+1.87508,+10000000.00,15,+0.000,+0.39,,+36.12,50.0,99.0,*6B
$GPNVS,10,1,0,0,+0,+0,2,100,0.5,3,2,30,1,+0,1.0,20,-14,1,2,8000*62
$GPNVS,1,225227,010826,A,N,0,N,0x00000,0x20,0x00,1,N*16
$GPNVS,2,225227,010826,0.00,0.00,0.00,0.00,0.00,0.00,0.00,0.00,*61
$GPNVS,3,225227,010826,+0.38,,,+4.32,-4.11,,,,1,+36.12,*6B
$GPNVS,4,225227,010826,0.00,0.00,,,,,,,*67
$GPNVS,5,225227,010826,5C9,0,0,+36.12,00000,00000,*2A
$GPNVS,6,0,A,0,0x00000,0x20,,0x00,00,,0x00000,,*05
$GPNVS,7,225227,010826,A,12,0x00,1,0,0,393233,+4.32,-4.11*53
$GPNVS,9,+10000000.000,+1.87508,+10000000.00,15,+0.000,+0.39,,+36.12,50.0,99.0,*6B
$GPNVS,10,1,0,0,+0,+0,2,100,0.5,3,2,30,1,+0,1.0,20,-14,1,2,8000*62
$GPNVS,1,225228,010826,A,N,0,N,0x00000,0x20,0x00,1,N*19
$GPNVS,2,225228,010826,0.00,0.00,0.00,0.00,0.00,0.00,0.00,0.00,*6E
$GPNVS,3,225228,010826,+0.38,,,+4.32,-4.09,,,,1,+36.12,*6D
$GPNVS,4,225228,010826,0.00,0.00,,,,,,,*68
$GPNVS,5,225228,010826,5C9,0,0,+36.12,00000,00000,*25
$GPNVS,6,0,A,0,0x00000,0x20,,0x00,00,,0x00000,,*05
$GPNVS,7,225228,010826,A,12,0x00,1,0,0,393233,+4.32,-4.10*5D
$GPNVS,9,+10000000.000,+1.87508,+10000000.00,15,+0.000,+0.39,,+36.12,50.0,99.0,*6B
$GPNVS,10,1,0,0,+0,+0,2,100,0.5,3,2,30,1,+0,1.0,20,-14,1,2,8000*62
$GPNVS,1,225229,010826,A,N,0,N,0x00000,0x20,0x00,1,N*18
$GPNVS,2,225229,010826,0.00,0.00,0.00,0.00,0.00,0.00,0.00,0.00,*6F
$GPNVS,3,225229,010826,+0.38,,,+4.32,-4.09,,,,1,+36.12,*6C
$GPNVS,4,225229,010826,0.00,0.00,,,,,,,*69
$GPNVS,5,225229,010826,5C9,0,0,+36.12,00000,00000,*24
$GPNVS,6,0,A,0,0x00000,0x20,,0x00,00,,0x00000,,*05
$GPNVS,7,225229,010826,A,12,0x00,1,0,0,393233,+4.32,-4.10*5C
$GPNVS,9,+10000000.000,+1.87508,+10000000.00,15,+0.000,+0.39,,+36.12,50.0,99.0,*6B
$GPNVS,10,1,0,0,+0,+0,2,100,0.5,3,2,30,1,+0,1.0,20,-14,1,2,8000*62
$GPNVS,1,225230,010826,A,N,0,N,0x00000,0x20,0x00,1,N*10
$GPNVS,2,225230,010826,0.00,0.00,0.00,0.00,0.00,0.00,0.00,0.00,*67
$GPNVS,3,225230,010826,+0.38,,,+4.32,-4.11,,,,1,+36.12,*6D
$GPNVS,4,225230,010826,0.00,0.00,,,,,,,*61
$GPNVS,5,225230,010826,5C9,0,0,+36.12,00000,00000,*2C
$GPNVS,6,0,A,0,0x00000,0x20,,0x00,00,,0x00000,,*05
$GPNVS,7,225230,010826,A,12,0x00,-1,0,-1,393232,+4.32,-4.11*55
$GPNVS,9,+10000000.000,+1.87507,+10000000.00,15,+0.000,+0.39,,+36.12,50.0,99.0,*64
$GPNVS,10,1,0,0,+0,+0,2,100,0.5,3,2,30,1,+0,1.0,20,-14,1,2,8000*62
$GPNVS,1,225231,010826,A,N,0,N,0x00000,0x20,0x00,1,N*11
$GPNVS,2,225231,010826,0.00,0.00,0.00,0.00,0.00,0.00,0.00,0.00,*66
$GPNVS,3,225231,010826,+0.38,,,+4.32,-4.11,,,,1,+36.12,*6C
$GPNVS,4,225231,010826,0.00,0.00,,,,,,,*60
$GPNVS,5,225231,010826,5C9,0,0,+36.12,00000,00000,*2D
$GPNVS,6,0,A,0,0x00000,0x20,,0x00,00,,0x00000,,*05
$GPNVS,7,225231,010826,A,12,0x00,-1,0,0,393232,+4.32,-4.11*78
$GPNVS,9,+10000000.000,+1.87507,+10000000.00,15,+0.000,+0.39,,+36.12,50.0,99.0,*64
$GPNVS,10,1,0,0,+0,+0,2,100,0.5,3,2,30,1,+0,1.0,20,-14,1,2,8000*62
$GPNVS,1,225232,010826,A,N,0,N,0x00000,0x20,0x00,1,N*12
$GPNVS,2,225232,010826,0.00,0.00,0.00,0.00,0.00,0.00,0.00,0.00,*65
$GPNVS,3,225232,010826,+0.38,,,+4.32,-4.09,,,,1,+36.12,*66
$GPNVS,4,225232,010826,0.00,0.00,,,,,,,*63
$GPNVS,5,225232,010826,5C9,0,0,+36.12,00000,00000,*2E
$GPNVS,6,0,A,0,0x00000,0x20,,0x00,00,,0x00000,,*05
$GPNVS,7,225232,010826,A,12,0x00,-1,0,0,393232,+4.32,-4.10*7A
$GPNVS,9,+10000000.000,+1.87507,+10000000.00,15,+0.000,+0.39,,+36.12,50.0,99.0,*64
$GPNVS,10,1,0,0,+0,+0,2,100,0.5,3,2,30,1,+0,1.0,20,-14,1,2,8000*62
$GPNVS,1,225233,010826,A,N,0,N,0x00000,0x20,0x00,1,N*13
$GPNVS,2,225233,010826,0.00,0.00,0.00,0.00,0.00,0.00,0.00,0.00,*64
$GPNVS,3,225233,010826,+0.38,,,+4.32,-4.11,,,,1,+36.12,*6E
$GPNVS,4,225233,010826,0.00,0.00,,,,,,,*62
$GPNVS,5,225233,010826,5C9,0,0,+36.12,00000,00000,*2F
$GPNVS,6,0,A,0,0x00000,0x20,,0x00,00,,0x00000,,*05
$GPNVS,7,225233,010826,A,12,0x00,-1,-1,0,393232,+4.32,-4.11*56
$GPNVS,9,+10000000.001,+1.87507,+10000000.05,15,+0.000,+0.39,,+36.12,50.0,99.0,*60
$GPNVS,10,1,0,0,-5,+0,2,100,0.5,3,2,30,1,+0,1.0,20,-14,1,2,8000*61
$GPNVS,1,225234,010826,A,N,0,N,0x00000,0x20,0x00,1,N*14
$GPNVS,2,225234,010826,0.00,0.00,0.00,0.00,0.00,0.00,0.00,0.00,*63
$GPNVS,3,225234,010826,+0.38,,,+4.32,-4.09,,,,1,+36.12,*60
$GPNVS,4,225234,010826,0.00,0.00,,,,,,,*65
$GPNVS,5,225234,010826,5C9,0,0,+36.12,00000,00000,*28
$GPNVS,6,0,A,0,0x00000,0x20,,0x00,00,,0x00000,,*05
$GPNVS,7,225234,010826,A,12,0x00,-1,-1,0,393232,+4.32,-4.10*50
$GPNVS,9,+10000000.001,+1.87507,+10000000.00,15,+0.000,+0.39,,+36.12,50.0,99.0,*65
$GPNVS,10,1,0,0,-5,-5,2,100,0.5,3,2,30,1,+0,1.0,20,-14,1,2,8000*62
$GPNVS,1,225235,010826,A,N,0,N,0x00000,0x20,0x00,1,N*15
$GPNVS,2,225235,010826,0.00,0.00,0.00,0.00,0.00,0.00,0.00,0.00,*62
$GPNVS,3,225235,010826,+0.38,,,+4.32,-4.11,,,,1,+36.12,*68
$GPNVS,4,225235,010826,0.00,0.00,,,,,,,*64
$GPNVS,5,225235,010826,5C9,0,0,+36.12,00000,00000,*29
$GPNVS,6,0,A,0,0x00000,0x20,,0x00,00,,0x00000,,*05
$GPNVS,7,225235,010826,A,12,0x00,-1,0,0,393232,+4.32,-4.11*7C
$GPNVS,9,+10000000.000,+1.87507,+9999999.949,15,+0.000,+0.39,,+36.12,50.0,99.0,*68
$GPNVS,10,1,0,0,+0,+0,2,100,0.5,3,2,30,1,+0,1.0,20,-14,1,2,8000*62
$GPNVS,1,225236,010826,A,N,0,N,0x00000,0x20,0x00,1,N*16
$GPNVS,2,225236,010826,0.00,0.00,0.00,0.00,0.00,0.00,0.00,0.00,*61
$GPNVS,3,225236,010826,+0.38,,,+4.32,-4.09,,,,1,+36.12,*62
$GPNVS,4,225236,010826,0.00,0.00,,,,,,,*67
$GPNVS,5,225236,010826,5C9,0,0,+36.12,00000,00000,*2A
$GPNVS,6,0,A,0,0x00000,0x20,,0x00,00,,0x00000,,*05
$GPNVS,7,225236,010826,A,12,0x00,-1,0,0,393232,+4.32,-4.10*7E
$GPNVS,9,+10000000.000,+1.87507,+10000000.00,15,+0.000,+0.39,,+36.12,50.0,99.0,*64
$GPNVS,10,1,0,0,+0,+0,2,100,0.5,3,2,30,1,+0,1.0,20,+2,1,2,8000*53
$GPNVS,1,225237,010826,A,N,0,N,0x00000,0x20,0x00,1,N*17
$GPNVS,2,225237,010826,0.00,0.00,0.00,0.00,0.00,0.00,0.00,0.00,*60
$GPNVS,3,225237,010826,+0.38,,,+4.32,-4.11,,,,1,+36.12,*6A
$GPNVS,4,225237,010826,0.00,0.00,,,,,,,*66
$GPNVS,5,225237,010826,5C9,0,0,+36.12,00000,00000,*2B
$GPNVS,6,0,A,0,0x00000,0x20,,0x00,00,,0x00000,,*05
$GPNVS,7,225237,010826,A,12,0x00,-1,0,0,393232,+4.32,-4.11*7E
$GPNVS,9,+10000000.000,+1.87507,+10000000.00,15,+0.000,+0.39,,+36.12,50.0,99.0,*64
$GPNVS,10,1,0,0,+0,+0,2,100,0.5,3,2,30,1,+0,1.0,20,+2,1,2,8000*53
$GPNVS,99,,,*5C
$GPNVS,1,225238,010826,A,N,0,N,0x00000,0x20,0x00,1,N*18
$GPNVS,2,225238,010826,0.00,0.00,0.00,0.00,0.00,0.00,0.00,0.00,*6F
$GPNVS,3,225238,010826,+0.38,,,+4.32,-4.09,,,,1,+36.12,*6C
$GPNVS,4,225238,010826,0.00,0.00,,,,,,,*69
$GPNVS,5,225238,010826,5C9,0,0,+36.12,00000,00000,*24
$GPNVS,6,0,A,0,0x00000,0x20,,0x00,00,,0x00000,,*05
$GPNVS,7,225238,010826,A,12,0x00,-1,0,0,393232,+4.32,-4.10*70
$GPNVS,9,+10000000.000,+1.87507,+10000000.00,15,+0.000,+0.39,,+36.12,50.0,99.0,*64
$GPNVS,10,1,0,0,+0,+0,2,100,0.5,3,2,30,1,+0,1.0,20,+2,1,2,8000*53
$GPNVS,1,225239,010826,A,N,0,N,0x00000,0x20,0x00,1,N*19
$GPNVS,2,225239,010826,0.00,0.00,0.00,0.00,0.00,0.00,0.00,0.00,*6E
$GPNVS,3,225239,010826,+0.38,,,+4.32,-4.09,,,,1,+36.12,*6D
$GPNVS,4,225239,010826,0.00,0.00,,,,,,,*68
$GPNVS,5,225239,010826,5C9,0,0,+36.12,00000,00000,*25
$GPNVS,6,0,A,0,0x00000,0x20,,0x00,00,,0x00000,,*05
$GPNVS,7,225239,010826,A,12,0x00,-1,0,0,393232,+4.32,-4.10*71
$GPNVS,9,+10000000.000,+1.87507,+10000000.00,15,+0.000,+0.39,,+36.12,50.0,99.0,*64
$GPNVS,10,1,0,0,+0,+0,2,100,0.5,3,2,30,1,+0,1.0,20,+2,1,2,8000*53
$GPNVS,1,225240,010826,A,N,0,N,0x00000,0x20,0x00,1,N*17
$GPNVS,2,225240,010826,0.00,0.00,0.00,0.00,0.00,0.00,0.00,0.00,*60
$GPNVS,3,225240,010826,+0.38,,,+4.32,-4.11,,,,1,+36.12,*6A
$GPNVS,4,225240,010826,0.00,0.00,,,,,,,*66
$GPNVS,5,225240,010826,5C9,0,0,+36.12,00000,00000,*2B
$GPNVS,6,0,A,0,0x00000,0x20,,0x00,00,,0x00000,,*05
$GPNVS,7,225240,010826,A,12,0x00,-1,-1,0,393232,+4.32,-4.11*52
$GPNVS,9,+10000000.001,+1.87507,+10000000.05,15,+0.000,+0.39,,+36.12,50.0,99.0,*60
$GPNVS,10,1,0,0,-5,+0,2,100,0.5,3,2,30,1,+0,1.0,20,+2,1,2,8000*50
$GPNVS,1,225241,010826,A,N,0,N,0x00000,0x20,0x00,1,N*16
$GPNVS,2,225241,010826,0.00,0.00,0.00,0.00,0.00,0.00,0.00,0.00,*61
$GPNVS,3,225241,010826,+0.38,,,+4.32,-4.09,,,,1,+36.12,*62
$GPNVS,4,225241,010826,0.00,0.00,,,,,,,*67
$GPNVS,5,225241,010826,5C9,0,0,+36.12,00000,00000,*2A
$GPNVS,6,0,A,0,0x00000,0x20,,0x00,00,,0x00000,,*05
$GPNVS,7,225241,010826,A,12,0x00,-1,-1,0,393232,+4.32,-4.10*52
$GPNVS,9,+10000000.001,+1.87507,+10000000.00,15,+0.000,+0.39,,+36.12,50.0,99.0,*65
$GPNVS,10,1,0,0,-5,-5,2,100,0.5,3,2,30,1,+0,1.0,20,+2,1,2,8000*53
$GPNVS,1,225242,010826,A,N,0,N,0x00000,0x20,0x00,1,N*15
$GPNVS,2,225242,010826,0.00,0.00,0.00,0.00,0.00,0.00,0.00,0.00,*62
$GPNVS,3,225242,010826,+0.38,,,+4.32,-4.09,,,,1,+36.12,*61
$GPNVS,4,225242,010826,0.00,0.00,,,,,,,*64
$GPNVS,5,225242,010826,5C9,0,0,+36.12,00000,00000,*29
$GPNVS,6,0,A,0,0x00000,0x20,,0x00,00,,0x00000,,*05
$GPNVS,7,225242,010826,A,12,0x00,-1,-1,0,393232,+4.32,-4.10*51
$GPNVS,9,+10000000.001,+1.87507,+10000000.00,15,+0.000,+0.39,,+36.12,50.0,99.0,*65
$GPNVS,10,1,0,0,-5,-5,2,100,0.5,3,2,30,1,+0,1.0,20,+2,1,2,8000*53
$GPNVS,1,225243,010826,A,N,0,N,0x00000,0x20,0x00,1,N*14
$GPNVS,2,225243,010826,0.00,0.00,0.00,0.00,0.00,0.00,0.00,0.00,*63
$GPNVS,3,225243,010826,+0.38,,,+4.32,-4.11,,,,1,+36.12,*69
$GPNVS,4,225243,010826,0.00,0.00,,,,,,,*65
$GPNVS,5,225243,010826,5C9,0,0,+36.12,00000,00000,*28
$GPNVS,6,0,A,0,0x00000,0x20,,0x00,00,,0x00000,,*05
$GPNVS,7,225243,010826,A,12,0x00,-1,-1,-1,393231,+4.32,-4.11*7E
$GPNVS,9,+10000000.001,+1.87507,+10000000.00,15,+0.000,+0.39,,+36.12,50.0,99.0,*65
$GPNVS,10,1,0,0,-5,-5,2,100,0.5,3,2,30,1,-1,1.0,20,+2,1,2,8000*54
$GPNVS,1,225244,010826,A,N,0,N,0x00000,0x20,0x00,1,N*13
$GPNVS,2,225244,010826,0.00,0.00,0.00,0.00,0.00,0.00,0.00,0.00,*64
$GPNVS,3,225244,010826,+0.38,,,+4.32,-4.11,,,,1,+36.12,*6E
$GPNVS,4,225244,010826,0.00,0.00,,,,,,,*62
$GPNVS,5,225244,010826,5C9,0,0,+36.12,00000,00000,*2F
$GPNVS,6,0,A,0,0x00000,0x20,,0x00,00,,0x00000,,*05
$GPNVS,7,225244,010826,A,12,0x00,-1,-1,0,393231,+4.32,-4.11*55
$GPNVS,9,+10000000.001,+1.87507,+10000000.00,15,+0.000,+0.39,,+36.12,50.0,99.0,*65
$GPNVS,10,1,0,0,-5,-5,2,100,0.5,3,2,30,1,-1,1.0,20,+2,1,2,8000*54
$GPNVS,1,225245,010826,A,N,0,N,0x00000,0x20,0x00,1,N*12
$GPNVS,2,225245,010826,0.00,0.00,0.00,0.00,0.00,0.00,0.00,0.00,*65
$GPNVS,3,225245,010826,+0.38,,,+4.32,-4.11,,,,1,+36.12,*6F
$GPNVS,4,225245,010826,0.00,0.00,,,,,,,*63
$GPNVS,5,225245,010826,5C9,0,0,+36.12,00000,00000,*2E
$GPNVS,6,0,A,0,0x00000,0x20,,0x00,00,,0x00000,,*05
$GPNVS,7,225245,010826,A,12,0x00,-1,-1,-1,393230,+4.32,-4.11*79
$GPNVS,9,+10000000.001,+1.87506,+10000000.00,15,+0.000,+0.39,,+36.12,50.0,99.0,*64
$GPNVS,10,1,0,0,-5,-5,2,100,0.5,3,2,30,1,-1,1.0,20,+2,1,2,8000*54
$GPNVS,1,225246,010826,A,N,0,N,0x00000,0x20,0x00,1,N*11
$GPNVS,2,225246,010826,0.00,0.00,0.00,0.00,0.00,0.00,0.00,0.00,*66
$GPNVS,3,225246,010826,+0.38,,,+4.32,-4.09,,,,1,+36.12,*65
$GPNVS,4,225246,010826,0.00,0.00,,,,,,,*60
$GPNVS,5,225246,010826,5C9,0,0,+36.12,00000,00000,*2D
$GPNVS,6,0,A,0,0x00000,0x20,,0x00,00,,0x00000,,*05
$GPNVS,7,225246,010826,A,12,0x00,-1,-1,-1,393229,+4.32,-4.10*73
$GPNVS,9,+10000000.001,+1.87506,+10000000.00,15,+0.000,+0.39,,+36.12,50.0,99.0,*64
$GPNVS,10,1,0,0,-5,-5,2,100,0.5,3,2,30,1,-1,1.0,20,+2,1,2,8000*54
$GPNVS,1,225247,010826,A,N,0,N,0x00000,0x20,0x00,1,N*10
$GPNVS,2,225247,010826,0.00,0.00,0.00,0.00,0.00,0.00,0.00,0.00,*67
$GPNVS,3,225247,010826,+0.38,,,+4.32,-4.09,,,,1,+36.12,*64
$GPNVS,4,225247,010826,0.00,0.00,,,,,,,*61
$GPNVS,5,225247,010826,5C9,0,0,+36.12,00000,00000,*2C
$GPNVS,6,0,A,0,0x00000,0x20,,0x00,00,,0x00000,,*05
$GPNVS,7,225247,010826,A,12,0x00,-1,-1,0,393229,+4.32,-4.10*5E
$GPNVS,9,+10000000.001,+1.87506,+10000000.00,15,+0.000,+0.39,,+36.12,50.0,99.0,*64
$GPNVS,10,1,0,0,-5,-5,2,100,0.5,3,2,30,1,-1,1.0,20,-18,1,2,8000*69
$GPNVS,1,225248,010826,A,N,0,N,0x00000,0x20,0x00,1,N*1F
$GPNVS,2,225248,010826,0.00,0.00,0.00,0.00,0.00,0.00,0.00,0.00,*68
$GPNVS,3,225248,010826,+0.38,,,+4.32,-4.09,,,,1,+36.12,*6B
$GPNVS,4,225248,010826,0.00,0.00,,,,,,,*6E
$GPNVS,5,225248,010826,5C9,0,0,+36.12,00000,00000,*23
$GPNVS,6,0,A,0,0x00000,0x20,,0x00,00,,0x00000,,*05
$GPNVS,7,225248,010826,A,12,0x00,-1,-1,0,393229,+4.32,-4.10*51
$GPNVS,9,+10000000.001,+1.87506,+10000000.00,15,+0.000,+0.39,,+36.12,50.0,99.0,*64
$GPNVS,10,1,0,0,-5,-5,2,100,0.5,3,2,30,1,-1,1.0,20,-18,1,2,8000*69
$GPNVS,1,225249,010826,A,N,0,N,0x00000,0x20,0x00,1,N*1E
$GPNVS,2,225249,010826,0.00,0.00,0.00,0.00,0.00,0.00,0.00,0.00,*69
$GPNVS,3,225249,010826,+0.38,,,+4.32,-4.11,,,,1,+36.12,*63
$GPNVS,4,225249,010826,0.00,0.00,,,,,,,*6F
$GPNVS,5,225249,010826,5C9,0,0,+36.12,00000,00000,*22
$GPNVS,6,0,A,0,0x00000,0x20,,0x00,00,,0x00000,,*05
$GPNVS,7,225249,010826,A,12,0x00,-1,-1,-1,393228,+4.32,-4.11*7C
$GPNVS,9,+10000000.001,+1.87505,+10000000.00,15,+0.000,+0.39,,+36.12,50.0,99.0,*67
$GPNVS,10,1,0,0,-5,-5,2,100,0.5,3,2,30,1,-1,1.0,20,-18,1,2,8000*69
$GPNVS,1,225250,010826,A,N,0,N,0x00000,0x20,0x00,1,N*16
$GPNVS,2,225250,010826,0.00,0.00,0.00,0.00,0.00,0.00,0.00,0.00,*61
$GPNVS,3,225250,010826,+0.38,,,+4.32,-4.11,,,,1,+36.12,*6B
$GPNVS,4,225250,010826,0.00,0.00,,,,,,,*67
$GPNVS,5,225250,010826,5C9,0,0,+36.12,00000,00000,*2A
$GPNVS,6,0,A,0,0x00000,0x20,,0x00,00,,0x00000,,*05
$GPNVS,7,225250,010826,A,12,0x00,-1,-1,0,393228,+4.32,-4.11*58
$GPNVS,9,+10000000.001,+1.87505,+10000000.00,15,+0.000,+0.39,,+36.12,50.0,99.0,*67
$GPNVS,10,1,0,0,-5,-5,2,100,0.5,3,2,30,1,-1,1.0,20,-18,1,2,8000*69
$GPNVS,1,225251,010826,A,N,0,N,0x00000,0x20,0x00,1,N*17
$GPNVS,2,225251,010826,0.00,0.00,0.00,0.00,0.00,0.00,0.00,0.00,*60
$GPNVS,3,225251,010826,+0.38,,,+4.32,-4.09,,,,1,+36.12,*63
$GPNVS,4,225251,010826,0.00,0.00,,,,,,,*66
$GPNVS,5,225251,010826,5C9,0,0,+36.12,00000,00000,*2B
$GPNVS,6,0,A,0,0x00000,0x20,,0x00,00,,0x00000,,*05
$GPNVS,7,225251,010826,A,12,0x00,-1,-1,0,393228,+4.32,-4.10*58
$GPNVS,9,+10000000.001,+1.87505,+10000000.00,15,+0.000,+0.39,,+36.12,50.0,99.0,*67
$GPNVS,10,1,0,0,-5,-5,2,100,0.5,3,2,30,1,-1,1.0,20,-18,1,2,8000*69
$GPNVS,1,225252,010826,A,N,0,N,0x00000,0x20,0x00,1,N*14
$GPNVS,2,225252,010826,0.00,0.00,0.00,0.00,0.00,0.00,0.00,0.00,*63
$GPNVS,3,225252,010826,+0.38,,,+4.32,-4.09,,,,1,+36.12,*60
$GPNVS,4,225252,010826,0.00,0.00,,,,,,,*65
$GPNVS,5,225252,010826,5C9,0,0,+36.12,00000,00000,*28
$GPNVS,6,0,A,0,0x00000,0x20,,0x00,00,,0x00000,,*05
$GPNVS,7,225252,010826,A,12,0x00,-1,-1,-1,393227,+4.32,-4.10*78
$GPNVS,9,+10000000.001,+1.87505,+10000000.00,15,+0.000,+0.39,,+36.12,50.0,99.0,*67
$GPNVS,10,1,0,0,-5,-5,2,100,0.5,3,2,30,1,-1,1.0,20,-18,1,2,8000*69
$GPNVS,99,,,*5C
$GPNVS,1,225253,010826,A,N,0,N,0x00000,0x20,0x00,1,N*15
$GPNVS,2,225253,010826,0.00,0.00,0.00,0.00,0.00,0.00,0.00,0.00,*62
$GPNVS,3,225253,010826,+0.38,,,+4.32,-4.11,,,,1,+36.12,*68
$GPNVS,4,225253,010826,0.00,0.00,,,,,,,*64
$GPNVS,5,225253,010826,5C9,0,0,+36.12,00000,00000,*29
$GPNVS,6,0,A,0,0x00000,0x20,,0x00,00,,0x00000,,*05
$GPNVS,7,225253,010826,A,12,0x00,-1,-1,0,393227,+4.32,-4.11*54
$GPNVS,9,+10000000.001,+1.87505,+10000000.00,15,+0.000,+0.39,,+36.12,50.0,99.0,*67
$GPNVS,10,1,0,0,-5,-5,2,100,0.5,3,2,30,1,-1,1.0,20,-18,1,2,8000*69
$GPNVS,1,225254,010826,A,N,0,N,0x00000,0x20,0x00,1,N*12
$GPNVS,2,225254,010826,0.00,0.00,0.00,0.00,0.00,0.00,0.00,0.00,*65
$GPNVS,3,225254,010826,+0.38,,,+4.32,-4.09,,,,1,+36.12,*66
$GPNVS,4,225254,010826,0.00,0.00,,,,,,,*63
$GPNVS,5,225254,010826,5C9,0,0,+36.12,00000,00000,*2E
$GPNVS,6,0,A,0,0x00000,0x20,,0x00,00,,0x00000,,*05
$GPNVS,7,225254,010826,A,12,0x00,-1,-1,0,393227,+4.32,-4.10*52
$GPNVS,9,+10000000.002,+1.87505,+10000000.00,15,+0.000,+0.39,,+36.12,50.0,99.0,*64
$GPNVS,10,1,0,0,-5,-5,2,100,0.5,3,2,30,1,-1,1.0,20,-18,1,2,8000*69
$GPNVS,1,225255,010826,A,N,0,N,0x00000,0x20,0x00,1,N*13
$GPNVS,2,225255,010826,0.00,0.00,0.00,0.00,0.00,0.00,0.00,0.00,*64
$GPNVS,3,225255,010826,+0.38,,,+4.32,-4.09,,,,1,+36.12,*67
$GPNVS,4,225255,010826,0.00,0.00,,,,,,,*62
$GPNVS,5,225255,010826,5C9,0,0,+36.12,00000,00000,*2F
$GPNVS,6,0,A,0,0x00000,0x20,,0x00,00,,0x00000,,*05
$GPNVS,7,225255,010826,A,12,0x00,-1,-1,-1,393226,+4.32,-4.10*7E
$GPNVS,9,+10000000.001,+1.87504,+10000000.00,15,+0.000,+0.39,,+36.12,50.0,99.0,*66
$GPNVS,10,1,0,0,-5,-5,2,100,0.5,3,2,30,1,-1,1.0,20,-18,1,2,8000*69
$GPNVS,1,225256,010826,A,N,0,N,0x00000,0x20,0x00,1,N*10
$GPNVS,2,225256,010826,0.00,0.00,0.00,0.00,0.00,0.00,0.00,0.00,*67
$GPNVS,3,225256,010826,+0.38,,,+4.32,-4.11,,,,1,+36.12,*6D
$GPNVS,4,225256,010826,0.00,0.00,,,,,,,*61
$GPNVS,5,225256,010826,5C9,0,0,+36.12,00000,00000,*2C
$GPNVS,6,0,A,0,0x00000,0x20,,0x00,00,,0x00000,,*05
$GPNVS,7,225256,010826,A,12,0x00,-1,-1,0,393226,+4.32,-4.11*50
$GPNVS,9,+10000000.001,+1.87504,+10000000.00,15,+0.000,+0.39,,+36.12,50.0,99.0,*66
$GPNVS,10,1,0,0,-5,-5,2,100,0.5,3,2,30,1,+0,1.0,20,-18,1,2,8000*6E
$GPNVS,1,225257,010826,A,N,0,N,0x00000,0x20,0x00,1,N*11
$GPNVS,2,225257,010826,0.00,0.00,0.00,0.00,0.00,0.00,0.00,0.00,*66
$GPNVS,3,225257,010826,+0.38,,,+4.32,-4.11,,,,1,+36.12,*6C
$GPNVS,4,225257,010826,0.00,0.00,,,,,,,*60
$GPNVS,5,225257,010826,5C9,0,0,+36.12,00000,00000,*2D
$GPNVS,6,0,A,0,0x00000,0x20,,0x00,00,,0x00000,,*05
$GPNVS,7,225257,010826,A,12,0x00,-1,-1,0,393226,+4.32,-4.11*51
$GPNVS,9,+10000000.001,+1.87504,+10000000.00,15,+0.000,+0.39,,+36.12,50.0,99.0,*66
$GPNVS,10,1,0,0,-5,-5,2,100,0.5,3,2,30,1,+0,1.0,20,+18,1,2,8000*68
$GPNVS,1,225258,010826,A,N,0,N,0x00000,0x20,0x00,1,N*1E
$GPNVS,2,225258,010826,0.00,0.00,0.00,0.00,0.00,0.00,0.00,0.00,*69
$GPNVS,3,225258,010826,+0.38,,,+4.32,-4.11,,,,1,+36.12,*63
$GPNVS,4,225258,010826,0.00,0.00,,,,,,,*6F
$GPNVS,5,225258,010826,5C9,0,0,+36.12,00000,00000,*22
$GPNVS,6,0,A,0,0x00000,0x20,,0x00,00,,0x00000,,*05
$GPNVS,7,225258,010826,A,12,0x00,-1,-1,0,393226,+4.32,-4.11*5E
$GPNVS,9,+10000000.001,+1.87504,+10000000.00,15,+0.000,+0.39,,+36.12,50.0,99.0,*66
$GPNVS,10,1,0,0,-5,-5,2,100,0.5,3,2,30,1,+0,1.0,20,+18,1,2,8000*68
$GPNVS,1,225259,010826,A,N,0,N,0x00000,0x20,0x00,1,N*1F
$GPNVS,2,225259,010826,0.00,0.00,0.00,0.00,0.00,0.00,0.00,0.00,*68
$GPNVS,3,225259,010826,+0.38,,,+4.32,-4.09,,,,1,+36.12,*6B
$GPNVS,4,225259,010826,0.00,0.00,,,,,,,*6E
$GPNVS,5,225259,010826,5C9,0,0,+36.12,00000,00000,*23
$GPNVS,6,0,A,0,0x00000,0x20,,0x00,00,,0x00000,,*05
$GPNVS,7,225259,010826,A,12,0x00,-1,-1,0,393226,+4.32,-4.10*5E
$GPNVS,9,+10000000.001,+1.87504,+10000000.00,15,+0.000,+0.39,,+36.12,50.0,99.0,*66
$GPNVS,10,1,0,0,-5,-5,2,100,0.5,3,2,30,1,+0,1.0,20,+18,1,2,8000*68
$GPNVS,1,225300,010826,A,N,0,N,0x00000,0x20,0x00,1,N*12
$GPNVS,2,225300,010826,0.00,0.00,0.00,0.00,0.00,0.00,0.00,0.00,*65
$GPNVS,3,225300,010826,+0.38,,,+4.32,-4.09,,,,1,+36.12,*66
$GPNVS,4,225300,010826,0.00,0.00,,,,,,,*63
$GPNVS,5,225300,010826,5C9,0,0,+36.12,00000,00000,*2E
$GPNVS,6,0,A,0,0x00000,0x20,,0x00,00,,0x00000,,*05
$GPNVS,7,225300,010826,A,12,0x00,0,-1,0,393226,+4.32,-4.10*7F
$GPNVS,9,+10000000.001,+1.87504,+10000000.00,15,+0.000,+0.39,,+36.12,50.0,99.0,*66
$GPNVS,10,1,0,0,-5,-5,2,100,0.5,3,2,30,1,+0,1.0,20,+18,1,2,8000*68
$GPNVS,1,225301,010826,A,N,0,N,0x00000,0x20,0x00,1,N*13
$GPNVS,2,225301,010826,0.00,0.00,0.00,0.00,0.00,0.00,0.00,0.00,*64
$GPNVS,3,225301,010826,+0.38,,,+4.32,-4.11,,,,1,+36.12,*6E
$GPNVS,4,225301,010826,0.00,0.00,,,,,,,*62
$GPNVS,5,225301,010826,5C9,0,0,+36.12,00000,00000,*2F
$GPNVS,6,0,A,0,0x00000,0x20,,0x00,00,,0x00000,,*05
$GPNVS,7,225301,010826,A,12,0x00,0,-1,0,393226,+4.32,-4.11*7F
$GPNVS,9,+10000000.001,+1.87504,+10000000.00,15,+0.000,+0.39,,+36.12,50.0,99.0,*66
$GPNVS,10,1,0,0,-5,-5,2,100,0.5,3,2,30,1,+0,1.0,20,+18,1,2,8000*68
$GPNVS,1,225302,010826,A,N,0,N,0x00000,0x20,0x00,1,N*10
$GPNVS,2,225302,010826,0.00,0.00,0.00,0.00,0.00,0.00,0.00,0.00,*67
$GPNVS,3,225302,010826,+0.38,,,+4.32,-4.09,,,,1,+36.12,*64
$GPNVS,4,225302,010826,0.00,0.00,,,,,,,*61
$GPNVS,5,225302,010826,5C9,0,0,+36.12,00000,00000,*2C
$GPNVS,6,0,A,0,0x00000,0x20,,0x00,00,,0x00000,,*05
$GPNVS,7,225302,010826,A,12,0x00,0,-1,0,393226,+4.32,-4.10*7D
$GPNVS,9,+10000000.001,+1.87504,+10000000.00,15,+0.000,+0.39,,+36.12,50.0,99.0,*66
$GPNVS,10,1,0,0,-5,-5,2,100,0.5,3,2,30,1,+0,1.0,20,+18,1,2,8000*68
$GPNVS,1,225303,010826,A,N,0,N,0x00000,0x20,0x00,1,N*11
$GPNVS,2,225303,010826,0.00,0.00,0.00,0.00,0.00,0.00,0.00,0.00,*66
$GPNVS,3,225303,010826,+0.38,,,+4.32,-4.11,,,,1,+36.12,*6C
$GPNVS,4,225303,010826,0.00,0.00,,,,,,,*60
$GPNVS,5,225303,010826,5C9,0,0,+36.12,00000,00000,*2D
$GPNVS,6,0,A,0,0x00000,0x20,,0x00,00,,0x00000,,*05
$GPNVS,7,225303,010826,A,12,0x00,0,-1,0,393226,+4.32,-4.11*7D
$GPNVS,9,+10000000.001,+1.87504,+10000000.00,15,+0.000,+0.39,,+36.12,50.0,99.0,*66
$GPNVS,10,1,0,0,-5,-5,2,100,0.5,3,2,30,1,+0,1.0,20,+18,1,2,8000*68
$GPNVS,1,225304,010826,A,N,0,N,0x00000,0x20,0x00,1,N*16
$GPNVS,2,225304,010826,0.00,0.00,0.00,0.00,0.00,0.00,0.00,0.00,*61
$GPNVS,3,225304,010826,+0.38,,,+4.32,-4.09,,,,1,+36.12,*62
$GPNVS,4,225304,010826,0.00,0.00,,,,,,,*67
$GPNVS,5,225304,010826,5C9,0,0,+36.12,00000,00000,*2A
$GPNVS,6,0,A,0,0x00000,0x20,,0x00,00,,0x00000,,*05
$GPNVS,7,225304,010826,A,12,0x00,0,-1,0,393226,+4.32,-4.10*7B
$GPNVS,9,+10000000.002,+1.87504,+10000000.00,15,+0.000,+0.39,,+36.12,50.0,99.0,*65
$GPNVS,10,1,0,0,-5,-5,2,100,0.5,3,2,30,1,+0,1.0,20,+18,1,2,8000*68
$GPNVS,1,225305,010826,A,N,0,N,0x00000,0x20,0x00,1,N*17
$GPNVS,2,225305,010826,0.00,0.00,0.00,0.00,0.00,0.00,0.00,0.00,*60
$GPNVS,3,225305,010826,+0.38,,,+4.32,-4.11,,,,1,+36.12,*6A
$GPNVS,4,225305,010826,0.00,0.00,,,,,,,*66
$GPNVS,5,225305,010826,5C9,0,0,+36.12,00000,00000,*2B
$GPNVS,6,0,A,0,0x00000,0x20,,0x00,00,,0x00000,,*05
$GPNVS,7,225305,010826,A,12,0x00,0,-1,0,393226,+4.32,-4.11*7B
$GPNVS,9,+10000000.002,+1.87504,+10000000.00,15,+0.000,+0.39,,+36.12,50.0,99.0,*65
$GPNVS,10,1,0,0,-5,-5,2,100,0.5,3,2,30,1,+0,1.0,20,+18,1,2,8000*68
$GPNVS,1,225306,010826,A,N,0,N,0x00000,0x20,0x00,1,N*14
$GPNVS,2,225306,010826,0.00,0.00,0.00,0.00,0.00,0.00,0.00,0.00,*63
$GPNVS,3,225306,010826,+0.38,,,+4.32,-4.11,,,,1,+36.12,*69
$GPNVS,4,225306,010826,0.00,0.00,,,,,,,*65
$GPNVS,5,225306,010826,5C9,0,0,+36.12,00000,00000,*28
$GPNVS,6,0,A,0,0x00000,0x20,,0x00,00,,0x00000,,*05
$GPNVS,7,225306,010826,A,12,0x00,0,-1,0,393226,+4.32,-4.11*78
$GPNVS,9,+10000000.001,+1.87504,+10000000.00,15,+0.000,+0.39,,+36.12,50.0,99.0,*66
$GPNVS,10,1,0,0,-5,-5,2,100,0.5,3,2,30,1,+0,1.0,20,+18,1,2,8000*68
$GPNVS,1,225307,010826,A,N,0,N,0x00000,0x20,0x00,1,N*15
$GPNVS,2,225307,010826,0.00,0.00,0.00,0.00,0.00,0.00,0.00,0.00,*62
$GPNVS,3,225307,010826,+0.38,,,+4.32,-4.11,,,,1,+36.12,*68
$GPNVS,4,225307,010826,0.00,0.00,,,,,,,*64
$GPNVS,5,225307,010826,5C9,0,0,+36.12,00000,00000,*29
$GPNVS,6,0,A,0,0x00000,0x20,,0x00,00,,0x00000,,*05
$GPNVS,7,225307,010826,A,12,0x00,0,-1,0,393226,+4.32,-4.11*79
$GPNVS,9,+10000000.001,+1.87504,+10000000.00,15,+0.000,+0.39,,+36.12,50.0,99.0,*66
$GPNVS,10,1,0,0,-5,-5,2,100,0.5,3,2,30,1,+0,1.0,20,+18,1,2,8000*68
$GPNVS,99,,,*5C
$GPNVS,1,225308,010826,A,N,0,N,0x00000,0x20,0x00,1,N*1A
$GPNVS,2,225308,010826,0.00,0.00,0.00,0.00,0.00,0.00,0.00,0.00,*6D
$GPNVS,3,225308,010826,+0.38,,,+4.32,-4.09,,,,1,+36.12,*6E
$GPNVS,4,225308,010826,0.00,0.00,,,,,,,*6B
$GPNVS,5,225308,010826,5C9,0,0,+36.12,00000,00000,*26
$GPNVS,6,0,A,0,0x00000,0x20,,0x00,00,,0x00000,,*05
$GPNVS,7,225308,010826,A,12,0x00,0,0,0,393226,+4.32,-4.10*5B
$GPNVS,9,+10000000.000,+1.87504,+9999999.949,15,+0.000,+0.39,,+36.12,50.0,99.0,*6B
$GPNVS,10,1,0,0,+0,+0,2,100,0.5,3,2,30,1,+0,1.0,20,-2,1,2,8000*55
$GPNVS,1,225309,010826,A,N,0,N,0x00000,0x20,0x00,1,N*1B
$GPNVS,2,225309,010826,0.00,0.00,0.00,0.00,0.00,0.00,0.00,0.00,*6C
$GPNVS,3,225309,010826,+0.38,,,+4.32,-4.09,,,,1,+36.12,*6F
$GPNVS,4,225309,010826,0.00,0.00,,,,,,,*6A
$GPNVS,5,225309,010826,5C9,0,0,+36.12,00000,00000,*27
$GPNVS,6,0,A,0,0x00000,0x20,,0x00,00,,0x00000,,*05
$GPNVS,7,225309,010826,A,12,0x00,0,-1,0,393226,+4.32,-4.10*76
$GPNVS,9,+10000000.001,+1.87504,+10000000.05,15,+0.000,+0.39,,+36.12,50.0,99.0,*63
$GPNVS,10,1,0,0,-5,+0,2,100,0.5,3,2,30,1,+0,1.0,20,-2,1,2,8000*56
$GPNVS,1,225310,010826,A,N,0,N,0x00000,0x20,0x00,1,N*13
$GPNVS,2,225310,010826,0.00,0.00,0.00,0.00,0.00,0.00,0.00,0.00,*64
$GPNVS,3,225310,010826,+0.38,,,+4.32,-4.11,,,,1,+36.12,*6E
$GPNVS,4,225310,010826,0.00,0.00,,,,,,,*62
$GPNVS,5,225310,010826,5C9,0,0,+36.12,00000,00000,*2F
$GPNVS,6,0,A,0,0x00000,0x20,,0x00,00,,0x00000,,*05
$GPNVS,7,225310,010826,A,12,0x00,0,-1,0,393226,+4.32,-4.11*7F
$GPNVS,9,+10000000.001,+1.87504,+10000000.00,15,+0.000,+0.39,,+36.12,50.0,99.0,*66
$GPNVS,10,1,0,0,-5,-5,2,100,0.5,3,2,30,1,+0,1.0,20,-2,1,2,8000*55
$GPNVS,1,225311,010826,A,N,0,N,0x00000,0x20,0x00,1,N*12
$GPNVS,2,225311,010826,0.00,0.00,0.00,0.00,0.00,0.00,0.00,0.00,*65
$GPNVS,3,225311,010826,+0.38,,,+4.32,-4.11,,,,1,+36.12,*6F
$GPNVS,4,225311,010826,0.00,0.00,,,,,,,*63
$GPNVS,5,225311,010826,5C9,0,0,+36.12,00000,00000,*2E
$GPNVS,6,0,A,0,0x00000,0x20,,0x00,00,,0x00000,,*05
$GPNVS,7,225311,010826,A,12,0x00,0,-1,0,393226,+4.32,-4.11*7E
$GPNVS,9,+10000000.001,+1.87504,+10000000.00,15,+0.000,+0.39,,+36.12,50.0,99.0,*66
$GPNVS,10,1,0,0,-5,-5,2,100,0.5,3,2,30,1,+0,1.0,20,-2,1,2,8000*55
$GPNVS,1,225312,010826,A,N,0,N,0x00000,0x20,0x00,1,N*11
$GPNVS,2,225312,010826,0.00,0.00,0.00,0.00,0.00,0.00,0.00,0.00,*66
$GPNVS,3,225312,010826,+0.38,,,+4.32,-4.11,,,,1,+36.12,*6C
$GPNVS,4,225312,010826,0.00,0.00,,,,,,,*60
$GPNVS,5,225312,010826,5C9,0,0,+36.12,00000,00000,*2D
$GPNVS,6,0,A,0,0x00000,0x20,,0x00,00,,0x00000,,*05
$GPNVS,7,225312,010826,A,12,0x00,0,-1,0,393226,+4.32,-4.11*7D
$GPNVS,9,+10000000.001,+1.87504,+10000000.00,15,+0.000,+0.39,,+36.12,50.0,99.0,*66
$GPNVS,10,1,0,0,-5,-5,2,100,0.5,3,2,30,1,+0,1.0,20,-2,1,2,8000*55
$GPNVS,1,225313,010826,A,N,0,N,0x00000,0x20,0x00,1,N*10
$GPNVS,2,225313,010826,0.00,0.00,0.00,0.00,0.00,0.00,0.00,0.00,*67
$GPNVS,3,225313,010826,+0.38,,,+4.32,-4.11,,,,1,+36.12,*6D
$GPNVS,4,225313,010826,0.00,0.00,,,,,,,*61
$GPNVS,5,225313,010826,5C9,0,0,+36.12,00000,00000,*2C
$GPNVS,6,0,A,0,0x00000,0x20,,0x00,00,,0x00000,,*05
$GPNVS,7,225313,010826,A,12,0x00,0,-1,0,393226,+4.32,-4.11*7C
$GPNVS,9,+10000000.001,+1.87504,+10000000.00,15,+0.000,+0.39,,+36.12,50.0,99.0,*66
$GPNVS,10,1,0,0,-5,-5,2,100,0.5,3,2,30,1,+0,1.0,20,-2,1,2,8000*55
$GPNVS,1,225314,010826,A,N,0,N,0x00000,0x20,0x00,1,N*17
$GPNVS,2,225314,010826,0.00,0.00,0.00,0.00,0.00,0.00,0.00,0.00,*60
$GPNVS,3,225314,010826,+0.38,,,+4.32,-4.11,,,,1,+36.12,*6A
$GPNVS,4,225314,010826,0.00,0.00,,,,,,,*66
$GPNVS,5,225314,010826,5C9,0,0,+36.12,00000,00000,*2B
$GPNVS,6,0,A,0,0x00000,0x20,,0x00,00,,0x00000,,*05
$GPNVS,7,225314,010826,A,12,0x00,0,0,0,393226,+4.32,-4.11*57
$GPNVS,9,+10000000.000,+1.87504,+9999999.949,15,+0.000,+0.39,,+36.12,50.0,99.0,*6B
$GPNVS,10,1,0,0,+0,+0,2,100,0.5,3,2,30,1,+0,1.0,20,-2,1,2,8000*55
$GPNVS,1,225315,010826,A,N,0,N,0x00000,0x20,0x00,1,N*16
$GPNVS,2,225315,010826,0.00,0.00,0.00,0.00,0.00,0.00,0.00,0.00,*61
$GPNVS,3,225315,010826,+0.38,,,+4.32,-4.09,,,,1,+36.12,*62
$GPNVS,4,225315,010826,0.00,0.00,,,,,,,*67
$GPNVS,5,225315,010826,5C9,0,0,+36.12,00000,00000,*2A
$GPNVS,6,0,A,0,0x00000,0x20,,0x00,00,,0x00000,,*05
$GPNVS,7,225315,010826,A,12,0x00,1,0,1,393227,+4.32,-4.10*56
$GPNVS,9,+10000000.000,+1.87505,+10000000.00,15,+0.000,+0.39,,+36.12,50.0,99.0,*66
$GPNVS,10,1,0,0,+0,+0,2,100,0.5,3,2,30,1,+0,1.0,20,-2,1,2,8000*55
$GPNVS,1,225316,010826,A,N,0,N,0x00000,0x20,0x00,1,N*15
$GPNVS,2,225316,010826,0.00,0.00,0.00,0.00,0.00,0.00,0.00,0.00,*62
$GPNVS,3,225316,010826,+0.38,,,+4.32,-4.09,,,,1,+36.12,*61
$GPNVS,4,225316,010826,0.00,0.00,,,,,,,*64
$GPNVS,5,225316,010826,5C9,0,0,+36.12,00000,00000,*29
$GPNVS,6,0,A,0,0x00000,0x20,,0x00,00,,0x00000,,*05
$GPNVS,7,225316,010826,A,12,0x00,1,0,0,393227,+4.32,-4.10*54
$GPNVS,9,+10000000.000,+1.87505,+10000000.00,15,+0.000,+0.39,,+36.12,50.0,99.0,*66
$GPNVS,10,1,0,0,+0,+0,2,100,0.5,3,2,30,1,+0,1.0,20,-2,1,2,8000*55
$GPNVS,1,225317,010826,A,N,0,N,0x00000,0x20,0x00,1,N*14
$GPNVS,2,225317,010826,0.00,0.00,0.00,0.00,0.00,0.00,0.00,0.00,*63
$GPNVS,3,225317,010826,+0.38,,,+4.32,-4.11,,,,1,+36.12,*69
$GPNVS,4,225317,010826,0.00,0.00,,,,,,,*65
$GPNVS,5,225317,010826,5C9,0,0,+36.12,00000,00000,*28
$GPNVS,6,0,A,0,0x00000,0x20,,0x00,00,,0x00000,,*05
$GPNVS,7,225317,010826,A,12,0x00,1,0,0,393227,+4.32,-4.11*54
$GPNVS,9,+10000000.000,+1.87505,+10000000.00,15,+0.000,+0.39,,+36.12,50.0,99.0,*66
$GPNVS,10,1,0,0,+0,+0,2,100,0.5,3,2,30,1,+1,1.0,20,-2,1,2,8000*54
$GPNVS,1,225318,010826,A,N,0,N,0x00000,0x20,0x00,1,N*1B
$GPNVS,2,225318,010826,0.00,0.00,0.00,0.00,0.00,0.00,0.00,0.00,*6C
$GPNVS,3,225318,010826,+0.38,,,+4.32,-4.09,,,,1,+36.12,*6F
$GPNVS,4,225318,010826,0.00,0.00,,,,,,,*6A
$GPNVS,5,225318,010826,5C9,0,0,+36.12,00000,00000,*27
$GPNVS,6,0,A,0,0x00000,0x20,,0x00,00,,0x00000,,*05
$GPNVS,7,225318,010826,A,12,0x00,1,-1,0,393227,+4.32,-4.10*76
$GPNVS,9,+10000000.001,+1.87505,+10000000.05,15,+0.000,+0.39,,+36.12,50.0,99.0,*62
$GPNVS,10,1,0,0,-5,+0,2,100,0.5,3,2,30,1,+1,1.0,20,-2,1,2,8000*57
$GPNVS,1,225319,010826,A,N,0,N,0x00000,0x20,0x00,1,N*1A
$GPNVS,2,225319,010826,0.00,0.00,0.00,0.00,0.00,0.00,0.00,0.00,*6D
$GPNVS,3,225319,010826,+0.38,,,+4.32,-4.09,,,,1,+36.12,*6E
$GPNVS,4,225319,010826,0.00,0.00,,,,,,,*6B
$GPNVS,5,225319,010826,5C9,0,0,+36.12,00000,00000,*26
$GPNVS,6,0,A,0,0x00000,0x20,,0x00,00,,0x00000,,*05
$GPNVS,7,225319,010826,A,12,0x00,1,-1,1,393228,+4.32,-4.10*79
$GPNVS,9,+10000000.001,+1.87505,+10000000.00,15,+0.000,+0.39,,+36.12,50.0,99.0,*67
$GPNVS,10,1,0,0,-5,-5,2,100,0.5,3,2,30,1,+1,1.0,20,+14,1,2,8000*65
$GPNVS,1,225320,010826,A,N,0,N,0x00000,0x20,0x00,1,N*10
$GPNVS,2,225320,010826,0.00,0.00,0.00,0.00,0.00,0.00,0.00,0.00,*67
$GPNVS,3,225320,010826,+0.38,,,+4.32,-4.11,,,,1,+36.12,*6D
$GPNVS,4,225320,010826,0.00,0.00,,,,,,,*61
$GPNVS,5,225320,010826,5C9,0,0,+36.12,00000,00000,*2C
$GPNVS,6,0,A,0,0x00000,0x20,,0x00,00,,0x00000,,*05
$GPNVS,7,225320,010826,A,12,0x00,1,-1,0,393228,+4.32,-4.11*73
$GPNVS,9,+10000000.001,+1.87505,+10000000.00,15,+0.000,+0.39,,+36.12,50.0,99.0,*67
$GPNVS,10,1,0,0,-5,-5,2,100,0.5,3,2,30,1,+1,1.0,20,+14,1,2,8000*65
$GPNVS,1,225321,010826,A,N,0,N,0x00000,0x20,0x00,1,N*11
$GPNVS,2,225321,010826,0.00,0.00,0.00,0.00,0.00,0.00,0.00,0.00,*66
$GPNVS,3,225321,010826,+0.38,,,+4.32,-4.09,,,,1,+36.12,*65
$GPNVS,4,225321,010826,0.00,0.00,,,,,,,*60
$GPNVS,5,225321,010826,5C9,0,0,+36.12,00000,00000,*2D
$GPNVS,6,0,A,0,0x00000,0x20,,0x00,00,,0x00000,,*05
$GPNVS,7,225321,010826,A,12,0x00,1,0,0,393228,+4.32,-4.10*5F
$GPNVS,9,+10000000.000,+1.87505,+9999999.949,15,+0.000,+0.39,,+36.12,50.0,99.0,*6A
$GPNVS,10,1,0,0,+0,+0,2,100,0.5,3,2,30,1,+1,1.0,20,+14,1,2,8000*65
$GPNVS,1,225322,010826,A,N,0,N,0x00000,0x20,0x00,1,N*12
$GPNVS,2,225322,010826,0.00,0.00,0.00,0.00,0.00,0.00,0.00,0.00,*65
$GPNVS,3,225322,010826,+0.38,,,+4.32,-4.09,,,,1,+36.12,*66
$GPNVS,4,225322,010826,0.00,0.00,,,,,,,*63
$GPNVS,5,225322,010826,5C9,0,0,+36.12,00000,00000,*2E
$GPNVS,6,0,A,0,0x00000,0x20,,0x00,00,,0x00000,,*05
$GPNVS,7,225322,010826,A,12,0x00,1,-1,0,393228,+4.32,-4.10*70
$GPNVS,9,+10000000.001,+1.87505,+10000000.05,15,+0.000,+0.39,,+36.12,50.0,99.0,*62
$GPNVS,10,1,0,0,-5,+0,2,100,0.5,3,2,30,1,+0,1.0,20,+14,1,2,8000*67
$GPNVS,99,,,*5C
$GPNVS,1,225323,010826,A,N,0,N,0x00000,0x20,0x00,1,N*13
$GPNVS,2,225323,010826,0.00,0.00,0.00,0.00,0.00,0.00,0.00,0.00,*64
$GPNVS,3,225323,010826,+0.38,,,+4.32,-4.09,,,,1,+36.12,*67
$GPNVS,4,225323,010826,0.00,0.00,,,,,,,*62
$GPNVS,5,225323,010826,5C9,0,0,+36.12,00000,00000,*2F
$GPNVS,6,0,A,0,0x00000,0x20,,0x00,00,,0x00000,,*05
$GPNVS,7,225323,010826,A,12,0x00,1,-1,0,393228,+4.32,-4.10*71
$GPNVS,9,+10000000.000,+1.87505,+10000000.00,15,+0.000,+0.39,,+36.12,50.0,99.0,*66
$GPNVS,10,1,0,0,-5,-5,2,100,0.5,3,2,30,1,+0,1.0,20,+14,1,2,8000*64
$GPNVS,1,225324,010826,A,N,0,N,0x00000,0x20,0x00,1,N*14
$GPNVS,2,225324,010826,0.00,0.00,0.00,0.00,0.00,0.00,0.00,0.00,*63
$GPNVS,3,225324,010826,+0.38,,,+4.32,-4.11,,,,1,+36.12,*69
$GPNVS,4,225324,010826,0.00,0.00,,,,,,,*65
$GPNVS,5,225324,010826,5C9,0,0,+36.12,00000,00000,*28
$GPNVS,6,0,A,0,0x00000,0x20,,0x00,00,,0x00000,,*05
$GPNVS,7,225324,010826,A,12,0x00,1,-1,0,393228,+4.32,-4.11*77
$GPNVS,9,+10000000.000,+1.87505,+10000000.00,15,+0.000,+0.39,,+36.12,50.0,99.0,*66
$GPNVS,10,1,0,0,-5,-5,2,100,0.5,3,2,30,1,+0,1.0,20,+14,1,2,8000*64
$GPNVS,1,225325,010826,A,N,0,N,0x00000,0x20,0x00,1,N*15
$GPNVS,2,225325,010826,0.00,0.00,0.00,0.00,0.00,0.00,0.00,0.00,*62
$GPNVS,3,225325,010826,+0.38,,,+4.32,-4.11,,,,1,+36.12,*68
$GPNVS,4,225325,010826,0.00,0.00,,,,,,,*64
$GPNVS,5,225325,010826,5C9,0,0,+36.12,00000,00000,*29
$GPNVS,6,0,A,0,0x00000,0x20,,0x00,00,,0x00000,,*05
$GPNVS,7,225325,010826,A,12,0x00,1,-1,0,393228,+4.32,-4.11*76
$GPNVS,9,+10000000.001,+1.87505,+10000000.00,15,+0.000,+0.39,,+36.12,50.0,99.0,*67
$GPNVS,10,1,0,0,-5,-5,2,100,0.5,3,2,30,1,+0,1.0,20,+14,1,2,8000*64
$GPNVS,1,225326,010826,A,N,0,N,0x00000,0x20,0x00,1,N*16
$GPNVS,2,225326,010826,0.00,0.00,0.00,0.00,0.00,0.00,0.00,0.00,*61
$GPNVS,3,225326,010826,+0.38,,,+4.32,-4.11,,,,1,+36.12,*6B
$GPNVS,4,225326,010826,0.00,0.00,,,,,,,*67
$GPNVS,5,225326,010826,5C9,0,0,+36.12,00000,00000,*2A
$GPNVS,6,0,A,0,0x00000,0x20,,0x00,00,,0x00000,,*05
$GPNVS,7,225326,010826,A,12,0x00,1,-1,0,393228,+4.32,-4.11*75
$GPNVS,9,+10000000.001,+1.87505,+10000000.00,15,+0.000,+0.39,,+36.12,50.0,99.0,*67
$GPNVS,10,1,0,0,-5,-5,2,100,0.5,3,2,30,1,+0,1.0,20,+14,1,2,8000*64
$GPNVS,1,225327,010826,A,N,0,N,0x00000,0x20,0x00,1,N*17
$GPNVS,2,225327,010826,0.00,0.00,0.00,0.00,0.00,0.00,0.00,0.00,*60
$GPNVS,3,225327,010826,+0.38,,,+4.32,-4.11,,,,1,+36.12,*6A
$GPNVS,4,225327,010826,0.00,0.00,,,,,,,*66
$GPNVS,5,225327,010826,5C9,0,0,+36.12,00000,00000,*2B
$GPNVS,6,0,A,0,0x00000,0x20,,0x00,00,,0x00000,,*05
$GPNVS,7,225327,010826,A,12,0x00,1,-1,0,393228,+4.32,-4.11*74
$GPNVS,9,+10000000.001,+1.87505,+10000000.00,15,+0.000,+0.39,,+36.12,50.0,99.0,*67
$GPNVS,10,1,0,0,-5,-5,2,100,0.5,3,2,30,1,+0,1.0,20,+14,1,2,8000*64
$GPNVS,1,225328,010826,A,N,0,N,0x00000,0x20,0x00,1,N*18
$GPNVS,2,225328,010826,0.00,0.00,0.00,0.00,0.00,0.00,0.00,0.00,*6F
$GPNVS,3,225328,010826,+0.38,,,+4.32,-4.11,,,,1,+36.12,*65
$GPNVS,4,225328,010826,0.00,0.00,,,,,,,*69
$GPNVS,5,225328,010826,5C9,0,0,+36.12,00000,00000,*24
$GPNVS,6,0,A,0,0x00000,0x20,,0x00,00,,0x00000,,*05
$GPNVS,7,225328,010826,A,12,0x00,1,-1,0,393228,+4.32,-4.11*7B
$GPNVS,9,+10000000.001,+1.87505,+10000000.00,15,+0.000,+0.39,,+36.12,50.0,99.0,*67
$GPNVS,10,1,0,0,-5,-5,2,100,0.5,3,2,30,1,+0,1.0,20,+14,1,2,8000*64
$GPNVS,1,225329,010826,A,N,0,N,0x00000,0x20,0x00,1,N*19
$GPNVS,2,225329,010826,0.00,0.00,0.00,0.00,0.00,0.00,0.00,0.00,*6E
$GPNVS,3,225329,010826,+0.38,,,+4.32,-4.09,,,,1,+36.12,*6D
$GPNVS,4,225329,010826,0.00,0.00,,,,,,,*68
$GPNVS,5,225329,010826,5C9,0,0,+36.12,00000,00000,*25
$GPNVS,6,0,A,0,0x00000,0x20,,0x00,00,,0x00000,,*05
$GPNVS,7,225329,010826,A,12,0x00,1,-1,0,393228,+4.32,-4.10*7B
$GPNVS,9,+10000000.001,+1.87505,+10000000.00,15,+0.000,+0.39,,+36.12,50.0,99.0,*67
$GPNVS,10,1,0,0,-5,-5,2,100,0.5,3,2,30,1,+0,1.0,20,+14,1,2,8000*64
$GPNVS,1,225330,010826,A,N,0,N,0x00000,0x20,0x00,1,N*11
$GPNVS,2,225330,010826,0.00,0.00,0.00,0.00,0.00,0.00,0.00,0.00,*66
$GPNVS,3,225330,010826,+0.38,,,+4.32,-4.09,,,,1,+36.12,*65
$GPNVS,4,225330,010826,0.00,0.00,,,,,,,*60
$GPNVS,5,225330,010826,5C9,0,0,+36.12,00000,00000,*2D
$GPNVS,6,0,A,0,0x00000,0x20,,0x00,00,,0x00000,,*05
$GPNVS,7,225330,010826,A,12,0x00,-1,-1,-1,393227,+4.32,-4.10*7D
$GPNVS,9,+10000000.000,+1.87505,+10000000.00,15,+0.000,+0.39,,+36.12,50.0,99.0,*66
$GPNVS,10,1,0,0,-5,-5,2,100,0.5,3,2,30,1,-1,1.0,20,-6,1,2,8000*56
$GPNVS,1,225331,010826,A,N,0,N,0x00000,0x20,0x00,1,N*10
$GPNVS,2,225331,010826,0.00,0.00,0.00,0.00,0.00,0.00,0.00,0.00,*67
$GPNVS,3,225331,010826,+0.38,,,+4.32,-4.09,,,,1,+36.12,*64
$GPNVS,4,225331,010826,0.00,0.00,,,,,,,*61
$GPNVS,5,225331,010826,5C9,0,0,+36.12,00000,00000,*2C
$GPNVS,6,0,A,0,0x00000,0x20,,0x00,00,,0x00000,,*05
$GPNVS,7,225331,010826,A,12,0x00,-1,-1,-1,393226,+4.32,-4.10*7D
$GPNVS,9,+10000000.000,+1.87504,+10000000.00,15,+0.000,+0.39,,+36.12,50.0,99.0,*67
$GPNVS,10,1,0,0,-5,-5,2,100,0.5,3,2,30,1,-1,1.0,20,-6,1,2,8000*56
$GPNVS,1,225332,010826,A,N,0,N,0x00000,0x20,0x00,1,N*13
$GPNVS,2,225332,010826,0.00,0.00,0.00,0.00,0.00,0.00,0.00,0.00,*64
$GPNVS,3,225332,010826,+0.38,,,+4.32,-4.11,,,,1,+36.12,*6E
$GPNVS,4,225332,010826,0.00,0.00,,,,,,,*62
$GPNVS,5,225332,010826,5C9,0,0,+36.12,00000,00000,*2F
$GPNVS,6,0,A,0,0x00000,0x20,,0x00,00,,0x00000,,*05
$GPNVS,7,225332,010826,A,12,0x00,-1,-1,0,393226,+4.32,-4.11*53
$GPNVS,9,+10000000.000,+1.87504,+10000000.00,15,+0.000,+0.39,,+36.12,50.0,99.0,*67
$GPNVS,10,1,0,0,-5,-5,2,100,0.5,3,2,30,1,-1,1.0,20,-6,1,2,8000*56
$GPNVS,1,225333,010826,A,N,0,N,0x00000,0x20,0x00,1,N*12
$GPNVS,2,225333,010826,0.00,0.00,0.00,0.00,0.00,0.00,0.00,0.00,*65
$GPNVS,3,225333,010826,+0.38,,,+4.32,-4.11,,,,1,+36.12,*6F
$GPNVS,4,225333,010826,0.00,0.00,,,,,,,*63
$GPNVS,5,225333,010826,5C9,0,0,+36.12,00000,00000,*2E
$GPNVS,6,0,A,0,0x00000,0x20,,0x00,00,,0x00000,,*05
$GPNVS,7,225333,010826,A,12,0x00,-1,-1,0,393226,+4.32,-4.11*52
$GPNVS,9,+10000000.000,+1.87504,+10000000.00,15,+0.000,+0.39,,+36.12,50.0,99.0,*67
$GPNVS,10,1,0,0,-5,-5,2,100,0.5,3,2,30,1,-1,1.0,20,-6,1,2,8000*56
$GPNVS,1,225334,010826,A,N,0,N,0x00000,0x20,0x00,1,N*15
$GPNVS,2,225334,010826,0.00,0.00,0.00,0.00,0.00,0.00,0.00,0.00,*62
$GPNVS,3,225334,010826,+0.38,,,+4.32,-4.11,,,,1,+36.12,*68
$GPNVS,4,225334,010826,0.00,0.00,,,,,,,*64
$GPNVS,5,225334,010826,5C9,0,0,+36.12,00000,00000,*29
$GPNVS,6,0,A,0,0x00000,0x20,,0x00,00,,0x00000,,*05
$GPNVS,7,225334,010826,A,12,0x00,-1,-1,-1,393225,+4.32,-4.11*7A
$GPNVS,9,+10000000.000,+1.87504,+10000000.00,15,+0.000,+0.39,,+36.12,50.0,99.0,*67
$GPNVS,10,1,0,0,-5,-5,2,100,0.5,3,2,30,1,-1,1.0,20,-6,1,2,8000*56
$GPNVS,1,225335,010826,A,N,0,N,0x00000,0x20,0x00,1,N*14
$GPNVS,2,225335,010826,0.00,0.00,0.00,0.00,0.00,0.00,0.00,0.00,*63
$GPNVS,3,225335,010826,+0.38,,,+4.32,-4.11,,,,1,+36.12,*69
$GPNVS,4,225335,010826,0.00,0.00,,,,,,,*65
$GPNVS,5,225335,010826,5C9,0,0,+36.12,00000,00000,*28
$GPNVS,6,0,A,0,0x00000,0x20,,0x00,00,,0x00000,,*05
$GPNVS,7,225335,010826,A,12,0x00,-1,-1,0,393225,+4.32,-4.11*57
$GPNVS,9,+10000000.000,+1.87504,+10000000.00,15,+0.000,+0.39,,+36.12,50.0,99.0,*67
$GPNVS,10,1,0,0,-5,-5,2,100,0.5,3,2,30,1,+0,1.0,20,-6,1,2,8000*51
$GPNVS,1,225336,010826,A,N,0,N,0x00000,0x20,0x00,1,N*17
$GPNVS,2,225336,010826,0.00,0.00,0.00,0.00,0.00,0.00,0.00,0.00,*60
$GPNVS,3,225336,010826,+0.38,,,+4.32,-4.11,,,,1,+36.12,*6A
$GPNVS,4,225336,010826,0.00,0.00,,,,,,,*66
$GPNVS,5,225336,010826,5C9,0,0,+36.12,00000,00000,*2B
$GPNVS,6,0,A,0,0x00000,0x20,,0x00,00,,0x00000,,*05
$GPNVS,7,225336,010826,A,12,0x00,-1,-1,0,393225,+4.32,-4.11*54
$GPNVS,9,+10000000.000,+1.87504,+10000000.00,15,+0.000,+0.39,,+36.12,50.0,99.0,*67
$GPNVS,10,1,0,0,-5,-5,2,100,0.5,3,2,30,1,+0,1.0,20,-6,1,2,8000*51
$GPNVS,1,225337,010826,A,N,0,N,0x00000,0x20,0x00,1,N*16
$GPNVS,2,225337,010826,0.00,0.00,0.00,0.00,0.00,0.00,0.00,0.00,*61
$GPNVS,3,225337,010826,+0.38,,,+4.32,-4.09,,,,1,+36.12,*62
$GPNVS,4,225337,010826,0.00,0.00,,,,,,,*67
$GPNVS,5,225337,010826,5C9,0,0,+36.12,00000,00000,*2A
$GPNVS,6,0,A,0,0x00000,0x20,,0x00,00,,0x00000,,*05
$GPNVS,7,225337,010826,A,12,0x00,-1,-1,0,393225,+4.32,-4.10*54
$GPNVS,9,+10000000.000,+1.87504,+10000000.00,15,+0.000,+0.39,,+36.12,50.0,99.0,*67
$GPNVS,10,1,0,0,-5,-5,2,100,0.5,3,2,30,1,+0,1.0,20,-6,1,2,8000*51
$GPNVS,99,,,*5C
$GPNVS,1,225338,010826,A,N,0,N,0x00000,0x20,0x00,1,N*19
$GPNVS,2,225338,010826,0.00,0.00,0.00,0.00,0.00,0.00,0.00,0.00,*6E
$GPNVS,3,225338,010826,+0.38,,,+4.32,-4.09,,,,1,+36.12,*6D
$GPNVS,4,225338,010826,0.00,0.00,,,,,,,*68
$GPNVS,5,225338,010826,5C9,0,0,+36.12,00000,00000,*25
$GPNVS,6,0,A,0,0x00000,0x20,,0x00,00,,0x00000,,*05
$GPNVS,7,225338,010826,A,12,0x00,-1,-1,0,393225,+4.32,-4.10*5B
$GPNVS,9,+10000000.000,+1.87504,+10000000.00,15,+0.000,+0.39,,+36.12,50.0,99.0,*67
$GPNVS,10,1,0,0,-5,-5,2,100,0.5,3,2,30,1,+0,1.0,20,-6,1,2,8000*51
$GPNVS,1,225339,010826,A,N,0,N,0x00000,0x20,0x00,1,N*18
$GPNVS,2,225339,010826,0.00,0.00,0.00,0.00,0.00,0.00,0.00,0.00,*6F
$GPNVS,3,225339,010826,+0.38,,,+4.32,-4.09,,,,1,+36.12,*6C
$GPNVS,4,225339,010826,0.00,0.00,,,,,,,*69
$GPNVS,5,225339,010826,5C9,0,0,+36.12,00000,00000,*24
$GPNVS,6,0,A,0,0x00000,0x20,,0x00,00,,0x00000,,*05
$GPNVS,7,225339,010826,A,12,0x00,-1,-1,0,393225,+4.32,-4.10*5A
$GPNVS,9,+10000000.000,+1.87504,+10000000.00,15,+0.000,+0.39,,+36.12,50.0,99.0,*67
$GPNVS,10,1,0,0,-5,-5,2,100,0.5,3,2,30,1,+0,1.0,20,-6,1,2,8000*51
$GPNVS,1,225340,010826,A,N,0,N,0x00000,0x20,0x00,1,N*16
$GPNVS,2,225340,010826,0.00,0.00,0.00,0.00,0.00,0.00,0.00,0.00,*61
$GPNVS,3,225340,010826,+0.38,,,+4.32,-4.11,,,,1,+36.12,*6B
$GPNVS,4,225340,010826,0.00,0.00,,,,,,,*67
$GPNVS,5,225340,010826,5C9,0,0,+36.12,00000,00000,*2A
$GPNVS,6,0,A,0,0x00000,0x20,,0x00,00,,0x00000,,*05
$GPNVS,7,225340,010826,A,12,0x00,-1,-1,0,393225,+4.32,-4.11*55
$GPNVS,9,+10000000.000,+1.87504,+10000000.00,15,+0.000,+0.39,,+36.12,50.0,99.0,*67
$GPNVS,10,1,0,0,-5,-5,2,100,0.5,3,2,30,1,+0,1.0,20,+10,1,2,8000*60
$GPNVS,1,225341,010826,A,N,0,N,0x00000,0x20,0x00,1,N*17
$GPNVS,2,225341,010826,0.00,0.00,0.00,0.00,0.00,0.00,0.00,0.00,*60
$GPNVS,3,225341,010826,+0.38,,,+4.32,-4.09,,,,1,+36.12,*63
$GPNVS,4,225341,010826,0.00,0.00,,,,,,,*66
$GPNVS,5,225341,010826,5C9,0,0,+36.12,00000,00000,*2B
$GPNVS,6,0,A,0,0x00000,0x20,,0x00,00,,0x00000,,*05
$GPNVS,7,225341,010826,A,12,0x00,-1,-1,0,393225,+4.32,-4.10*55
$GPNVS,9,+10000000.000,+1.87504,+10000000.00,15,+0.000,+0.39,,+36.12,50.0,99.0,*67
$GPNVS,10,1,0,0,-5,-5,2,100,0.5,3,2,30,1,+0,1.0,20,+10,1,2,8000*60
$GPNVS,1,225342,010826,A,N,0,N,0x00000,0x20,0x00,1,N*14
$GPNVS,2,225342,010826,0.00,0.00,0.00,0.00,0.00,0.00,0.00,0.00,*63
$GPNVS,3,225342,010826,+0.38,,,+4.32,-4.09,,,,1,+36.12,*60
$GPNVS,4,225342,010826,0.00,0.00,,,,,,,*65
$GPNVS,5,225342,010826,5C9,0,0,+36.12,00000,00000,*28
$GPNVS,6,0,A,0,0x00000,0x20,,0x00,00,,0x00000,,*05
$GPNVS,7,225342,010826,A,12,0x00,-1,-1,0,393225,+4.32,-4.10*56
$GPNVS,9,+10000000.000,+1.87504,+10000000.00,15,+0.000,+0.39,,+36.12,50.0,99.0,*67
$GPNVS,10,1,0,0,-5,-5,2,100,0.5,3,2,30,1,+0,1.0,20,+10,1,2,8000*60
$GPNVS,1,225343,010826,A,N,0,N,0x00000,0x20,0x00,1,N*15
$GPNVS,2,225343,010826,0.00,0.00,0.00,0.00,0.00,0.00,0.00,0.00,*62
$GPNVS,3,225343,010826,+0.38,,,+4.32,-4.09,,,,1,+36.12,*61
$GPNVS,4,225343,010826,0.00,0.00,,,,,,,*64
$GPNVS,5,225343,010826,5C9,0,0,+36.12,00000,00000,*29
$GPNVS,6,0,A,0,0x00000,0x20,,0x00,00,,0x00000,,*05
$GPNVS,7,225343,010826,A,12,0x00,-1,-1,0,393225,+4.32,-4.10*57
$GPNVS,9,+10000000.000,+1.87504,+10000000.00,15,+0.000,+0.39,,+36.12,50.0,99.0,*67
$GPNVS,10,1,0,0,-5,-5,2,100,0.5,3,2,30,1,+0,1.0,20,+10,1,2,8000*60
$GPNVS,1,225344,010826,A,N,0,N,0x00000,0x20,0x00,1,N*12
$GPNVS,2,225344,010826,0.00,0.00,0.00,0.00,0.00,0.00,0.00,0.00,*65
$GPNVS,3,225344,010826,+0.38,,,+4.32,-4.09,,,,1,+36.12,*66
$GPNVS,4,225344,010826,0.00,0.00,,,,,,,*63
$GPNVS,5,225344,010826,5C9,0,0,+36.12,00000,00000,*2E
$GPNVS,6,0,A,0,0x00000,0x20,,0x00,00,,0x00000,,*05
$GPNVS,7,225344,010826,A,12,0x00,-1,-1,0,393225,+4.32,-4.10*50
$GPNVS,9,+10000000.000,+1.87504,+10000000.00,15,+0.000,+0.39,,+36.12,50.0,99.0,*67
$GPNVS,10,1,0,0,-5,-5,2,100,0.5,3,2,30,1,+0,1.0,20,+10,1,2,8000*60
$GPNVS,1,225345,010826,A,N,0,N,0x00000,0x20,0x00,1,N*13
$GPNVS,2,225345,010826,0.00,0.00,0.00,0.00,0.00,0.00,0.00,0.00,*64
$GPNVS,3,225345,010826,+0.38,,,+4.32,-4.09,,,,1,+36.12,*67
$GPNVS,4,225345,010826,0.00,0.00,,,,,,,*62
$GPNVS,5,225345,010826,5C9,0,0,+36.12,00000,00000,*2F
$GPNVS,6,0,A,0,0x00000,0x20,,0x00,00,,0x00000,,*05
$GPNVS,7,225345,010826,A,12,0x00,0,-1,0,393225,+4.32,-4.10*7D
$GPNVS,9,+10000000.000,+1.87504,+10000000.00,15,+0.000,+0.39,,+36.12,50.0,99.0,*67
$GPNVS,10,1,0,0,-5,-5,2,100,0.5,3,2,30,1,+0,1.0,20,+10,1,2,8000*60
$GPNVS,1,225346,010826,A,N,0,N,0x00000,0x20,0x00,1,N*10
$GPNVS,2,225346,010826,0.00,0.00,0.00,0.00,0.00,0.00,0.00,0.00,*67
$GPNVS,3,225346,010826,+0.38,,,+4.32,-4.11,,,,1,+36.12,*6D
$GPNVS,4,225346,010826,0.00,0.00,,,,,,,*61
$GPNVS,5,225346,010826,5C9,0,0,+36.12,00000,00000,*2C
$GPNVS,6,0,A,0,0x00000,0x20,,0x00,00,,0x00000,,*05
$GPNVS,7,225346,010826,A,12,0x00,0,-1,0,393225,+4.32,-4.11*7F
$GPNVS,9,+10000000.000,+1.87504,+10000000.00,15,+0.000,+0.39,,+36.12,50.0,99.0,*67
$GPNVS,10,1,0,0,-5,-5,2,100,0.5,3,2,30,1,+0,1.0,20,+10,1,2,8000*60
$GPNVS,1,225347,010826,A,N,0,N,0x00000,0x20,0x00,1,N*11
$GPNVS,2,225347,010826,0.00,0.00,0.00,0.00,0.00,0.00,0.00,0.00,*66
$GPNVS,3,225347,010826,+0.38,,,+4.32,-4.09,,,,1,+36.12,*65
$GPNVS,4,225347,010826,0.00,0.00,,,,,,,*60
$GPNVS,5,225347,010826,5C9,0,0,+36.12,00000,00000,*2D
$GPNVS,6,0,A,0,0x00000,0x20,,0x00,00,,0x00000,,*05
$GPNVS,7,225347,010826,A,12,0x00,0,-1,0,393225,+4.32,-4.10*7F
$GPNVS,9,+10000000.000,+1.87504,+10000000.00,15,+0.000,+0.39,,+36.12,50.0,99.0,*67
$GPNVS,10,1,0,0,-5,-5,2,100,0.5,3,2,30,1,+0,1.0,20,+10,1,2,8000*60
$GPNVS,1,225348,010826,A,N,0,N,0x00000,0x20,0x00,1,N*1E
$GPNVS,2,225348,010826,0.00,0.00,0.00,0.00,0.00,0.00,0.00,0.00,*69
$GPNVS,3,225348,010826,+0.38,,,+4.32,-4.09,,,,1,+36.12,*6A
$GPNVS,4,225348,010826,0.00,0.00,,,,,,,*6F
$GPNVS,5,225348,010826,5C9,0,0,+36.12,00000,00000,*22
$GPNVS,6,0,A,0,0x00000,0x20,,0x00,00,,0x00000,,*05
$GPNVS,7,225348,010826,A,12,0x00,0,-1,0,393225,+4.32,-4.10*70
$GPNVS,9,+10000000.000,+1.87504,+10000000.00,15,+0.000,+0.39,,+36.12,50.0,99.0,*67
$GPNVS,10,1,0,0,-5,-5,2,100,0.5,3,2,30,1,+0,1.0,20,+10,1,2,8000*60
$GPNVS,1,225349,010826,A,N,0,N,0x00000,0x20,0x00,1,N*1F
$GPNVS,2,225349,010826,0.00,0.00,0.00,0.00,0.00,0.00,0.00,0.00,*68
$GPNVS,3,225349,010826,+0.38,,,+4.32,-4.11,,,,1,+36.12,*62
$GPNVS,4,225349,010826,0.00,0.00,,,,,,,*6E
$GPNVS,5,225349,010826,5C9,0,0,+36.12,00000,00000,*23
$GPNVS,6,0,A,0,0x00000,0x20,,0x00,00,,0x00000,,*05
$GPNVS,7,225349,010826,A,12,0x00,0,-1,0,393225,+4.32,-4.11*70
$GPNVS,9,+10000000.000,+1.87504,+10000000.00,15,+0.000,+0.39,,+36.12,50.0,99.0,*67
$GPNVS,10,1,0,0,-5,-5,2,100,0.5,3,2,30,1,+0,1.0,20,+10,1,2,8000*60
$GPNVS,1,225350,010826,A,N,0,N,0x00000,0x20,0x00,1,N*17
$GPNVS,2,225350,010826,0.00,0.00,0.00,0.00,0.00,0.00,0.00,0.00,*60
$GPNVS,3,225350,010826,+0.38,,,+4.32,-4.09,,,,1,+36.12,*63
$GPNVS,4,225350,010826,0.00,0.00,,,,,,,*66
$GPNVS,5,225350,010826,5C9,0,0,+36.12,00000,00000,*2B
$GPNVS,6,0,A,0,0x00000,0x20,,0x00,00,,0x00000,,*05
$GPNVS,7,225350,010826,A,12,0x00,0,-1,0,393225,+4.32,-4.10*79
$GPNVS,9,+10000000.000,+1.87504,+10000000.00,15,+0.000,+0.39,,+36.12,50.0,99.0,*67
$GPNVS,10,1,0,0,-5,-5,2,100,0.5,3,2,30,1,+0,1.0,20,+10,1,2,8000*60
$GPNVS,1,225351,010826,A,N,0,N,0x00000,0x20,0x00,1,N*16
$GPNVS,2,225351,010826,0.00,0.00,0.00,0.00,0.00,0.00,0.00,0.00,*61
$GPNVS,3,225351,010826,+0.38,,,+4.32,-4.09,,,,1,+36.12,*62
$GPNVS,4,225351,010826,0.00,0.00,,,,,,,*67
$GPNVS,5,225351,010826,5C9,0,0,+36.12,00000,00000,*2A
$GPNVS,6,0,A,0,0x00000,0x20,,0x00,00,,0x00000,,*05
$GPNVS,7,225351,010826,A,12,0x00,0,-1,0,393225,+4.32,-4.10*78
$GPNVS,9,+10000000.000,+1.87504,+10000000.00,15,+0.000,+0.39,,+36.12,50.0,99.0,*67
$GPNVS,10,1,0,0,-5,-5,2,100,0.5,3,2,30,1,+0,1.0,20,-10,1,2,8000*66
$GPNVS,1,225352,010826,A,N,0,N,0x00000,0x20,0x00,1,N*15
$GPNVS,2,225352,010826,0.00,0.00,0.00,0.00,0.00,0.00,0.00,0.00,*62
$GPNVS,3,225352,010826,+0.38,,,+4.32,-4.09,,,,1,+35.80,*69
$GPNVS,4,225352,010826,0.00,0.00,,,,,,,*64
$GPNVS,5,225352,010826,5C9,0,0,+35.80,00000,00000,*21
$GPNVS,6,0,A,0,0x00000,0x20,,0x00,00,,0x00000,,*05
$GPNVS,7,225352,010826,A,12,0x00,0,-1,0,393225,+4.32,-4.10*7B
$GPNVS,9,+10000000.000,+1.87504,+10000000.00,15,+0.000,+0.39,,+35.80,50.0,99.0,*6F
$GPNVS,10,1,0,0,-5,-5,2,100,0.5,3,2,30,1,+0,1.0,20,-10,1,2,8000*66
$GPNVS,99,,,*5C
$GPNVS,1,225353,010826,A,N,0,N,0x00000,0x20,0x00,1,N*14
$GPNVS,2,225353,010826,0.00,0.00,0.00,0.00,0.00,0.00,0.00,0.00,*63
$GPNVS,3,225353,010826,+0.38,,,+4.32,-4.11,,,,1,+36.12,*69
$GPNVS,4,225353,010826,0.00,0.00,,,,,,,*65
$GPNVS,5,225353,010826,5C9,0,0,+36.12,00000,00000,*28
$GPNVS,6,0,A,0,0x00000,0x20,,0x00,00,,0x00000,,*05
$GPNVS,7,225353,010826,A,12,0x00,0,-1,0,393225,+4.32,-4.11*7B
$GPNVS,9,+10000000.000,+1.87504,+10000000.00,15,+0.000,+0.39,,+36.12,50.0,99.0,*67
$GPNVS,10,1,0,0,-5,-5,2,100,0.5,3,2,30,1,+0,1.0,20,-10,1,2,8000*66
$GPNVS,1,225354,010826,A,N,0,N,0x00000,0x20,0x00,1,N*13
$GPNVS,2,225354,010826,0.00,0.00,0.00,0.00,0.00,0.00,0.00,0.00,*64
$GPNVS,3,225354,010826,+0.38,,,+4.32,-4.09,,,,1,+35.80,*6F
$GPNVS,4,225354,010826,0.00,0.00,,,,,,,*62
$GPNVS,5,225354,010826,5C9,0,0,+35.80,00000,00000,*27
$GPNVS,6,0,A,0,0x00000,0x20,,0x00,00,,0x00000,,*05
$GPNVS,7,225354,010826,A,12,0x00,0,-1,0,393225,+4.32,-4.10*7D
$GPNVS,9,+10000000.000,+1.87504,+10000000.00,15,+0.000,+0.39,,+35.80,50.0,99.0,*6F
$GPNVS,10,1,0,0,-5,-5,2,100,0.5,3,2,30,1,+0,1.0,20,-10,1,2,8000*66
$GPNVS,1,225355,010826,A,N,0,N,0x00000,0x20,0x00,1,N*12
$GPNVS,2,225355,010826,0.00,0.00,0.00,0.00,0.00,0.00,0.00,0.00,*65
$GPNVS,3,225355,010826,+0.38,,,+4.32,-4.11,,,,1,+36.12,*6F
$GPNVS,4,225355,010826,0.00,0.00,,,,,,,*63
$GPNVS,5,225355,010826,5C9,0,0,+36.12,00000,00000,*2E
$GPNVS,6,0,A,0,0x00000,0x20,,0x00,00,,0x00000,,*05
$GPNVS,7,225355,010826,A,12,0x00,0,-1,0,393225,+4.32,-4.11*7D
$GPNVS,9,+10000000.000,+1.87504,+10000000.00,15,+0.000,+0.39,,+36.12,50.0,99.0,*67
$GPNVS,10,1,0,0,-5,-5,2,100,0.5,3,2,30,1,+0,1.0,20,-10,1,2,8000*66
$GPNVS,1,225356,010826,A,N,0,N,0x00000,0x20,0x00,1,N*11
$GPNVS,2,225356,010826,0.00,0.00,0.00,0.00,0.00,0.00,0.00,0.00,*66
$GPNVS,3,225356,010826,+0.38,,,+4.32,-4.11,,,,1,+36.12,*6C
$GPNVS,4,225356,010826,0.00,0.00,,,,,,,*60
$GPNVS,5,225356,010826,5C9,0,0,+36.12,00000,00000,*2D
$GPNVS,6,0,A,0,0x00000,0x20,,0x00,00,,0x00000,,*05
$GPNVS,7,225356,010826,A,12,0x00,0,0,0,393225,+4.32,-4.11*52
$GPNVS,9,+9999999.9989,+1.87504,+9999999.949,15,+0.000,+0.39,,+36.12,50.0,99.0,*62
$GPNVS,10,1,0,0,+0,+0,2,100,0.5,3,2,30,1,+0,1.0,20,-10,1,2,8000*66
$GPNVS,1,225357,010826,A,N,0,N,0x00000,0x20,0x00,1,N*10
$GPNVS,2,225357,010826,0.00,0.00,0.00,0.00,0.00,0.00,0.00,0.00,*67
$GPNVS,3,225357,010826,+0.38,,,+4.32,-4.09,,,,1,+36.12,*64
$GPNVS,4,225357,010826,0.00,0.00,,,,,,,*61
$GPNVS,5,225357,010826,5C9,0,0,+36.12,00000,00000,*2C
$GPNVS,6,0,A,0,0x00000,0x20,,0x00,00,,0x00000,,*05
$GPNVS,7,225357,010826,A,12,0x00,0,-1,0,393225,+4.32,-4.10*7E
$GPNVS,9,+10000000.000,+1.87504,+10000000.05,15,+0.000,+0.39,,+36.12,50.0,99.0,*62
$GPNVS,10,1,0,0,-5,+0,2,100,0.5,3,2,30,1,+0,1.0,20,-10,1,2,8000*65
$GPNVS,1,225358,010826,A,N,0,N,0x00000,0x20,0x00,1,N*1F
$GPNVS,2,225358,010826,0.00,0.00,0.00,0.00,0.00,0.00,0.00,0.00,*68
$GPNVS,3,225358,010826,+0.38,,,+4.32,-4.09,,,,1,+36.12,*6B
$GPNVS,4,225358,010826,0.00,0.00,,,,,,,*6E
$GPNVS,5,225358,010826,5C9,0,0,+36.12,00000,00000,*23
$GPNVS,6,0,A,0,0x00000,0x20,,0x00,00,,0x00000,,*05
$GPNVS,7,225358,010826,A,12,0x00,0,-1,0,393225,+4.32,-4.10*71
$GPNVS,9,+10000000.001,+1.87504,+10000000.00,15,+0.000,+0.39,,+36.12,50.0,99.0,*66
$GPNVS,10,1,0,0,-5,-5,2,100,0.5,3,2,30,1,+0,1.0,20,-10,1,2,8000*66
$GPNVS,1,225359,010826,A,N,0,N,0x00000,0x20,0x00,1,N*1E
$GPNVS,2,225359,010826,0.00,0.00,0.00,0.00,0.00,0.00,0.00,0.00,*69
$GPNVS,3,225359,010826,+0.38,,,+4.32,-4.11,,,,1,+36.12,*63
$GPNVS,4,225359,010826,0.00,0.00,,,,,,,*6F
$GPNVS,5,225359,010826,5C9,0,0,+36.12,00000,00000,*22
$GPNVS,6,0,A,0,0x00000,0x20,,0x00,00,,0x00000,,*05
$GPNVS,7,225359,010826,A,12,0x00,0,-1,0,393225,+4.32,-4.11*71
$GPNVS,9,+10000000.000,+1.87504,+10000000.00,15,+0.000,+0.39,,+36.12,50.0,99.0,*67
$GPNVS,10,1,0,0,-5,-5,2,100,0.5,3,2,30,1,+0,1.0,20,-10,1,2,8000*66
$GPNVS,1,225400,010826,A,N,0,N,0x00000,0x20,0x00,1,N*15
$GPNVS,2,225400,010826,0.00,0.00,0.00,0.00,0.00,0.00,0.00,0.00,*62
$GPNVS,3,225400,010826,+0.38,,,+4.32,-4.09,,,,1,+36.12,*61
$GPNVS,4,225400,010826,0.00,0.00,,,,,,,*64
$GPNVS,5,225400,010826,5C9,0,0,+36.12,00000,00000,*29
$GPNVS,6,0,A,0,0x00000,0x20,,0x00,00,,0x00000,,*05
$GPNVS,7,225400,010826,A,12,0x00,0,-1,0,393225,+4.32,-4.10*7B
$GPNVS,9,+10000000.000,+1.87504,+10000000.00,15,+0.000,+0.39,,+36.12,50.0,99.0,*67
$GPNVS,10,1,0,0,-5,-5,2,100,0.5,3,2,30,1,+0,1.0,20,-10,1,2,8000*66
$GPNVS,1,225401,010826,A,N,0,N,0x00000,0x20,0x00,1,N*14
$GPNVS,2,225401,010826,0.00,0.00,0.00,0.00,0.00,0.00,0.00,0.00,*63
$GPNVS,3,225401,010826,+0.38,,,+4.32,-4.11,,,,1,+35.80,*61
$GPNVS,4,225401,010826,0.00,0.00,,,,,,,*65
$GPNVS,5,225401,010826,5C9,0,0,+35.80,00000,00000,*20
$GPNVS,6,0,A,0,0x00000,0x20,,0x00,00,,0x00000,,*05
$GPNVS,7,225401,010826,A,12,0x00,0,-1,0,393225,+4.32,-4.11*7B
$GPNVS,9,+10000000.000,+1.87504,+10000000.00,15,+0.000,+0.39,,+35.80,50.0,99.0,*6F
$GPNVS,10,1,0,0,-5,-5,2,100,0.5,3,2,30,1,+0,1.0,20,-10,1,2,8000*66
$GPNVS,1,225402,010826,A,N,0,N,0x00000,0x20,0x00,1,N*17
$GPNVS,2,225402,010826,0.00,0.00,0.00,0.00,0.00,0.00,0.00,0.00,*60
$GPNVS,3,225402,010826,+0.38,,,+4.32,-4.11,,,,1,+36.12,*6A
$GPNVS,4,225402,010826,0.00,0.00,,,,,,,*66
$GPNVS,5,225402,010826,5C9,0,0,+36.12,00000,00000,*2B
$GPNVS,6,0,A,0,0x00000,0x20,,0x00,00,,0x00000,,*05
$GPNVS,7,225402,010826,A,12,0x00,0,-1,0,393225,+4.32,-4.11*78
$GPNVS,9,+10000000.000,+1.87504,+10000000.00,15,+0.000,+0.39,,+36.12,50.0,99.0,*67
$GPNVS,10,1,0,0,-5,-5,2,100,0.5,3,2,30,1,+0,1.0,20,+6,1,2,8000*57
$GPNVS,1,225403,010826,A,N,0,N,0x00000,0x20,0x00,1,N*16
$GPNVS,2,225403,010826,0.00,0.00,0.00,0.00,0.00,0.00,0.00,0.00,*61
$GPNVS,3,225403,010826,+0.38,,,+4.32,-4.09,,,,1,+35.80,*6A
$GPNVS,4,225403,010826,0.00,0.00,,,,,,,*67
$GPNVS,5,225403,010826,5C9,0,0,+35.80,00000,00000,*22
$GPNVS,6,0,A,0,0x00000,0x20,,0x00,00,,0x00000,,*05
$GPNVS,7,225403,010826,A,12,0x00,0,-1,0,393225,+4.32,-4.10*78
$GPNVS,9,+10000000.000,+1.87504,+10000000.00,15,+0.000,+0.39,,+35.80,50.0,99.0,*6F
$GPNVS,10,1,0,0,-5,-5,2,100,0.5,3,2,30,1,+0,1.0,20,+6,1,2,8000*57
$GPNVS,1,225404,010826,A,N,0,N,0x00000,0x20,0x00,1,N*11
$GPNVS,2,225404,010826,0.00,0.00,0.00,0.00,0.00,0.00,0.00,0.00,*66
$GPNVS,3,225404,010826,+0.38,,,+4.32,-4.11,,,,1,+35.80,*64
$GPNVS,4,225404,010826,0.00,0.00,,,,,,,*60
$GPNVS,5,225404,010826,5C9,0,0,+35.80,00000,00000,*25
$GPNVS,6,0,A,0,0x00000,0x20,,0x00,00,,0x00000,,*05
$GPNVS,7,225404,010826,A,12,0x00,0,-1,0,393225,+4.32,-4.11*7E
$GPNVS,9,+10000000.001,+1.87504,+10000000.00,15,+0.000,+0.39,,+35.80,50.0,99.0,*6E
$GPNVS,10,1,0,0,-5,-5,2,100,0.5,3,2,30,1,+0,1.0,20,+6,1,2,8000*57
$GPNVS,1,225405,010826,A,N,0,N,0x00000,0x20,0x00,1,N*10
$GPNVS,2,225405,010826,0.00,0.00,0.00,0.00,0.00,0.00,0.00,0.00,*67
$GPNVS,3,225405,010826,+0.38,,,+4.32,-4.09,,,,1,+36.12,*64
$GPNVS,4,225405,010826,0.00,0.00,,,,,,,*61
$GPNVS,5,225405,010826,5C9,0,0,+36.12,00000,00000,*2C
$GPNVS,6,0,A,0,0x00000,0x20,,0x00,00,,0x00000,,*05
$GPNVS,7,225405,010826,A,12,0x00,0,-1,0,393225,+4.32,-4.10*7E
$GPNVS,9,+10000000.001,+1.87504,+10000000.00,15,+0.000,+0.39,,+36.12,50.0,99.0,*66
$GPNVS,10,1,0,0,-5,-5,2,100,0.5,3,2,30,1,+0,1.0,20,+6,1,2,8000*57
$GPNVS,1,225406,010826,A,N,0,N,0x00000,0x20,0x00,1,N*13
$GPNVS,2,225406,010826,0.00,0.00,0.00,0.00,0.00,0.00,0.00,0.00,*64
$GPNVS,3,225406,010826,+0.38,,,+4.32,-4.09,,,,1,+36.12,*67
$GPNVS,4,225406,010826,0.00,0.00,,,,,,,*62
$GPNVS,5,225406,010826,5C9,0,0,+36.12,00000,00000,*2F
$GPNVS,6,0,A,0,0x00000,0x20,,0x00,00,,0x00000,,*05
$GPNVS,7,225406,010826,A,12,0x00,0,-1,0,393225,+4.32,-4.10*7D
$GPNVS,9,+10000000.001,+1.87504,+10000000.00,15,+0.000,+0.39,,+36.12,50.0,99.0,*66
$GPNVS,10,1,0,0,-5,-5,2,100,0.5,3,2,30,1,+0,1.0,20,+6,1,2,8000*57
$GPNVS,1,225407,010826,A,N,0,N,0x00000,0x20,0x00,1,N*12
$GPNVS,2,225407,010826,0.00,0.00,0.00,0.00,0.00,0.00,0.00,0.00,*65
$GPNVS,3,225407,010826,+0.38,,,+4.32,-4.11,,,,1,+36.12,*6F
$GPNVS,4,225407,010826,0.00,0.00,,,,,,,*63
$GPNVS,5,225407,010826,5C9,0,0,+36.12,00000,00000,*2E
$GPNVS,6,0,A,0,0x00000,0x20,,0x00,00,,0x00000,,*05
$GPNVS,7,225407,010826,A,12,0x00,0,-1,0,393225,+4.32,-4.11*7D
$GPNVS,9,+10000000.001,+1.87504,+10000000.00,15,+0.000,+0.39,,+36.12,50.0,99.0,*66
$GPNVS,10,1,0,0,-5,-5,2,100,0.5,3,2,30,1,+0,1.0,20,+6,1,2,8000*57
$GPNVS,99,,,*5C
$GPNVS,1,225408,010826,A,N,0,N,0x00000,0x20,0x00,1,N*1D
$GPNVS,2,225408,010826,0.00,0.00,0.00,0.00,0.00,0.00,0.00,0.00,*6A
$GPNVS,3,225408,010826,+0.38,,,+4.32,-4.09,,,,1,+36.12,*69
$GPNVS,4,225408,010826,0.00,0.00,,,,,,,*6C
$GPNVS,5,225408,010826,5C9,0,0,+36.12,00000,00000,*21
$GPNVS,6,0,A,0,0x00000,0x20,,0x00,00,,0x00000,,*05
$GPNVS,7,225408,010826,A,12,0x00,0,-1,0,393225,+4.32,-4.10*73
$GPNVS,9,+10000000.000,+1.87504,+10000000.00,15,+0.000,+0.39,,+36.12,50.0,99.0,*67
$GPNVS,10,1,0,0,-5,-5,2,100,0.5,3,2,30,1,+0,1.0,20,+6,1,2,8000*57
$GPNVS,1,225409,010826,A,N,0,N,0x00000,0x20,0x00,1,N*1C
$GPNVS,2,225409,010826,0.00,0.00,0.00,0.00,0.00,0.00,0.00,0.00,*6B
$GPNVS,3,225409,010826,+0.38,,,+4.32,-4.09,,,,1,+36.12,*68
$GPNVS,4,225409,010826,0.00,0.00,,,,,,,*6D
$GPNVS,5,225409,010826,5C9,0,0,+36.12,00000,00000,*20
$GPNVS,6,0,A,0,0x00000,0x20,,0x00,00,,0x00000,,*05
$GPNVS,7,225409,010826,A,12,0x00,0,-1,0,393225,+4.32,-4.10*72
$GPNVS,9,+10000000.000,+1.87504,+10000000.00,15,+0.000,+0.39,,+36.12,50.0,99.0,*67
$GPNVS,10,1,0,0,-5,-5,2,100,0.5,3,2,30,1,+0,1.0,20,+6,1,2,8000*57
$GPNVS,1,225410,010826,A,N,0,N,0x00000,0x20,0x00,1,N*14
$GPNVS,2,225410,010826,0.00,0.00,0.00,0.00,0.00,0.00,0.00,0.00,*63
$GPNVS,3,225410,010826,+0.38,,,+4.32,-4.09,,,,1,+36.12,*60
$GPNVS,4,225410,010826,0.00,0.00,,,,,,,*65
$GPNVS,5,225410,010826,5C9,0,0,+36.12,00000,00000,*28
$GPNVS,6,0,A,0,0x00000,0x20,,0x00,00,,0x00000,,*05
$GPNVS,7,225410,010826,A,12,0x00,0,0,0,393225,+4.32,-4.10*56
$GPNVS,9,+9999999.9989,+1.87504,+9999999.949,15,+0.000,+0.39,,+36.12,50.0,99.0,*62
$GPNVS,10,1,0,0,+0,+0,2,100,0.5,3,2,30,1,+0,1.0,20,+6,1,2,8000*57
$GPNVS,1,225411,010826,A,N,0,N,0x00000,0x20,0x00,1,N*15
$GPNVS,2,225411,010826,0.00,0.00,0.00,0.00,0.00,0.00,0.00,0.00,*62
$GPNVS,3,225411,010826,+0.38,,,+4.32,-4.11,,,,1,+36.12,*68
$GPNVS,4,225411,010826,0.00,0.00,,,,,,,*64
$GPNVS,5,225411,010826,5C9,0,0,+36.12,00000,00000,*29
$GPNVS,6,0,A,0,0x00000,0x20,,0x00,00,,0x00000,,*05
$GPNVS,7,225411,010826,A,12,0x00,0,-1,0,393225,+4.32,-4.11*7A
$GPNVS,9,+10000000.001,+1.87504,+10000000.05,15,+0.000,+0.39,,+36.12,50.0,99.0,*63
$GPNVS,10,1,0,0,-5,+0,2,100,0.5,3,2,30,1,+0,1.0,20,+6,1,2,8000*54
$GPNVS,1,225412,010826,A,N,0,N,0x00000,0x20,0x00,1,N*16
$GPNVS,2,225412,010826,0.00,0.00,0.00,0.00,0.00,0.00,0.00,0.00,*61
$GPNVS,3,225412,010826,+0.38,,,+4.32,-4.11,,,,1,+36.12,*6B
$GPNVS,4,225412,010826,0.00,0.00,,,,,,,*67
$GPNVS,5,225412,010826,5C9,0,0,+36.12,00000,00000,*2A
$GPNVS,6,0,A,0,0x00000,0x20,,0x00,00,,0x00000,,*05
$GPNVS,7,225412,010826,A,12,0x00,0,-1,0,393225,+4.32,-4.11*79
$GPNVS,9,+10000000.000,+1.87504,+10000000.00,15,+0.000,+0.39,,+36.12,50.0,99.0,*67
$GPNVS,10,1,0,0,-5,-5,2,100,0.5,3,2,30,1,+0,1.0,20,+6,1,2,8000*57
$GPNVS,1,225413,010826,A,N,0,N,0x00000,0x20,0x00,1,N*17
$GPNVS,2,225413,010826,0.00,0.00,0.00,0.00,0.00,0.00,0.00,0.00,*60
$GPNVS,3,225413,010826,+0.38,,,+4.32,-4.09,,,,1,+36.12,*63
$GPNVS,4,225413,010826,0.00,0.00,,,,,,,*66
$GPNVS,5,225413,010826,5C9,0,0,+36.12,00000,00000,*2B
$GPNVS,6,0,A,0,0x00000,0x20,,0x00,00,,0x00000,,*05
$GPNVS,7,225413,010826,A,12,0x00,0,-1,0,393225,+4.32,-4.10*79
$GPNVS,9,+10000000.000,+1.87504,+10000000.00,15,+0.000,+0.39,,+36.12,50.0,99.0,*67
$GPNVS,10,1,0,0,-5,-5,2,100,0.5,3,2,30,1,+0,1.0,20,-14,1,2,8000*62
$GPNVS,1,225414,010826,A,N,0,N,0x00000,0x20,0x00,1,N*10
$GPNVS,2,225414,010826,0.00,0.00,0.00,0.00,0.00,0.00,0.00,0.00,*67
$GPNVS,3,225414,010826,+0.38,,,+4.32,-4.11,,,,1,+36.12,*6D
$GPNVS,4,225414,010826,0.00,0.00,,,,,,,*61
$GPNVS,5,225414,010826,5C9,0,0,+36.12,00000,00000,*2C
$GPNVS,6,0,A,0,0x00000,0x20,,0x00,00,,0x00000,,*05
$GPNVS,7,225414,010826,A,12,0x00,0,-1,0,393225,+4.32,-4.11*7F
$GPNVS,9,+10000000.000,+1.87504,+10000000.00,15,+0.000,+0.39,,+36.12,50.0,99.0,*67
$GPNVS,10,1,0,0,-5,-5,2,100,0.5,3,2,30,1,+0,1.0,20,-14,1,2,8000*62
$GPNVS,1,225415,010826,A,N,0,N,0x00000,0x20,0x00,1,N*11
$GPNVS,2,225415,010826,0.00,0.00,0.00,0.00,0.00,0.00,0.00,0.00,*66
$GPNVS,3,225415,010826,+0.38,,,+4.32,-4.09,,,,1,+35.80,*6D
$GPNVS,4,225415,010826,0.00,0.00,,,,,,,*60
$GPNVS,5,225415,010826,5C9,0,0,+35.80,00000,00000,*25
$GPNVS,6,0,A,0,0x00000,0x20,,0x00,00,,0x00000,,*05
$GPNVS,7,225415,010826,A,12,0x00,0,-1,0,393225,+4.32,-4.10*7F
$GPNVS,9,+10000000.000,+1.87504,+10000000.00,15,+0.000,+0.39,,+35.80,50.0,99.0,*6F
$GPNVS,10,1,0,0,-5,-5,2,100,0.5,3,2,30,1,+0,1.0,20,-14,1,2,8000*62
$GPNVS,1,225416,010826,A,N,0,N,0x00000,0x20,0x00,1,N*12
$GPNVS,2,225416,010826,0.00,0.00,0.00,0.00,0.00,0.00,0.00,0.00,*65
$GPNVS,3,225416,010826,+0.38,,,+4.32,-4.09,,,,1,+36.12,*66
$GPNVS,4,225416,010826,0.00,0.00,,,,,,,*63
$GPNVS,5,225416,010826,5C9,0,0,+36.12,00000,00000,*2E
$GPNVS,6,0,A,0,0x00000,0x20,,0x00,00,,0x00000,,*05
$GPNVS,7,225416,010826,A,12,0x00,0,-1,0,393225,+4.32,-4.10*7C
$GPNVS,9,+10000000.000,+1.87504,+10000000.00,15,+0.000,+0.39,,+36.12,50.0,99.0,*67
$GPNVS,10,1,0,0,-5,-5,2,100,0.5,3,2,30,1,+0,1.0,20,-14,1,2,8000*62
$GPNVS,1,225417,010826,A,N,0,N,0x00000,0x20,0x00,1,N*13
$GPNVS,2,225417,010826,0.00,0.00,0.00,0.00,0.00,0.00,0.00,0.00,*64
$GPNVS,3,225417,010826,+0.38,,,+4.32,-4.09,,,,1,+35.80,*6F
$GPNVS,4,225417,010826,0.00,0.00,,,,,,,*62
$GPNVS,5,225417,010826,5C9,0,0,+35.80,00000,00000,*27
$GPNVS,6,0,A,0,0x00000,0x20,,0x00,00,,0x00000,,*05
$GPNVS,7,225417,010826,A,12,0x00,0,-1,0,393225,+4.32,-4.10*7D
$GPNVS,9,+10000000.000,+1.87504,+10000000.00,15,+0.000,+0.39,,+35.80,50.0,99.0,*6F
$GPNVS,10,1,0,0,-5,-5,2,100,0.5,3,2,30,1,+0,1.0,20,-14,1,2,8000*62
$GPNVS,1,225418,010826,A,N,0,N,0x00000,0x20,0x00,1,N*1C
$GPNVS,2,225418,010826,0.00,0.00,0.00,0.00,0.00,0.00,0.00,0.00,*6B
$GPNVS,3,225418,010826,+0.38,,,+4.32,-4.09,,,,1,+36.12,*68
$GPNVS,4,225418,010826,0.00,0.00,,,,,,,*6D
$GPNVS,5,225418,010826,5C9,0,0,+36.12,00000,00000,*20
$GPNVS,6,0,A,0,0x00000,0x20,,0x00,00,,0x00000,,*05
$GPNVS,7,225418,010826,A,12,0x00,0,-1,0,393225,+4.32,-4.10*72
$GPNVS,9,+10000000.000,+1.87504,+10000000.00,15,+0.000,+0.39,,+36.12,50.0,99.0,*67
$GPNVS,10,1,0,0,-5,-5,2,100,0.5,3,2,30,1,+0,1.0,20,-14,1,2,8000*62
$GPNVS,1,225419,010826,A,N,0,N,0x00000,0x20,0x00,1,N*1D
$GPNVS,2,225419,010826,0.00,0.00,0.00,0.00,0.00,0.00,0.00,0.00,*6A
$GPNVS,3,225419,010826,+0.38,,,+4.32,-4.09,,,,1,+36.12,*69
$GPNVS,4,225419,010826,0.00,0.00,,,,,,,*6C
$GPNVS,5,225419,010826,5C9,0,0,+36.12,00000,00000,*21
$GPNVS,6,0,A,0,0x00000,0x20,,0x00,00,,0x00000,,*05
$GPNVS,7,225419,010826,A,12,0x00,0,-1,0,393225,+4.32,-4.10*73
$GPNVS,9,+10000000.000,+1.87504,+10000000.00,15,+0.000,+0.39,,+36.12,50.0,99.0,*67
$GPNVS,10,1,0,0,-5,-5,2,100,0.5,3,2,30,1,+0,1.0,20,-14,1,2,8000*62
$GPNVS,1,225420,010826,A,N,0,N,0x00000,0x20,0x00,1,N*17
$GPNVS,2,225420,010826,0.00,0.00,0.00,0.00,0.00,0.00,0.00,0.00,*60
$GPNVS,3,225420,010826,+0.38,,,+4.32,-4.11,,,,1,+36.12,*6A
$GPNVS,4,225420,010826,0.00,0.00,,,,,,,*66
$GPNVS,5,225420,010826,5C9,0,0,+36.12,00000,00000,*2B
$GPNVS,6,0,A,0,0x00000,0x20,,0x00,00,,0x00000,,*05
$GPNVS,7,225420,010826,A,12,0x00,0,-1,0,393225,+4.32,-4.11*78
$GPNVS,9,+10000000.000,+1.87504,+10000000.00,15,+0.000,+0.39,,+36.12,50.0,99.0,*67
$GPNVS,10,1,0,0,-5,-5,2,100,0.5,3,2,30,1,+0,1.0,20,-14,1,2,8000*62
$GPNVS,1,225421,010826,A,N,0,N,0x00000,0x20,0x00,1,N*16
$GPNVS,2,225421,010826,0.00,0.00,0.00,0.00,0.00,0.00,0.00,0.00,*61
$GPNVS,3,225421,010826,+0.38,,,+4.32,-4.11,,,,1,+36.12,*6B
$GPNVS,4,225421,010826,0.00,0.00,,,,,,,*67
$GPNVS,5,225421,010826,5C9,0,0,+36.12,00000,00000,*2A
$GPNVS,6,0,A,0,0x00000,0x20,,0x00,00,,0x00000,,*05
$GPNVS,7,225421,010826,A,12,0x00,0,-1,0,393225,+4.32,-4.11*79
$GPNVS,9,+10000000.000,+1.87504,+10000000.00,15,+0.000,+0.39,,+36.12,50.0,99.0,*67
$GPNVS,10,1,0,0,-5,-5,2,100,0.5,3,2,30,1,+0,1.0,20,-14,1,2,8000*62
$GPNVS,1,225422,010826,A,N,0,N,0x00000,0x20,0x00,1,N*15
$GPNVS,2,225422,010826,0.00,0.00,0.00,0.00,0.00,0.00,0.00,0.00,*62
$GPNVS,3,225422,010826,+0.38,,,+4.32,-4.11,,,,1,+36.12,*68
$GPNVS,4,225422,010826,0.00,0.00,,,,,,,*64
$GPNVS,5,225422,010826,5C9,0,0,+36.12,00000,00000,*29
$GPNVS,6,0,A,0,0x00000,0x20,,0x00,00,,0x00000,,*05
$GPNVS,7,225422,010826,A,12,0x00,0,-1,0,393225,+4.32,-4.11*7A
$GPNVS,9,+10000000.000,+1.87504,+10000000.00,15,+0.000,+0.39,,+36.12,50.0,99.0,*67
$GPNVS,10,1,0,0,-5,-5,2,100,0.5,3,2,30,1,+0,1.0,20,-14,1,2,8000*62
$GPNVS,99,,,*5C
$GPNVS,1,225423,010826,A,N,0,N,0x00000,0x20,0x00,1,N*14
$GPNVS,2,225423,010826,0.00,0.00,0.00,0.00,0.00,0.00,0.00,0.00,*63
$GPNVS,3,225423,010826,+0.38,,,+4.32,-4.11,,,,1,+35.80,*61
$GPNVS,4,225423,010826,0.00,0.00,,,,,,,*65
$GPNVS,5,225423,010826,5C9,0,0,+35.80,00000,00000,*20
$GPNVS,6,0,A,0,0x00000,0x20,,0x00,00,,0x00000,,*05
$GPNVS,7,225423,010826,A,12,0x00,0,-1,0,393225,+4.32,-4.11*7B
$GPNVS,9,+10000000.000,+1.87504,+10000000.00,15,+0.000,+0.39,,+35.80,50.0,99.0,*6F
$GPNVS,10,1,0,0,-5,-5,2,100,0.5,3,2,30,1,+0,1.0,20,+2,1,2,8000*53
$GPNVS,1,225424,010826,A,N,0,N,0x00000,0x20,0x00,1,N*13
$GPNVS,2,225424,010826,0.00,0.00,0.00,0.00,0.00,0.00,0.00,0.00,*64
$GPNVS,3,225424,010826,+0.38,,,+4.32,-4.11,,,,1,+35.80,*66
$GPNVS,4,225424,010826,0.00,0.00,,,,,,,*62
$GPNVS,5,225424,010826,5C9,0,0,+35.80,00000,00000,*27
$GPNVS,6,0,A,0,0x00000,0x20,,0x00,00,,0x00000,,*05
$GPNVS,7,225424,010826,A,12,0x00,0,-1,0,393225,+4.32,-4.11*7C
$GPNVS,9,+10000000.000,+1.87504,+10000000.00,15,+0.000,+0.39,,+35.80,50.0,99.0,*6F
$GPNVS,10,1,0,0,-5,-5,2,100,0.5,3,2,30,1,+0,1.0,20,+2,1,2,8000*53
$GPNVS,1,225425,010826,A,N,0,N,0x00000,0x20,0x00,1,N*12
$GPNVS,2,225425,010826,0.00,0.00,0.00,0.00,0.00,0.00,0.00,0.00,*65
$GPNVS,3,225425,010826,+0.38,,,+4.32,-4.09,,,,1,+35.80,*6E
$GPNVS,4,225425,010826,0.00,0.00,,,,,,,*63
$GPNVS,5,225425,010826,5C9,0,0,+35.80,00000,00000,*26
$GPNVS,6,0,A,0,0x00000,0x20,,0x00,00,,0x00000,,*05
$GPNVS,7,225425,010826,A,12,0x00,0,-1,0,393225,+4.32,-4.10*7C
$GPNVS,9,+10000000.000,+1.87504,+10000000.00,15,+0.000,+0.39,,+35.80,50.0,99.0,*6F
$GPNVS,10,1,0,0,-5,-5,2,100,0.5,3,2,30,1,+0,1.0,20,+2,1,2,8000*53
$GPNVS,1,225426,010826,A,N,0,N,0x00000,0x20,0x00,1,N*11
$GPNVS,2,225426,010826,0.00,0.00,0.00,0.00,0.00,0.00,0.00,0.00,*66
$GPNVS,3,225426,010826,+0.38,,,+4.32,-4.09,,,,1,+35.80,*6D
$GPNVS,4,225426,010826,0.00,0.00,,,,,,,*60
$GPNVS,5,225426,010826,5C9,0,0,+35.80,00000,00000,*25
$GPNVS,6,0,A,0,0x00000,0x20,,0x00,00,,0x00000,,*05
$GPNVS,7,225426,010826,A,12,0x00,0,-1,0,393225,+4.32,-4.10*7F
$GPNVS,9,+10000000.000,+1.87504,+10000000.00,15,+0.000,+0.39,,+35.80,50.0,99.0,*6F
$GPNVS,10,1,0,0,-5,-5,2,100,0.5,3,2,30,1,+0,1.0,20,+2,1,2,8000*53
$GPNVS,1,225427,010826,A,N,0,N,0x00000,0x20,0x00,1,N*10
$GPNVS,2,225427,010826,0.00,0.00,0.00,0.00,0.00,0.00,0.00,0.00,*67
$GPNVS,3,225427,010826,+0.38,,,+4.32,-4.09,,,,1,+36.12,*64
$GPNVS,4,225427,010826,0.00,0.00,,,,,,,*61
$GPNVS,5,225427,010826,5C9,0,0,+36.12,00000,00000,*2C
$GPNVS,6,0,A,0,0x00000,0x20,,0x00,00,,0x00000,,*05
$GPNVS,7,225427,010826,A,12,0x00,0,-1,0,393225,+4.32,-4.10*7E
$GPNVS,9,+10000000.000,+1.87504,+10000000.00,15,+0.000,+0.39,,+36.12,50.0,99.0,*67
$GPNVS,10,1,0,0,-5,-5,2,100,0.5,3,2,30,1,+0,1.0,20,+2,1,2,8000*53
$GPNVS,1,225428,010826,A,N,0,N,0x00000,0x20,0x00,1,N*1F
$GPNVS,2,225428,010826,0.00,0.00,0.00,0.00,0.00,0.00,0.00,0.00,*68
$GPNVS,3,225428,010826,+0.38,,,+4.32,-4.09,,,,1,+35.80,*63
$GPNVS,4,225428,010826,0.00,0.00,,,,,,,*6E
$GPNVS,5,225428,010826,5C9,0,0,+35.80,00000,00000,*2B
$GPNVS,6,0,A,0,0x00000,0x20,,0x00,00,,0x00000,,*05
$GPNVS,7,225428,010826,A,12,0x00,0,-1,0,393225,+4.32,-4.10*71
$GPNVS,9,+10000000.000,+1.87504,+10000000.00,15,+0.000,+0.39,,+35.80,50.0,99.0,*6F
$GPNVS,10,1,0,0,-5,-5,2,100,0.5,3,2,30,1,+0,1.0,20,+2,1,2,8000*53
$GPNVS,1,225429,010826,A,N,0,N,0x00000,0x20,0x00,1,N*1E
$GPNVS,2,225429,010826,0.00,0.00,0.00,0.00,0.00,0.00,0.00,0.00,*69
$GPNVS,3,225429,010826,+0.38,,,+4.32,-4.09,,,,1,+35.80,*62
$GPNVS,4,225429,010826,0.00,0.00,,,,,,,*6F
$GPNVS,5,225429,010826,5C9,0,0,+35.80,00000,00000,*2A
$GPNVS,6,0,A,0,0x00000,0x20,,0x00,00,,0x00000,,*05
$GPNVS,7,225429,010826,A,12,0x00,0,-1,0,393225,+4.32,-4.10*70
$GPNVS,9,+10000000.000,+1.87504,+10000000.00,15,+0.000,+0.39,,+35.80,50.0,99.0,*6F
$GPNVS,10,1,0,0,-5,-5,2,100,0.5,3,2,30,1,+0,1.0,20,+2,1,2,8000*53
$GPNVS,1,225430,010826,A,N,0,N,0x00000,0x20,0x00,1,N*16
$GPNVS,2,225430,010826,0.00,0.00,0.00,0.00,0.00,0.00,0.00,0.00,*61
$GPNVS,3,225430,010826,+0.38,,,+4.32,-4.11,,,,1,+36.12,*6B
$GPNVS,4,225430,010826,0.00,0.00,,,,,,,*67
$GPNVS,5,225430,010826,5C9,0,0,+36.12,00000,00000,*2A
$GPNVS,6,0,A,0,0x00000,0x20,,0x00,00,,0x00000,,*05
$GPNVS,7,225430,010826,A,12,0x00,0,-1,0,393225,+4.32,-4.11*79
$GPNVS,9,+10000000.000,+1.87504,+10000000.00,15,+0.000,+0.39,,+36.12,50.0,99.0,*67
$GPNVS,10,1,0,0,-5,-5,2,100,0.5,3,2,30,1,+0,1.0,20,+2,1,2,8000*53
$GPNVS,1,225431,010826,A,N,0,N,0x00000,0x20,0x00,1,N*17
$GPNVS,2,225431,010826,0.00,0.00,0.00,0.00,0.00,0.00,0.00,0.00,*60
$GPNVS,3,225431,010826,+0.38,,,+4.32,-4.11,,,,1,+35.80,*62
$GPNVS,4,225431,010826,0.00,0.00,,,,,,,*66
$GPNVS,5,225431,010826,5C9,0,0,+35.80,00000,00000,*23
$GPNVS,6,0,A,0,0x00000,0x20,,0x00,00,,0x00000,,*05
$GPNVS,7,225431,010826,A,12,0x00,0,-1,0,393225,+4.32,-4.11*78
$GPNVS,9,+10000000.000,+1.87504,+10000000.00,15,+0.000,+0.39,,+35.80,50.0,99.0,*6F
$GPNVS,10,1,0,0,-5,-5,2,100,0.5,3,2,30,1,+0,1.0,20,+2,1,2,8000*53
$GPNVS,1,225432,010826,A,N,0,N,0x00000,0x20,0x00,1,N*14
$GPNVS,2,225432,010826,0.00,0.00,0.00,0.00,0.00,0.00,0.00,0.00,*63
$GPNVS,3,225432,010826,+0.38,,,+4.32,-4.09,,,,1,+35.80,*68
$GPNVS,4,225432,010826,0.00,0.00,,,,,,,*65
$GPNVS,5,225432,010826,5C9,0,0,+35.80,00000,00000,*20
$GPNVS,6,0,A,0,0x00000,0x20,,0x00,00,,0x00000,,*05
$GPNVS,7,225432,010826,A,12,0x00,0,-1,0,393225,+4.32,-4.10*7A
$GPNVS,9,+10000000.000,+1.87504,+10000000.00,15,+0.000,+0.39,,+35.80,50.0,99.0,*6F
$GPNVS,10,1,0,0,-5,-5,2,100,0.5,3,2,30,1,+0,1.0,20,+2,1,2,8000*53
$GPNVS,1,225433,010826,A,N,0,N,0x00000,0x20,0x00,1,N*15
$GPNVS,2,225433,010826,0.00,0.00,0.00,0.00,0.00,0.00,0.00,0.00,*62
$GPNVS,3,225433,010826,+0.38,,,+4.32,-4.09,,,,1,+35.80,*69
$GPNVS,4,225433,010826,0.00,0.00,,,,,,,*64
$GPNVS,5,225433,010826,5C9,0,0,+35.80,00000,00000,*21
$GPNVS,6,0,A,0,0x00000,0x20,,0x00,00,,0x00000,,*05
$GPNVS,7,225433,010826,A,12,0x00,0,0,0,393225,+4.32,-4.10*57
$GPNVS,9,+9999999.9989,+1.87504,+9999999.949,15,+0.000,+0.39,,+35.80,50.0,99.0,*6A
$GPNVS,10,1,0,0,+0,+0,2,100,0.5,3,2,30,1,+0,1.0,20,+2,1,2,8000*53
$GPNVS,1,225434,010826,A,N,0,N,0x00000,0x20,0x00,1,N*12
$GPNVS,2,225434,010826,0.00,0.00,0.00,0.00,0.00,0.00,0.00,0.00,*65
$GPNVS,3,225434,010826,+0.38,,,+4.32,-4.11,,,,1,+35.80,*67
$GPNVS,4,225434,010826,0.00,0.00,,,,,,,*63
$GPNVS,5,225434,010826,5C9,0,0,+35.80,00000,00000,*26
$GPNVS,6,0,A,0,0x00000,0x20,,0x00,00,,0x00000,,*05
$GPNVS,7,225434,010826,A,12,0x00,0,-1,0,393225,+4.32,-4.11*7D
$GPNVS,9,+10000000.000,+1.87504,+10000000.05,15,+0.000,+0.39,,+35.80,50.0,99.0,*6A
$GPNVS,10,1,0,0,-5,+0,2,100,0.5,3,2,30,1,+0,1.0,20,-18,1,2,8000*6D
$GPNVS,1,225435,010826,A,N,0,N,0x00000,0x20,0x00,1,N*13
$GPNVS,2,225435,010826,0.00,0.00,0.00,0.00,0.00,0.00,0.00,0.00,*64
$GPNVS,3,225435,010826,+0.38,,,+4.32,-4.09,,,,1,+36.12,*67
$GPNVS,4,225435,010826,0.00,0.00,,,,,,,*62
$GPNVS,5,225435,010826,5C9,0,0,+36.12,00000,00000,*2F
$GPNVS,6,0,A,0,0x00000,0x20,,0x00,00,,0x00000,,*05
$GPNVS,7,225435,010826,A,12,0x00,0,0,0,393225,+4.32,-4.10*51
$GPNVS,9,+9999999.9989,+1.87504,+9999999.949,15,+0.000,+0.39,,+36.12,50.0,99.0,*62
$GPNVS,10,1,0,0,+0,+0,2,100,0.5,3,2,30,1,+0,1.0,20,-18,1,2,8000*6E
$GPNVS,1,225436,010826,A,N,0,N,0x00000,0x20,0x00,1,N*10
$GPNVS,2,225436,010826,0.00,0.00,0.00,0.00,0.00,0.00,0.00,0.00,*67
$GPNVS,3,225436,010826,+0.38,,,+4.32,-4.11,,,,1,+35.80,*65
$GPNVS,4,225436,010826,0.00,0.00,,,,,,,*61
$GPNVS,5,225436,010826,5C9,0,0,+35.80,00000,00000,*24
$GPNVS,6,0,A,0,0x00000,0x20,,0x00,00,,0x00000,,*05
$GPNVS,7,225436,010826,A,12,0x00,0,-1,0,393225,+4.32,-4.11*7F
$GPNVS,9,+10000000.000,+1.87504,+10000000.05,15,+0.000,+0.39,,+35.80,50.0,99.0,*6A
$GPNVS,10,1,0,0,-5,+0,2,100,0.5,3,2,30,1,+0,1.0,20,-18,1,2,8000*6D
$GPNVS,1,225437,010826,A,N,0,N,0x00000,0x20,0x00,1,N*11
$GPNVS,2,225437,010826,0.00,0.00,0.00,0.00,0.00,0.00,0.00,0.00,*66
$GPNVS,3,225437,010826,+0.38,,,+4.32,-4.09,,,,1,+35.80,*6D
$GPNVS,4,225437,010826,0.00,0.00,,,,,,,*60
$GPNVS,5,225437,010826,5C9,0,0,+35.80,00000,00000,*25
$GPNVS,6,0,A,0,0x00000,0x20,,0x00,00,,0x00000,,*05
$GPNVS,7,225437,010826,A,12,0x00,0,-1,0,393225,+4.32,-4.10*7F
$GPNVS,9,+10000000.000,+1.87504,+10000000.00,15,+0.000,+0.39,,+35.80,50.0,99.0,*6F
$GPNVS,10,1,0,0,-5,-5,2,100,0.5,3,2,30,1,+0,1.0,20,-18,1,2,8000*6E
$GPNVS,99,,,*5C
$GPNVS,1,225438,010826,A,N,0,N,0x00000,0x20,0x00,1,N*1E
$GPNVS,2,225438,010826,0.00,0.00,0.00,0.00,0.00,0.00,0.00,0.00,*69
$GPNVS,3,225438,010826,+0.38,,,+4.32,-4.09,,,,1,+35.80,*62
$GPNVS,4,225438,010826,0.00,0.00,,,,,,,*6F
$GPNVS,5,225438,010826,5C9,0,0,+35.80,00000,00000,*2A
$GPNVS,6,0,A,0,0x00000,0x20,,0x00,00,,0x00000,,*05
$GPNVS,7,225438,010826,A,12,0x00,0,0,0,393225,+4.32,-4.10*5C
$GPNVS,9,+9999999.9989,+1.87504,+9999999.949,15,+0.000,+0.39,,+35.80,50.0,99.0,*6A
$GPNVS,10,1,0,0,+0,+0,2,100,0.5,3,2,30,1,+0,1.0,20,-18,1,2,8000*6E
$GPNVS,1,225439,010826,A,N,0,N,0x00000,0x20,0x00,1,N*1F
$GPNVS,2,225439,010826,0.00,0.00,0.00,0.00,0.00,0.00,0.00,0.00,*68
$GPNVS,3,225439,010826,+0.38,,,+4.32,-4.09,,,,1,+35.80,*63
$GPNVS,4,225439,010826,0.00,0.00,,,,,,,*6E
$GPNVS,5,225439,010826,5C9,0,0,+35.80,00000,00000,*2B
$GPNVS,6,0,A,0,0x00000,0x20,,0x00,00,,0x00000,,*05
$GPNVS,7,225439,010826,A,12,0x00,0,-1,0,393225,+4.32,-4.10*71
$GPNVS,9,+10000000.000,+1.87504,+10000000.05,15,+0.000,+0.39,,+35.80,50.0,99.0,*6A
$GPNVS,10,1,0,0,-5,+0,2,100,0.5,3,2,30,1,+0,1.0,20,-18,1,2,8000*6D
$GPNVS,1,225440,010826,A,N,0,N,0x00000,0x20,0x00,1,N*11
$GPNVS,2,225440,010826,0.00,0.00,0.00,0.00,0.00,0.00,0.00,0.00,*66
$GPNVS,3,225440,010826,+0.38,,,+4.32,-4.11,,,,1,+35.80,*64
$GPNVS,4,225440,010826,0.00,0.00,,,,,,,*60
$GPNVS,5,225440,010826,5C9,0,0,+35.80,00000,00000,*25
$GPNVS,6,0,A,0,0x00000,0x20,,0x00,00,,0x00000,,*05
$GPNVS,7,225440,010826,A,12,0x00,0,-1,0,393225,+4.32,-4.11*7E
$GPNVS,9,+10000000.000,+1.87504,+10000000.00,15,+0.000,+0.39,,+35.80,50.0,99.0,*6F
$GPNVS,10,1,0,0,-5,-5,2,100,0.5,3,2,30,1,+0,1.0,20,-18,1,2,8000*6E
$GPNVS,1,225441,010826,A,N,0,N,0x00000,0x20,0x00,1,N*10
$GPNVS,2,225441,010826,0.00,0.00,0.00,0.00,0.00,0.00,0.00,0.00,*67
$GPNVS,3,225441,010826,+0.38,,,+4.32,-4.11,,,,1,+36.12,*6D
$GPNVS,4,225441,010826,0.00,0.00,,,,,,,*61
$GPNVS,5,225441,010826,5C9,0,0,+36.12,00000,00000,*2C
$GPNVS,6,0,A,0,0x00000,0x20,,0x00,00,,0x00000,,*05
$GPNVS,7,225441,010826,A,12,0x00,0,-1,0,393225,+4.32,-4.11*7F
$GPNVS,9,+10000000.000,+1.87504,+10000000.00,15,+0.000,+0.39,,+36.12,50.0,99.0,*67
$GPNVS,10,1,0,0,-5,-5,2,100,0.5,3,2,30,1,+0,1.0,20,-18,1,2,8000*6E
$GPNVS,1,225442,010826,A,N,0,N,0x00000,0x20,0x00,1,N*13
$GPNVS,2,225442,010826,0.00,0.00,0.00,0.00,0.00,0.00,0.00,0.00,*64
$GPNVS,3,225442,010826,+0.38,,,+4.32,-4.09,,,,1,+36.12,*67
$GPNVS,4,225442,010826,0.00,0.00,,,,,,,*62
$GPNVS,5,225442,010826,5C9,0,0,+36.12,00000,00000,*2F
$GPNVS,6,0,A,0,0x00000,0x20,,0x00,00,,0x00000,,*05
$GPNVS,7,225442,010826,A,12,0x00,0,-1,0,393225,+4.32,-4.10*7D
$GPNVS,9,+10000000.000,+1.87504,+10000000.00,15,+0.000,+0.39,,+36.12,50.0,99.0,*67
$GPNVS,10,1,0,0,-5,-5,2,100,0.5,3,2,30,1,+0,1.0,20,-18,1,2,8000*6E
$GPNVS,1,225443,010826,A,N,0,N,0x00000,0x20,0x00,1,N*12
$GPNVS,2,225443,010826,0.00,0.00,0.00,0.00,0.00,0.00,0.00,0.00,*65
$GPNVS,3,225443,010826,+0.38,,,+4.32,-4.11,,,,1,+35.80,*67
$GPNVS,4,225443,010826,0.00,0.00,,,,,,,*63
$GPNVS,5,225443,010826,5C9,0,0,+35.80,00000,00000,*26
$GPNVS,6,0,A,0,0x00000,0x20,,0x00,00,,0x00000,,*05
$GPNVS,7,225443,010826,A,12,0x00,0,-1,0,393225,+4.32,-4.11*7D
$GPNVS,9,+10000000.000,+1.87504,+10000000.00,15,+0.000,+0.39,,+35.80,50.0,99.0,*6F
$GPNVS,10,1,0,0,-5,-5,2,100,0.5,3,2,30,1,+0,1.0,20,-18,1,2,8000*6E
$GPNVS,1,225444,010826,A,N,0,N,0x00000,0x20,0x00,1,N*15
$GPNVS,2,225444,010826,0.00,0.00,0.00,0.00,0.00,0.00,0.00,0.00,*62
$GPNVS,3,225444,010826,+0.38,,,+4.32,-4.11,,,,1,+36.12,*68
$GPNVS,4,225444,010826,0.00,0.00,,,,,,,*64
$GPNVS,5,225444,010826,5C9,0,0,+36.12,00000,00000,*29
$GPNVS,6,0,A,0,0x00000,0x20,,0x00,00,,0x00000,,*05
$GPNVS,7,225444,010826,A,12,0x00,0,-1,0,393225,+4.32,-4.11*7A
$GPNVS,9,+10000000.000,+1.87504,+10000000.00,15,+0.000,+0.39,,+36.12,50.0,99.0,*67
$GPNVS,10,1,0,0,-5,-5,2,100,0.5,3,2,30,1,+0,1.0,20,-18,1,2,8000*6E
$GPNVS,1,225445,010826,A,N,0,N,0x00000,0x20,0x00,1,N*14
$GPNVS,2,225445,010826,0.00,0.00,0.00,0.00,0.00,0.00,0.00,0.00,*63
$GPNVS,3,225445,010826,+0.38,,,+4.32,-4.11,,,,1,+36.12,*69
$GPNVS,4,225445,010826,0.00,0.00,,,,,,,*65
$GPNVS,5,225445,010826,5C9,0,0,+36.12,00000,00000,*28
$GPNVS,6,0,A,0,0x00000,0x20,,0x00,00,,0x00000,,*05
$GPNVS,7,225445,010826,A,12,0x00,0,-1,0,393225,+4.32,-4.11*7B
$GPNVS,9,+10000000.000,+1.87504,+10000000.00,15,+0.000,+0.39,,+36.12,50.0,99.0,*67
$GPNVS,10,1,0,0,-5,-5,2,100,0.5,3,2,30,1,+0,1.0,20,+18,1,2,8000*68
$GPNVS,1,225446,010826,A,N,0,N,0x00000,0x20,0x00,1,N*17
$GPNVS,2,225446,010826,0.00,0.00,0.00,0.00,0.00,0.00,0.00,0.00,*60
$GPNVS,3,225446,010826,+0.38,,,+4.32,-4.09,,,,1,+35.80,*6B
$GPNVS,4,225446,010826,0.00,0.00,,,,,,,*66
$GPNVS,5,225446,010826,5C9,0,0,+35.80,00000,00000,*23
$GPNVS,6,0,A,0,0x00000,0x20,,0x00,00,,0x00000,,*05
$GPNVS,7,225446,010826,A,12,0x00,0,-1,0,393225,+4.32,-4.10*79
$GPNVS,9,+10000000.001,+1.87504,+10000000.00,15,+0.000,+0.39,,+35.80,50.0,99.0,*6E
$GPNVS,10,1,0,0,-5,-5,2,100,0.5,3,2,30,1,+0,1.0,20,+18,1,2,8000*68
$GPNVS,1,225447,010826,A,N,0,N,0x00000,0x20,0x00,1,N*16
$GPNVS,2,225447,010826,0.00,0.00,0.00,0.00,0.00,0.00,0.00,0.00,*61
$GPNVS,3,225447,010826,+0.38,,,+4.32,-4.09,,,,1,+36.12,*62
$GPNVS,4,225447,010826,0.00,0.00,,,,,,,*67
$GPNVS,5,225447,010826,5C9,0,0,+36.12,00000,00000,*2A
$GPNVS,6,0,A,0,0x00000,0x20,,0x00,00,,0x00000,,*05
$GPNVS,7,225447,010826,A,12,0x00,0,-1,0,393225,+4.32,-4.10*78
$GPNVS,9,+10000000.000,+1.87504,+10000000.00,15,+0.000,+0.39,,+36.12,50.0,99.0,*67
$GPNVS,10,1,0,0,-5,-5,2,100,0.5,3,2,30,1,+0,1.0,20,+18,1,2,8000*68
$GPNVS,1,225448,010826,A,N,0,N,0x00000,0x20,0x00,1,N*19
$GPNVS,2,225448,010826,0.00,0.00,0.00,0.00,0.00,0.00,0.00,0.00,*6E
$GPNVS,3,225448,010826,+0.38,,,+4.32,-4.11,,,,1,+35.80,*6C
$GPNVS,4,225448,010826,0.00,0.00,,,,,,,*68
$GPNVS,5,225448,010826,5C9,0,0,+35.80,00000,00000,*2D
$GPNVS,6,0,A,0,0x00000,0x20,,0x00,00,,0x00000,,*05
$GPNVS,7,225448,010826,A,12,0x00,0,-1,0,393225,+4.32,-4.11*76
$GPNVS,9,+10000000.000,+1.87504,+10000000.00,15,+0.000,+0.39,,+35.80,50.0,99.0,*6F
$GPNVS,10,1,0,0,-5,-5,2,100,0.5,3,2,30,1,+0,1.0,20,+18,1,2,8000*68
$GPNVS,1,225449,010826,A,N,0,N,0x00000,0x20,0x00,1,N*18
$GPNVS,2,225449,010826,0.00,0.00,0.00,0.00,0.00,0.00,0.00,0.00,*6F
$GPNVS,3,225449,010826,+0.38,,,+4.32,-4.11,,,,1,+36.12,*65
$GPNVS,4,225449,010826,0.00,0.00,,,,,,,*69
$GPNVS,5,225449,010826,5C9,0,0,+36.12,00000,00000,*24
$GPNVS,6,0,A,0,0x00000,0x20,,0x00,00,,0x00000,,*05
$GPNVS,7,225449,010826,A,12,0x00,0,-1,0,393225,+4.32,-4.11*77
$GPNVS,9,+10000000.000,+1.87504,+10000000.00,15,+0.000,+0.39,,+36.12,50.0,99.0,*67
$GPNVS,10,1,0,0,-5,-5,2,100,0.5,3,2,30,1,+0,1.0,20,+18,1,2,8000*68
$GPNVS,1,225450,010826,A,N,0,N,0x00000,0x20,0x00,1,N*10
$GPNVS,2,225450,010826,0.00,0.00,0.00,0.00,0.00,0.00,0.00,0.00,*67
$GPNVS,3,225450,010826,+0.38,,,+4.32,-4.09,,,,1,+36.12,*64
$GPNVS,4,225450,010826,0.00,0.00,,,,,,,*61
$GPNVS,5,225450,010826,5C9,0,0,+36.12,00000,00000,*2C
$GPNVS,6,0,A,0,0x00000,0x20,,0x00,00,,0x00000,,*05
$GPNVS,7,225450,010826,A,12,0x00,0,-1,0,393225,+4.32,-4.10*7E
$GPNVS,9,+10000000.000,+1.87504,+10000000.00,15,+0.000,+0.39,,+36.12,50.0,99.0,*67
$GPNVS,10,1,0,0,-5,-5,2,100,0.5,3,2,30,1,+0,1.0,20,+18,1,2,8000*68
$GPNVS,1,225451,010826,A,N,0,N,0x00000,0x20,0x00,1,N*11
$GPNVS,2,225451,010826,0.00,0.00,0.00,0.00,0.00,0.00,0.00,0.00,*66
$GPNVS,3,225451,010826,+0.38,,,+4.32,-4.09,,,,1,+35.80,*6D
$GPNVS,4,225451,010826,0.00,0.00,,,,,,,*60
$GPNVS,5,225451,010826,5C9,0,0,+35.80,00000,00000,*25
$GPNVS,6,0,A,0,0x00000,0x20,,0x00,00,,0x00000,,*05
$GPNVS,7,225451,010826,A,12,0x00,0,-1,0,393225,+4.32,-4.10*7F
$GPNVS,9,+10000000.000,+1.87504,+10000000.00,15,+0.000,+0.39,,+35.80,50.0,99.0,*6F
$GPNVS,10,1,0,0,-5,-5,2,100,0.5,3,2,30,1,+0,1.0,20,+18,1,2,8000*68
$GPNVS,1,225452,010826,A,N,0,N,0x00000,0x20,0x00,1,N*12
$GPNVS,2,225452,010826,0.00,0.00,0.00,0.00,0.00,0.00,0.00,0.00,*65
$GPNVS,3,225452,010826,+0.38,,,+4.32,-4.09,,,,1,+36.12,*66
$GPNVS,4,225452,010826,0.00,0.00,,,,,,,*63
$GPNVS,5,225452,010826,5C9,0,0,+36.12,00000,00000,*2E
$GPNVS,6,0,A,0,0x00000,0x20,,0x00,00,,0x00000,,*05
$GPNVS,7,225452,010826,A,12,0x00,0,-1,0,393225,+4.32,-4.10*7C
$GPNVS,9,+10000000.000,+1.87504,+10000000.00,15,+0.000,+0.39,,+36.12,50.0,99.0,*67
$GPNVS,10,1,0,0,-5,-5,2,100,0.5,3,2,30,1,+0,1.0,20,+18,1,2,8000*68
$GPNVS,99,,,*5C
$GPNVS,1,225453,010826,A,N,0,N,0x00000,0x20,0x00,1,N*13
$GPNVS,2,225453,010826,0.00,0.00,0.00,0.00,0.00,0.00,0.00,0.00,*64
$GPNVS,3,225453,010826,+0.38,,,+4.32,-4.09,,,,1,+35.80,*6F
$GPNVS,4,225453,010826,0.00,0.00,,,,,,,*62
$GPNVS,5,225453,010826,5C9,0,0,+35.80,00000,00000,*27
$GPNVS,6,0,A,0,0x00000,0x20,,0x00,00,,0x00000,,*05
$GPNVS,7,225453,010826,A,12,0x00,0,-1,0,393225,+4.32,-4.10*7D
$GPNVS,9,+10000000.000,+1.87504,+10000000.00,15,+0.000,+0.39,,+35.80,50.0,99.0,*6F
$GPNVS,10,1,0,0,-5,-5,2,100,0.5,3,2,30,1,+0,1.0,20,+18,1,2,8000*68
$GPNVS,1,225454,010826,A,N,0,N,0x00000,0x20,0x00,1,N*14
$GPNVS,2,225454,010826,0.00,0.00,0.00,0.00,0.00,0.00,0.00,0.00,*63
$GPNVS,3,225454,010826,+0.38,,,+4.32,-4.11,,,,1,+35.80,*61
$GPNVS,4,225454,010826,0.00,0.00,,,,,,,*65
$GPNVS,5,225454,010826,5C9,0,0,+35.80,00000,00000,*20
$GPNVS,6,0,A,0,0x00000,0x20,,0x00,00,,0x00000,,*05
$GPNVS,7,225454,010826,A,12,0x00,0,-1,0,393225,+4.32,-4.11*7B
$GPNVS,9,+10000000.000,+1.87504,+10000000.00,15,+0.000,+0.39,,+35.80,50.0,99.0,*6F
$GPNVS,10,1,0,0,-5,-5,2,100,0.5,3,2,30,1,+0,1.0,20,+18,1,2,8000*68
$GPNVS,1,225455,010826,A,N,0,N,0x00000,0x20,0x00,1,N*15
$GPNVS,2,225455,010826,0.00,0.00,0.00,0.00,0.00,0.00,0.00,0.00,*62
$GPNVS,3,225455,010826,+0.38,,,+4.32,-4.11,,,,1,+35.80,*60
$GPNVS,4,225455,010826,0.00,0.00,,,,,,,*64
$GPNVS,5,225455,010826,5C9,0,0,+35.80,00000,00000,*21
$GPNVS,6,0,A,0,0x00000,0x20,,0x00,00,,0x00000,,*05
$GPNVS,7,225455,010826,A,12,0x00,0,-1,0,393225,+4.32,-4.11*7A
$GPNVS,9,+10000000.000,+1.87504,+10000000.00,15,+0.000,+0.39,,+35.80,50.0,99.0,*6F
$GPNVS,10,1,0,0,-5,-5,2,100,0.5,3,2,30,1,+0,1.0,20,+18,1,2,8000*68
$GPNVS,1,225456,010826,A,N,0,N,0x00000,0x20,0x00,1,N*16
$GPNVS,2,225456,010826,0.00,0.00,0.00,0.00,0.00,0.00,0.00,0.00,*61
$GPNVS,3,225456,010826,+0.38,,,+4.32,-4.09,,,,1,+35.80,*6A
$GPNVS,4,225456,010826,0.00,0.00,,,,,,,*67
$GPNVS,5,225456,010826,5C9,0,0,+35.80,00000,00000,*22
$GPNVS,6,0,A,0,0x00000,0x20,,0x00,00,,0x00000,,*05
$GPNVS,7,225456,010826,A,12,0x00,0,-1,0,393225,+4.32,-4.10*78
$GPNVS,9,+10000000.000,+1.87504,+10000000.00,15,+0.000,+0.39,,+35.80,50.0,99.0,*6F
$GPNVS,10,1,0,0,-5,-5,2,100,0.5,3,2,30,1,+0,1.0,20,-2,1,2,8000*55
$GPNVS,1,225457,010826,A,N,0,N,0x00000,0x20,0x00,1,N*17
$GPNVS,2,225457,010826,0.00,0.00,0.00,0.00,0.00,0.00,0.00,0.00,*60
$GPNVS,3,225457,010826,+0.38,,,+4.32,-4.09,,,,1,+35.80,*6B
$GPNVS,4,225457,010826,0.00,0.00,,,,,,,*66
$GPNVS,5,225457,010826,5C9,0,0,+35.80,00000,00000,*23
$GPNVS,6,0,A,0,0x00000,0x20,,0x00,00,,0x00000,,*05
$GPNVS,7,225457,010826,A,12,0x00,0,-1,0,393225,+4.32,-4.10*79
$GPNVS,9,+10000000.000,+1.87504,+10000000.00,15,+0.000,+0.39,,+35.80,50.0,99.0,*6F
$GPNVS,10,1,0,0,-5,-5,2,100,0.5,3,2,30,1,+0,1.0,20,-2,1,2,8000*55
$GPNVS,1,225458,010826,A,N,0,N,0x00000,0x20,0x00,1,N*18
$GPNVS,2,225458,010826,0.00,0.00,0.00,0.00,0.00,0.00,0.00,0.00,*6F
$GPNVS,3,225458,010826,+0.38,,,+4.32,-4.11,,,,1,+35.80,*6D
$GPNVS,4,225458,010826,0.00,0.00,,,,,,,*69
$GPNVS,5,225458,010826,5C9,0,0,+35.80,00000,00000,*2C
$GPNVS,6,0,A,0,0x00000,0x20,,0x00,00,,0x00000,,*05
$GPNVS,7,225458,010826,A,12,0x00,0,-1,0,393225,+4.32,-4.11*77
$GPNVS,9,+10000000.000,+1.87504,+10000000.00,15,+0.000,+0.39,,+35.80,50.0,99.0,*6F
$GPNVS,10,1,0,0,-5,-5,2,100,0.5,3,2,30,1,+0,1.0,20,-2,1,2,8000*55
$GPNVS,1,225459,010826,A,N,0,N,0x00000,0x20,0x00,1,N*19
$GPNVS,2,225459,010826,0.00,0.00,0.00,0.00,0.00,0.00,0.00,0.00,*6E
$GPNVS,3,225459,010826,+0.38,,,+4.32,-4.11,,,,1,+35.80,*6C
$GPNVS,4,225459,010826,0.00,0.00,,,,,,,*68
$GPNVS,5,225459,010826,5C9,0,0,+35.80,00000,00000,*2D
$GPNVS,6,0,A,0,0x00000,0x20,,0x00,00,,0x00000,,*05
$GPNVS,7,225459,010826,A,12,0x00,0,-1,0,393225,+4.32,-4.11*76
$GPNVS,9,+10000000.000,+1.87504,+10000000.00,15,+0.000,+0.39,,+35.80,50.0,99.0,*6F
$GPNVS,10,1,0,0,-5,-5,2,100,0.5,3,2,30,1,+0,1.0,20,-2,1,2,8000*55
$GPNVS,1,225500,010826,A,N,0,N,0x00000,0x20,0x00,1,N*14
$GPNVS,2,225500,010826,0.00,0.00,0.00,0.00,0.00,0.00,0.00,0.00,*63
$GPNVS,3,225500,010826,+0.38,,,+4.32,-4.11,,,,1,+35.80,*61
$GPNVS,4,225500,010826,0.00,0.00,,,,,,,*65
$GPNVS,5,225500,010826,5C9,0,0,+35.80,00000,00000,*20
$GPNVS,6,0,A,0,0x00000,0x20,,0x00,00,,0x00000,,*05
$GPNVS,7,225500,010826,A,12,0x00,0,-1,0,393225,+4.32,-4.11*7B
$GPNVS,9,+10000000.001,+1.87504,+10000000.00,15,+0.000,+0.39,,+35.80,50.0,99.0,*6E
$GPNVS,10,1,0,0,-5,-5,2,100,0.5,3,2,30,1,+0,1.0,20,-2,1,2,8000*55
$GPNVS,1,225501,010826,A,N,0,N,0x00000,0x20,0x00,1,N*15
$GPNVS,2,225501,010826,0.00,0.00,0.00,0.00,0.00,0.00,0.00,0.00,*62
$GPNVS,3,225501,010826,+0.38,,,+4.32,-4.11,,,,1,+35.80,*60
$GPNVS,4,225501,010826,0.00,0.00,,,,,,,*64
$GPNVS,5,225501,010826,5C9,0,0,+35.80,00000,00000,*21
$GPNVS,6,0,A,0,0x00000,0x20,,0x00,00,,0x00000,,*05
$GPNVS,7,225501,010826,A,12,0x00,0,-1,0,393225,+4.32,-4.11*7A
$GPNVS,9,+10000000.000,+1.87504,+10000000.00,15,+0.000,+0.39,,+35.80,50.0,99.0,*6F
$GPNVS,10,1,0,0,-5,-5,2,100,0.5,3,2,30,1,+0,1.0,20,-2,1,2,8000*55
$GPNVS,1,225502,010826,A,N,0,N,0x00000,0x20,0x00,1,N*16
$GPNVS,2,225502,010826,0.00,0.00,0.00,0.00,0.00,0.00,0.00,0.00,*61
$GPNVS,3,225502,010826,+0.38,,,+4.32,-4.11,,,,1,+35.80,*63
$GPNVS,4,225502,010826,0.00,0.00,,,,,,,*67
$GPNVS,5,225502,010826,5C9,0,0,+35.80,00000,00000,*22
$GPNVS,6,0,A,0,0x00000,0x20,,0x00,00,,0x00000,,*05
$GPNVS,7,225502,010826,A,12,0x00,0,-1,0,393225,+4.32,-4.11*79
$GPNVS,9,+10000000.000,+1.87504,+10000000.00,15,+0.000,+0.39,,+35.80,50.0,99.0,*6F
$GPNVS,10,1,0,0,-5,-5,2,100,0.5,3,2,30,1,+0,1.0,20,-2,1,2,8000*55
$GPNVS,1,225503,010826,A,N,0,N,0x00000,0x20,0x00,1,N*17
$GPNVS,2,225503,010826,0.00,0.00,0.00,0.00,0.00,0.00,0.00,0.00,*60
$GPNVS,3,225503,010826,+0.38,,,+4.32,-4.09,,,,1,+36.12,*63
$GPNVS,4,225503,010826,0.00,0.00,,,,,,,*66
$GPNVS,5,225503,010826,5C9,0,0,+36.12,00000,00000,*2B
$GPNVS,6,0,A,0,0x00000,0x20,,0x00,00,,0x00000,,*05
$GPNVS,7,225503,010826,A,12,0x00,0,-1,0,393225,+4.32,-4.10*79
$GPNVS,9,+10000000.000,+1.87504,+10000000.00,15,+0.000,+0.39,,+36.12,50.0,99.0,*67
$GPNVS,10,1,0,0,-5,-5,2,100,0.5,3,2,30,1,+0,1.0,20,-2,1,2,8000*55
$GPNVS,1,225504,010826,A,N,0,N,0x00000,0x20,0x00,1,N*10
$GPNVS,2,225504,010826,0.00,0.00,0.00,0.00,0.00,0.00,0.00,0.00,*67
$GPNVS,3,225504,010826,+0.38,,,+4.32,-4.09,,,,1,+36.12,*64
$GPNVS,4,225504,010826,0.00,0.00,,,,,,,*61
$GPNVS,5,225504,010826,5C9,0,0,+36.12,00000,00000,*2C
$GPNVS,6,0,A,0,0x00000,0x20,,0x00,00,,0x00000,,*05
$GPNVS,7,225504,010826,A,12,0x00,0,-1,0,393225,+4.32,-4.10*7E
$GPNVS,9,+10000000.000,+1.87504,+10000000.00,15,+0.000,+0.39,,+36.12,50.0,99.0,*67
$GPNVS,10,1,0,0,-5,-5,2,100,0.5,3,2,30,1,+0,1.0,20,-2,1,2,8000*55
$GPNVS,1,225505,010826,A,N,0,N,0x00000,0x20,0x00,1,N*11
$GPNVS,2,225505,010826,0.00,0.00,0.00,0.00,0.00,0.00,0.00,0.00,*66
$GPNVS,3,225505,010826,+0.38,,,+4.32,-4.09,,,,1,+35.80,*6D
$GPNVS,4,225505,010826,0.00,0.00,,,,,,,*60
$GPNVS,5,225505,010826,5C9,0,0,+35.80,00000,00000,*25
$GPNVS,6,0,A,0,0x00000,0x20,,0x00,00,,0x00000,,*05
$GPNVS,7,225505,010826,A,12,0x00,0,-1,0,393225,+4.32,-4.10*7F
$GPNVS,9,+10000000.000,+1.87504,+10000000.00,15,+0.000,+0.39,,+35.80,50.0,99.0,*6F
$GPNVS,10,1,0,0,-5,-5,2,100,0.5,3,2,30,1,+0,1.0,20,-2,1,2,8000*55
$GPNVS,1,225506,010826,A,N,0,N,0x00000,0x20,0x00,1,N*12
$GPNVS,2,225506,010826,0.00,0.00,0.00,0.00,0.00,0.00,0.00,0.00,*65
$GPNVS,3,225506,010826,+0.38,,,+4.32,-4.09,,,,1,+35.80,*6E
$GPNVS,4,225506,010826,0.00,0.00,,,,,,,*63
$GPNVS,5,225506,010826,5C9,0,0,+35.80,00000,00000,*26
$GPNVS,6,0,A,0,0x00000,0x20,,0x00,00,,0x00000,,*05
$GPNVS,7,225506,010826,A,12,0x00,0,-1,0,393225,+4.32,-4.10*7C
$GPNVS,9,+10000000.000,+1.87504,+10000000.00,15,+0.000,+0.39,,+35.80,50.0,99.0,*6F
$GPNVS,10,1,0,0,-5,-5,2,100,0.5,3,2,30,1,+0,1.0,20,+14,1,2,8000*64
$GPNVS,1,225507,010826,A,N,0,N,0x00000,0x20,0x00,1,N*13
$GPNVS,2,225507,010826,0.00,0.00,0.00,0.00,0.00,0.00,0.00,0.00,*64
$GPNVS,3,225507,010826,+0.38,,,+4.32,-4.09,,,,1,+35.80,*6F
$GPNVS,4,225507,010826,0.00,0.00,,,,,,,*62
$GPNVS,5,225507,010826,5C9,0,0,+35.80,00000,00000,*27
$GPNVS,6,0,A,0,0x00000,0x20,,0x00,00,,0x00000,,*05
$GPNVS,7,225507,010826,A,12,0x00,0,-1,0,393225,+4.32,-4.10*7D
$GPNVS,9,+10000000.000,+1.87504,+10000000.00,15,+0.000,+0.39,,+35.80,50.0,99.0,*6F
$GPNVS,10,1,0,0,-5,-5,2,100,0.5,3,2,30,1,+0,1.0,20,+14,1,2,8000*64
$GPNVS,99,,,*5C
$GPNVS,1,225508,010826,A,N,0,N,0x00000,0x20,0x00,1,N*1C
$GPNVS,2,225508,010826,0.00,0.00,0.00,0.00,0.00,0.00,0.00,0.00,*6B
$GPNVS,3,225508,010826,+0.38,,,+4.32,-4.09,,,,1,+35.80,*60
$GPNVS,4,225508,010826,0.00,0.00,,,,,,,*6D
$GPNVS,5,225508,010826,5C9,0,0,+35.80,00000,00000,*28
$GPNVS,6,0,A,0,0x00000,0x20,,0x00,00,,0x00000,,*05
$GPNVS,7,225508,010826,A,12,0x00,0,-1,0,393225,+4.32,-4.10*72
$GPNVS,9,+10000000.000,+1.87504,+10000000.00,15,+0.000,+0.39,,+35.80,50.0,99.0,*6F
$GPNVS,10,1,0,0,-5,-5,2,100,0.5,3,2,30,1,+0,1.0,20,+14,1,2,8000*64
$GPNVS,1,225509,010826,A,N,0,N,0x00000,0x20,0x00,1,N*1D
$GPNVS,2,225509,010826,0.00,0.00,0.00,0.00,0.00,0.00,0.00,0.00,*6A
$GPNVS,3,225509,010826,+0.38,,,+4.32,-4.11,,,,1,+35.80,*68
$GPNVS,4,225509,010826,0.00,0.00,,,,,,,*6C
$GPNVS,5,225509,010826,5C9,0,0,+35.80,00000,00000,*29
$GPNVS,6,0,A,0,0x00000,0x20,,0x00,00,,0x00000,,*05
$GPNVS,7,225509,010826,A,12,0x00,0,-1,0,393225,+4.32,-4.11*72
$GPNVS,9,+10000000.000,+1.87504,+10000000.00,15,+0.000,+0.39,,+35.80,50.0,99.0,*6F
$GPNVS,10,1,0,0,-5,-5,2,100,0.5,3,2,30,1,+0,1.0,20,+14,1,2,8000*64
$GPNVS,1,225510,010826,A,N,0,N,0x00000,0x20,0x00,1,N*15
$GPNVS,2,225510,010826,0.00,0.00,0.00,0.00,0.00,0.00,0.00,0.00,*62
$GPNVS,3,225510,010826,+0.38,,,+4.32,-4.11,,,,1,+35.80,*60
$GPNVS,4,225510,010826,0.00,0.00,,,,,,,*64
$GPNVS,5,225510,010826,5C9,0,0,+35.80,00000,00000,*21
$GPNVS,6,0,A,0,0x00000,0x20,,0x00,00,,0x00000,,*05
$GPNVS,7,225510,010826,A,12,0x00,0,-1,0,393225,+4.32,-4.11*7A
$GPNVS,9,+10000000.000,+1.87504,+10000000.00,15,+0.000,+0.39,,+35.80,50.0,99.0,*6F
$GPNVS,10,1,0,0,-5,-5,2,100,0.5,3,2,30,1,+0,1.0,20,+14,1,2,8000*64
$GPNVS,1,225511,010826,A,N,0,N,0x00000,0x20,0x00,1,N*14
$GPNVS,2,225511,010826,0.00,0.00,0.00,0.00,0.00,0.00,0.00,0.00,*63
$GPNVS,3,225511,010826,+0.38,,,+4.32,-4.09,,,,1,+35.80,*68
$GPNVS,4,225511,010826,0.00,0.00,,,,,,,*65
$GPNVS,5,225511,010826,5C9,0,0,+35.80,00000,00000,*20
$GPNVS,6,0,A,0,0x00000,0x20,,0x00,00,,0x00000,,*05
$GPNVS,7,225511,010826,A,12,0x00,0,-1,0,393225,+4.32,-4.10*7A
$GPNVS,9,+10000000.000,+1.87504,+10000000.00,15,+0.000,+0.39,,+35.80,50.0,99.0,*6F
$GPNVS,10,1,0,0,-5,-5,2,100,0.5,3,2,30,1,+0,1.0,20,+14,1,2,8000*64
$GPNVS,1,225512,010826,A,N,0,N,0x00000,0x20,0x00,1,N*17
$GPNVS,2,225512,010826,0.00,0.00,0.00,0.00,0.00,0.00,0.00,0.00,*60
$GPNVS,3,225512,010826,+0.38,,,+4.32,-4.09,,,,1,+35.80,*6B
$GPNVS,4,225512,010826,0.00,0.00,,,,,,,*66
$GPNVS,5,225512,010826,5C9,0,0,+35.80,00000,00000,*23
$GPNVS,6,0,A,0,0x00000,0x20,,0x00,00,,0x00000,,*05
$GPNVS,7,225512,010826,A,12,0x00,0,-1,0,393225,+4.32,-4.10*79
$GPNVS,9,+10000000.000,+1.87504,+10000000.00,15,+0.000,+0.39,,+35.80,50.0,99.0,*6F
$GPNVS,10,1,0,0,-5,-5,2,100,0.5,3,2,30,1,+0,1.0,20,+14,1,2,8000*64
$GPNVS,1,225513,010826,A,N,0,N,0x00000,0x20,0x00,1,N*16
$GPNVS,2,225513,010826,0.00,0.00,0.00,0.00,0.00,0.00,0.00,0.00,*61
$GPNVS,3,225513,010826,+0.38,,,+4.32,-4.11,,,,1,+35.80,*63
$GPNVS,4,225513,010826,0.00,0.00,,,,,,,*67
$GPNVS,5,225513,010826,5C9,0,0,+35.80,00000,00000,*22
$GPNVS,6,0,A,0,0x00000,0x20,,0x00,00,,0x00000,,*05
$GPNVS,7,225513,010826,A,12,0x00,0,-1,0,393225,+4.32,-4.11*79
$GPNVS,9,+10000000.000,+1.87504,+10000000.00,15,+0.000,+0.39,,+35.80,50.0,99.0,*6F
$GPNVS,10,1,0,0,-5,-5,2,100,0.5,3,2,30,1,+0,1.0,20,+14,1,2,8000*64
$GPNVS,1,225514,010826,A,N,0,N,0x00000,0x20,0x00,1,N*11
$GPNVS,2,225514,010826,0.00,0.00,0.00,0.00,0.00,0.00,0.00,0.00,*66
$GPNVS,3,225514,010826,+0.38,,,+4.32,-4.11,,,,1,+35.80,*64
$GPNVS,4,225514,010826,0.00,0.00,,,,,,,*60
$GPNVS,5,225514,010826,5C9,0,0,+35.80,00000,00000,*25
$GPNVS,6,0,A,0,0x00000,0x20,,0x00,00,,0x00000,,*05
$GPNVS,7,225514,010826,A,12,0x00,0,-1,0,393225,+4.32,-4.11*7E
$GPNVS,9,+10000000.000,+1.87504,+10000000.00,15,+0.000,+0.39,,+35.80,50.0,99.0,*6F
$GPNVS,10,1,0,0,-5,-5,2,100,0.5,3,2,30,1,+0,1.0,20,+14,1,2,8000*64
$GPNVS,1,225515,010826,A,N,0,N,0x00000,0x20,0x00,1,N*10
$GPNVS,2,225515,010826,0.00,0.00,0.00,0.00,0.00,0.00,0.00,0.00,*67
$GPNVS,3,225515,010826,+0.38,,,+4.32,-4.11,,,,1,+35.80,*65
$GPNVS,4,225515,010826,0.00,0.00,,,,,,,*61
$GPNVS,5,225515,010826,5C9,0,0,+35.80,00000,00000,*24
$GPNVS,6,0,A,0,0x00000,0x20,,0x00,00,,0x00000,,*05
$GPNVS,7,225515,010826,A,12,0x00,0,-1,0,393225,+4.32,-4.11*7F
$GPNVS,9,+10000000.000,+1.87504,+10000000.00,15,+0.000,+0.39,,+35.80,50.0,99.0,*6F
$GPNVS,10,1,0,0,-5,-5,2,100,0.5,3,2,30,1,+0,1.0,20,+14,1,2,8000*64
$GPNVS,1,225516,010826,A,N,0,N,0x00000,0x20,0x00,1,N*13
$GPNVS,2,225516,010826,0.00,0.00,0.00,0.00,0.00,0.00,0.00,0.00,*64
$GPNVS,3,225516,010826,+0.38,,,+4.32,-4.09,,,,1,+36.12,*67
$GPNVS,4,225516,010826,0.00,0.00,,,,,,,*62
$GPNVS,5,225516,010826,5C9,0,0,+36.12,00000,00000,*2F
$GPNVS,6,0,A,0,0x00000,0x20,,0x00,00,,0x00000,,*05
$GPNVS,7,225516,010826,A,12,0x00,0,-1,0,393225,+4.32,-4.10*7D
$GPNVS,9,+10000000.000,+1.87504,+10000000.00,15,+0.000,+0.39,,+36.12,50.0,99.0,*67
$GPNVS,10,1,0,0,-5,-5,2,100,0.5,3,2,30,1,+0,1.0,20,+14,1,2,8000*64
$GPNVS,1,225517,010826,A,N,0,N,0x00000,0x20,0x00,1,N*12
$GPNVS,2,225517,010826,0.00,0.00,0.00,0.00,0.00,0.00,0.00,0.00,*65
$GPNVS,3,225517,010826,+0.38,,,+4.32,-4.09,,,,1,+35.80,*6E
$GPNVS,4,225517,010826,0.00,0.00,,,,,,,*63
$GPNVS,5,225517,010826,5C9,0,0,+35.80,00000,00000,*26
$GPNVS,6,0,A,0,0x00000,0x20,,0x00,00,,0x00000,,*05
$GPNVS,7,225517,010826,A,12,0x00,0,-1,0,393225,+4.32,-4.10*7C
$GPNVS,9,+10000000.000,+1.87504,+10000000.00,15,+0.000,+0.39,,+35.80,50.0,99.0,*6F
$GPNVS,10,1,0,0,-5,-5,2,100,0.5,3,2,30,1,+0,1.0,20,-6,1,2,8000*51
$GPNVS,1,225518,010826,A,N,0,N,0x00000,0x20,0x00,1,N*1D
$GPNVS,2,225518,010826,0.00,0.00,0.00,0.00,0.00,0.00,0.00,0.00,*6A
$GPNVS,3,225518,010826,+0.38,,,+4.32,-4.11,,,,1,+35.80,*68
$GPNVS,4,225518,010826,0.00,0.00,,,,,,,*6C
$GPNVS,5,225518,010826,5C9,0,0,+35.80,00000,00000,*29
$GPNVS,6,0,A,0,0x00000,0x20,,0x00,00,,0x00000,,*05
$GPNVS,7,225518,010826,A,12,0x00,0,-1,0,393225,+4.32,-4.11*72
$GPNVS,9,+10000000.000,+1.87504,+10000000.00,15,+0.000,+0.39,,+35.80,50.0,99.0,*6F
$GPNVS,10,1,0,0,-5,-5,2,100,0.5,3,2,30,1,+0,1.0,20,-6,1,2,8000*51
$GPNVS,1,225519,010826,A,N,0,N,0x00000,0x20,0x00,1,N*1C
$GPNVS,2,225519,010826,0.00,0.00,0.00,0.00,0.00,0.00,0.00,0.00,*6B
$GPNVS,3,225519,010826,+0.38,,,+4.32,-4.09,,,,1,+35.80,*60
$GPNVS,4,225519,010826,0.00,0.00,,,,,,,*6D
$GPNVS,5,225519,010826,5C9,0,0,+35.80,00000,00000,*28
$GPNVS,6,0,A,0,0x00000,0x20,,0x00,00,,0x00000,,*05
$GPNVS,7,225519,010826,A,12,0x00,0,-1,0,393225,+4.32,-4.10*72
$GPNVS,9,+10000000.000,+1.87504,+10000000.00,15,+0.000,+0.39,,+35.80,50.0,99.0,*6F
$GPNVS,10,1,0,0,-5,-5,2,100,0.5,3,2,30,1,+0,1.0,20,-6,1,2,8000*51
$GPNVS,1,225520,010826,A,N,0,N,0x00000,0x20,0x00,1,N*16
$GPNVS,2,225520,010826,0.00,0.00,0.00,0.00,0.00,0.00,0.00,0.00,*61
$GPNVS,3,225520,010826,+0.38,,,+4.32,-4.09,,,,1,+35.80,*6A
$GPNVS,4,225520,010826,0.00,0.00,,,,,,,*67
$GPNVS,5,225520,010826,5C9,0,0,+35.80,00000,00000,*22
$GPNVS,6,0,A,0,0x00000,0x20,,0x00,00,,0x00000,,*05
$GPNVS,7,225520,010826,A,12,0x00,0,-1,0,393225,+4.32,-4.10*78
$GPNVS,9,+10000000.000,+1.87504,+10000000.00,15,+0.000,+0.39,,+35.80,50.0,99.0,*6F
$GPNVS,10,1,0,0,-5,-5,2,100,0.5,3,2,30,1,+0,1.0,20,-6,1,2,8000*51
$GPNVS,1,225521,010826,A,N,0,N,0x00000,0x20,0x00,1,N*17
$GPNVS,2,225521,010826,0.00,0.00,0.00,0.00,0.00,0.00,0.00,0.00,*60
$GPNVS,3,225521,010826,+0.38,,,+4.32,-4.09,,,,1,+35.80,*6B
$GPNVS,4,225521,010826,0.00,0.00,,,,,,,*66
$GPNVS,5,225521,010826,5C9,0,0,+35.80,00000,00000,*23
$GPNVS,6,0,A,0,0x00000,0x20,,0x00,00,,0x00000,,*05
$GPNVS,7,225521,010826,A,12,0x00,0,-1,0,393225,+4.32,-4.10*79
$GPNVS,9,+10000000.000,+1.87504,+10000000.00,15,+0.000,+0.39,,+35.80,50.0,99.0,*6F
$GPNVS,10,1,0,0,-5,-5,2,100,0.5,3,2,30,1,+0,1.0,20,-6,1,2,8000*51
$GPNVS,1,225522,010826,A,N,0,N,0x00000,0x20,0x00,1,N*14
$GPNVS,2,225522,010826,0.00,0.00,0.00,0.00,0.00,0.00,0.00,0.00,*63
$GPNVS,3,225522,010826,+0.38,,,+4.32,-4.11,,,,1,+35.80,*61
$GPNVS,4,225522,010826,0.00,0.00,,,,,,,*65
$GPNVS,5,225522,010826,5C9,0,0,+35.80,00000,00000,*20
$GPNVS,6,0,A,0,0x00000,0x20,,0x00,00,,0x00000,,*05
$GPNVS,7,225522,010826,A,12,0x00,0,-1,0,393225,+4.32,-4.11*7B
$GPNVS,9,+10000000.000,+1.87504,+10000000.00,15,+0.000,+0.39,,+35.80,50.0,99.0,*6F
$GPNVS,10,1,0,0,-5,-5,2,100,0.5,3,2,30,1,+0,1.0,20,-6,1,2,8000*51
$GPNVS,99,,,*5C
$GPNVS,1,225523,010826,A,N,0,N,0x00000,0x20,0x00,1,N*15
$GPNVS,2,225523,010826,0.00,0.00,0.00,0.00,0.00,0.00,0.00,0.00,*62
$GPNVS,3,225523,010826,+0.38,,,+4.32,-4.11,,,,1,+36.12,*68
$GPNVS,4,225523,010826,0.00,0.00,,,,,,,*64
$GPNVS,5,225523,010826,5C9,0,0,+36.12,00000,00000,*29
$GPNVS,6,0,A,0,0x00000,0x20,,0x00,00,,0x00000,,*05
$GPNVS,7,225523,010826,A,12,0x00,0,-1,0,393225,+4.32,-4.11*7A
$GPNVS,9,+10000000.001,+1.87504,+10000000.00,15,+0.000,+0.39,,+36.12,50.0,99.0,*66
$GPNVS,10,1,0,0,-5,-5,2,100,0.5,3,2,30,1,+0,1.0,20,-6,1,2,8000*51
$GPNVS,1,225524,010826,A,N,0,N,0x00000,0x20,0x00,1,N*12
$GPNVS,2,225524,010826,0.00,0.00,0.00,0.00,0.00,0.00,0.00,0.00,*65
$GPNVS,3,225524,010826,+0.38,,,+4.32,-4.11,,,,1,+36.12,*6F
$GPNVS,4,225524,010826,0.00,0.00,,,,,,,*63
$GPNVS,5,225524,010826,5C9,0,0,+36.12,00000,00000,*2E
$GPNVS,6,0,A,0,0x00000,0x20,,0x00,00,,0x00000,,*05
$GPNVS,7,225524,010826,A,12,0x00,0,-1,0,393225,+4.32,-4.11*7D
$GPNVS,9,+10000000.000,+1.87504,+10000000.00,15,+0.000,+0.39,,+36.12,50.0,99.0,*67
$GPNVS,10,1,0,0,-5,-5,2,100,0.5,3,2,30,1,+0,1.0,20,-6,1,2,8000*51
$GPNVS,1,225525,010826,A,N,0,N,0x00000,0x20,0x00,1,N*13
$GPNVS,2,225525,010826,0.00,0.00,0.00,0.00,0.00,0.00,0.00,0.00,*64
$GPNVS,3,225525,010826,+0.38,,,+4.32,-4.09,,,,1,+36.12,*67
$GPNVS,4,225525,010826,0.00,0.00,,,,,,,*62
$GPNVS,5,225525,010826,5C9,0,0,+36.12,00000,00000,*2F
$GPNVS,6,0,A,0,0x00000,0x20,,0x00,00,,0x00000,,*05
$GPNVS,7,225525,010826,A,12,0x00,0,-1,0,393225,+4.32,-4.10*7D
$GPNVS,9,+10000000.001,+1.87504,+10000000.00,15,+0.000,+0.39,,+36.12,50.0,99.0,*66
$GPNVS,10,1,0,0,-5,-5,2,100,0.5,3,2,30,1,+0,1.0,20,-6,1,2,8000*51
$GPNVS,1,225526,010826,A,N,0,N,0x00000,0x20,0x00,1,N*10
$GPNVS,2,225526,010826,0.00,0.00,0.00,0.00,0.00,0.00,0.00,0.00,*67
$GPNVS,3,225526,010826,+0.38,,,+4.32,-4.09,,,,1,+35.80,*6C
$GPNVS,4,225526,010826,0.00,0.00,,,,,,,*61
$GPNVS,5,225526,010826,5C9,0,0,+35.80,00000,00000,*24
$GPNVS,6,0,A,0,0x00000,0x20,,0x00,00,,0x00000,,*05
$GPNVS,7,225526,010826,A,12,0x00,0,-1,0,393225,+4.32,-4.10*7E
$GPNVS,9,+10000000.000,+1.87504,+10000000.00,15,+0.000,+0.39,,+35.80,50.0,99.0,*6F
$GPNVS,10,1,0,0,-5,-5,2,100,0.5,3,2,30,1,+0,1.0,20,-6,1,2,8000*51
$GPNVS,1,225527,010826,A,N,0,N,0x00000,0x20,0x00,1,N*11
$GPNVS,2,225527,010826,0.00,0.00,0.00,0.00,0.00,0.00,0.00,0.00,*66
$GPNVS,3,225527,010826,+0.38,,,+4.32,-4.09,,,,1,+35.80,*6D
$GPNVS,4,225527,010826,0.00,0.00,,,,,,,*60
$GPNVS,5,225527,010826,5C9,0,0,+35.80,00000,00000,*25
$GPNVS,6,0,A,0,0x00000,0x20,,0x00,00,,0x00000,,*05
$GPNVS,7,225527,010826,A,12,0x00,0,-1,0,393225,+4.32,-4.10*7F
$GPNVS,9,+10000000.000,+1.87504,+10000000.00,15,+0.000,+0.39,,+35.80,50.0,99.0,*6F
$GPNVS,10,1,0,0,-5,-5,2,100,0.5,3,2,30,1,+0,1.0,20,-6,1,2,8000*51
$GPNVS,1,225528,010826,A,N,0,N,0x00000,0x20,0x00,1,N*1E
$GPNVS,2,225528,010826,0.00,0.00,0.00,0.00,0.00,0.00,0.00,0.00,*69
$GPNVS,3,225528,010826,+0.38,,,+4.32,-4.09,,,,1,+35.80,*62
$GPNVS,4,225528,010826,0.00,0.00,,,,,,,*6F
$GPNVS,5,225528,010826,5C9,0,0,+35.80,00000,00000,*2A
$GPNVS,6,0,A,0,0x00000,0x20,,0x00,00,,0x00000,,*05
$GPNVS,7,225528,010826,A,12,0x00,0,-1,0,393225,+4.32,-4.10*70
$GPNVS,9,+10000000.001,+1.87504,+10000000.00,15,+0.000,+0.39,,+35.80,50.0,99.0,*6E
$GPNVS,10,1,0,0,-5,-5,2,100,0.5,3,2,30,1,+0,1.0,20,+10,1,2,8000*60
$GPNVS,1,225529,010826,A,N,0,N,0x00000,0x20,0x00,1,N*1F
$GPNVS,2,225529,010826,0.00,0.00,0.00,0.00,0.00,0.00,0.00,0.00,*68
$GPNVS,3,225529,010826,+0.38,,,+4.32,-4.09,,,,1,+36.12,*6B
$GPNVS,4,225529,010826,0.00,0.00,,,,,,,*6E
$GPNVS,5,225529,010826,5C9,0,0,+36.12,00000,00000,*23
$GPNVS,6,0,A,0,0x00000,0x20,,0x00,00,,0x00000,,*05
$GPNVS,7,225529,010826,A,12,0x00,0,-1,0,393225,+4.32,-4.10*71
$GPNVS,9,+10000000.000,+1.87504,+10000000.00,15,+0.000,+0.39,,+36.12,50.0,99.0,*67
$GPNVS,10,1,0,0,-5,-5,2,100,0.5,3,2,30,1,+0,1.0,20,+10,1,2,8000*60
$GPNVS,1,225530,010826,A,N,0,N,0x00000,0x20,0x00,1,N*17
$GPNVS,2,225530,010826,0.00,0.00,0.00,0.00,0.00,0.00,0.00,0.00,*60
$GPNVS,3,225530,010826,+0.38,,,+4.32,-4.09,,,,1,+35.80,*6B
$GPNVS,4,225530,010826,0.00,0.00,,,,,,,*66
$GPNVS,5,225530,010826,5C9,0,0,+35.80,00000,00000,*23
$GPNVS,6,0,A,0,0x00000,0x20,,0x00,00,,0x00000,,*05
$GPNVS,7,225530,010826,A,12,0x00,0,-1,0,393225,+4.32,-4.10*79
$GPNVS,9,+10000000.000,+1.87504,+10000000.00,15,+0.000,+0.39,,+35.80,50.0,99.0,*6F
$GPNVS,10,1,0,0,-5,-5,2,100,0.5,3,2,30,1,+0,1.0,20,+10,1,2,8000*60
$GPNVS,1,225531,010826,A,N,0,N,0x00000,0x20,0x00,1,N*16
$GPNVS,2,225531,010826,0.00,0.00,0.00,0.00,0.00,0.00,0.00,0.00,*61
$GPNVS,3,225531,010826,+0.38,,,+4.32,-4.09,,,,1,+36.12,*62
$GPNVS,4,225531,010826,0.00,0.00,,,,,,,*67
$GPNVS,5,225531,010826,5C9,0,0,+36.12,00000,00000,*2A
$GPNVS,6,0,A,0,0x00000,0x20,,0x00,00,,0x00000,,*05
$GPNVS,7,225531,010826,A,12,0x00,0,-1,0,393225,+4.32,-4.10*78
$GPNVS,9,+10000000.000,+1.87504,+10000000.00,15,+0.000,+0.39,,+36.12,50.0,99.0,*67
$GPNVS,10,1,0,0,-5,-5,2,100,0.5,3,2,30,1,+0,1.0,20,+10,1,2,8000*60
$GPNVS,1,225532,010826,A,N,0,N,0x00000,0x20,0x00,1,N*15
$GPNVS,2,225532,010826,0.00,0.00,0.00,0.00,0.00,0.00,0.00,0.00,*62
$GPNVS,3,225532,010826,+0.38,,,+4.32,-4.11,,,,1,+36.12,*68
$GPNVS,4,225532,010826,0.00,0.00,,,,,,,*64
$GPNVS,5,225532,010826,5C9,0,0,+36.12,00000,00000,*29
$GPNVS,6,0,A,0,0x00000,0x20,,0x00,00,,0x00000,,*05
$GPNVS,7,225532,010826,A,12,0x00,0,-1,0,393225,+4.32,-4.11*7A
$GPNVS,9,+10000000.000,+1.87504,+10000000.00,15,+0.000,+0.39,,+36.12,50.0,99.0,*67
$GPNVS,10,1,0,0,-5,-5,2,100,0.5,3,2,30,1,+0,1.0,20,+10,1,2,8000*60
$GPNVS,1,225533,010826,A,N,0,N,0x00000,0x20,0x00,1,N*14
$GPNVS,2,225533,010826,0.00,0.00,0.00,0.00,0.00,0.00,0.00,0.00,*63
$GPNVS,3,225533,010826,+0.38,,,+4.32,-4.09,,,,1,+36.12,*60
$GPNVS,4,225533,010826,0.00,0.00,,,,,,,*65
$GPNVS,5,225533,010826,5C9,0,0,+36.12,00000,00000,*28
$GPNVS,6,0,A,0,0x00000,0x20,,0x00,00,,0x00000,,*05
$GPNVS,7,225533,010826,A,12,0x00,0,0,0,393225,+4.32,-4.10*56
$GPNVS,9,+9999999.9989,+1.87504,+9999999.949,15,+0.000,+0.39,,+36.12,50.0,99.0,*62
$GPNVS,10,1,0,0,+0,+0,2,100,0.5,3,2,30,1,+0,1.0,20,+10,1,2,8000*60
$GPNVS,1,225534,010826,A,N,0,N,0x00000,0x20,0x00,1,N*13
$GPNVS,2,225534,010826,0.00,0.00,0.00,0.00,0.00,0.00,0.00,0.00,*64
$GPNVS,3,225534,010826,+0.38,,,+4.32,-4.11,,,,1,+36.12,*6E
$GPNVS,4,225534,010826,0.00,0.00,,,,,,,*62
$GPNVS,5,225534,010826,5C9,0,0,+36.12,00000,00000,*2F
$GPNVS,6,0,A,0,0x00000,0x20,,0x00,00,,0x00000,,*05
$GPNVS,7,225534,010826,A,12,0x00,0,0,0,393225,+4.32,-4.11*50
$GPNVS,9,+9999999.9989,+1.87504,+10000000.00,15,+0.000,+0.39,,+36.12,50.0,99.0,*6E
$GPNVS,10,1,0,0,+0,+0,2,100,0.5,3,2,30,1,+0,1.0,20,+10,1,2,8000*60
$GPNVS,1,225535,010826,A,N,0,N,0x00000,0x20,0x00,1,N*12
$GPNVS,2,225535,010826,0.00,0.00,0.00,0.00,0.00,0.00,0.00,0.00,*65
$GPNVS,3,225535,010826,+0.38,,,+4.32,-4.11,,,,1,+35.80,*67
$GPNVS,4,225535,010826,0.00,0.00,,,,,,,*63
$GPNVS,5,225535,010826,5C9,0,0,+35.80,00000,00000,*26
$GPNVS,6,0,A,0,0x00000,0x20,,0x00,00,,0x00000,,*05
$GPNVS,7,225535,010826,A,12,0x00,0,0,0,393225,+4.32,-4.11*51
$GPNVS,9,+9999999.9989,+1.87504,+10000000.00,15,+0.000,+0.39,,+35.80,50.0,99.0,*66
$GPNVS,10,1,0,0,+0,+0,2,100,0.5,3,2,30,1,+0,1.0,20,+10,1,2,8000*60
$GPNVS,1,225536,010826,A,N,0,N,0x00000,0x20,0x00,1,N*11
$GPNVS,2,225536,010826,0.00,0.00,0.00,0.00,0.00,0.00,0.00,0.00,*66
$GPNVS,3,225536,010826,+0.38,,,+4.32,-4.09,,,,1,+35.80,*6D
$GPNVS,4,225536,010826,0.00,0.00,,,,,,,*60
$GPNVS,5,225536,010826,5C9,0,0,+35.80,00000,00000,*25
$GPNVS,6,0,A,0,0x00000,0x20,,0x00,00,,0x00000,,*05
$GPNVS,7,225536,010826,A,12,0x00,0,-1,0,393225,+4.32,-4.10*7F
$GPNVS,9,+10000000.000,+1.87504,+10000000.05,15,+0.000,+0.39,,+35.80,50.0,99.0,*6A
$GPNVS,10,1,0,0,-5,+0,2,100,0.5,3,2,30,1,+0,1.0,20,+10,1,2,8000*63
$GPNVS,1,225537,010826,A,N,0,N,0x00000,0x20,0x00,1,N*10
$GPNVS,2,225537,010826,0.00,0.00,0.00,0.00,0.00,0.00,0.00,0.00,*67
$GPNVS,3,225537,010826,+0.38,,,+4.32,-4.09,,,,1,+35.80,*6C
$GPNVS,4,225537,010826,0.00,0.00,,,,,,,*61
$GPNVS,5,225537,010826,5C9,0,0,+35.80,00000,00000,*24
$GPNVS,6,0,A,0,0x00000,0x20,,0x00,00,,0x00000,,*05
$GPNVS,7,225537,010826,A,12,0x00,0,-1,0,393225,+4.32,-4.10*7E
$GPNVS,9,+10000000.000,+1.87504,+10000000.00,15,+0.000,+0.39,,+35.80,50.0,99.0,*6F
$GPNVS,10,1,0,0,-5,-5,2,100,0.5,3,2,30,1,+0,1.0,20,+10,1,2,8000*60
$GPNVS,99,,,*5C
$GPNVS,1,225538,010826,A,N,0,N,0x00000,0x20,0x00,1,N*1F
$GPNVS,2,225538,010826,0.00,0.00,0.00,0.00,0.00,0.00,0.00,0.00,*68
$GPNVS,3,225538,010826,+0.38,,,+4.32,-4.09,,,,1,+35.80,*63
$GPNVS,4,225538,010826,0.00,0.00,,,,,,,*6E
$GPNVS,5,225538,010826,5C9,0,0,+35.80,00000,00000,*2B
$GPNVS,6,0,A,0,0x00000,0x20,,0x00,00,,0x00000,,*05
$GPNVS,7,225538,010826,A,12,0x00,0,-1,0,393225,+4.32,-4.10*71
$GPNVS,9,+10000000.000,+1.87504,+10000000.00,15,+0.000,+0.39,,+35.80,50.0,99.0,*6F
$GPNVS,10,1,0,0,-5,-5,2,100,0.5,3,2,30,1,+0,1.0,20,-10,1,2,8000*66
$GPNVS,1,225539,010826,A,N,0,N,0x00000,0x20,0x00,1,N*1E
$GPNVS,2,225539,010826,0.00,0.00,0.00,0.00,0.00,0.00,0.00,0.00,*69
$GPNVS,3,225539,010826,+0.38,,,+4.32,-4.09,,,,1,+35.80,*62
$GPNVS,4,225539,010826,0.00,0.00,,,,,,,*6F
$GPNVS,5,225539,010826,5C9,0,0,+35.80,00000,00000,*2A
$GPNVS,6,0,A,0,0x00000,0x20,,0x00,00,,0x00000,,*05
$GPNVS,7,225539,010826,A,12,0x00,0,-1,0,393225,+4.32,-4.10*70
$GPNVS,9,+10000000.000,+1.87504,+10000000.00,15,+0.000,+0.39,,+35.80,50.0,99.0,*6F
$GPNVS,10,1,0,0,-5,-5,2,100,0.5,3,2,30,1,+0,1.0,20,-10,1,2,8000*66
$GPNVS,1,225540,010826,A,N,0,N,0x00000,0x20,0x00,1,N*10
$GPNVS,2,225540,010826,0.00,0.00,0.00,0.00,0.00,0.00,0.00,0.00,*67
$GPNVS,3,225540,010826,+0.38,,,+4.32,-4.09,,,,1,+35.80,*6C
$GPNVS,4,225540,010826,0.00,0.00,,,,,,,*61
$GPNVS,5,225540,010826,5C9,0,0,+35.80,00000,00000,*24
$GPNVS,6,0,A,0,0x00000,0x20,,0x00,00,,0x00000,,*05
$GPNVS,7,225540,010826,A,12,0x00,0,-1,0,393225,+4.32,-4.10*7E
$GPNVS,9,+10000000.000,+1.87504,+10000000.00,15,+0.000,+0.39,,+35.80,50.0,99.0,*6F
$GPNVS,10,1,0,0,-5,-5,2,100,0.5,3,2,30,1,+0,1.0,20,-10,1,2,8000*66
$GPNVS,1,225541,010826,A,N,0,N,0x00000,0x20,0x00,1,N*11
$GPNVS,2,225541,010826,0.00,0.00,0.00,0.00,0.00,0.00,0.00,0.00,*66
$GPNVS,3,225541,010826,+0.38,,,+4.32,-4.11,,,,1,+35.80,*64
$GPNVS,4,225541,010826,0.00,0.00,,,,,,,*60
$GPNVS,5,225541,010826,5C9,0,0,+35.80,00000,00000,*25
$GPNVS,6,0,A,0,0x00000,0x20,,0x00,00,,0x00000,,*05
$GPNVS,7,225541,010826,A,12,0x00,0,-1,0,393225,+4.32,-4.11*7E
$GPNVS,9,+10000000.000,+1.87504,+10000000.00,15,+0.000,+0.39,,+35.80,50.0,99.0,*6F
$GPNVS,10,1,0,0,-5,-5,2,100,0.5,3,2,30,1,+0,1.0,20,-10,1,2,8000*66
$GPNVS,1,225542,010826,A,N,0,N,0x00000,0x20,0x00,1,N*12
$GPNVS,2,225542,010826,0.00,0.00,0.00,0.00,0.00,0.00,0.00,0.00,*65
$GPNVS,3,225542,010826,+0.38,,,+4.32,-4.09,,,,1,+35.80,*6E
$GPNVS,4,225542,010826,0.00,0.00,,,,,,,*63
$GPNVS,5,225542,010826,5C9,0,0,+35.80,00000,00000,*26
$GPNVS,6,0,A,0,0x00000,0x20,,0x00,00,,0x00000,,*05
$GPNVS,7,225542,010826,A,12,0x00,0,-1,0,393225,+4.32,-4.10*7C
$GPNVS,9,+10000000.000,+1.87504,+10000000.00,15,+0.000,+0.39,,+35.80,50.0,99.0,*6F
$GPNVS,10,1,0,0,-5,-5,2,100,0.5,3,2,30,1,+0,1.0,20,-10,1,2,8000*66
$GPNVS,1,225543,010826,A,N,0,N,0x00000,0x20,0x00,1,N*13
$GPNVS,2,225543,010826,0.00,0.00,0.00,0.00,0.00,0.00,0.00,0.00,*64
$GPNVS,3,225543,010826,+0.38,,,+4.32,-4.09,,,,1,+35.80,*6F
$GPNVS,4,225543,010826,0.00,0.00,,,,,,,*62
$GPNVS,5,225543,010826,5C9,0,0,+35.80,00000,00000,*27
$GPNVS,6,0,A,0,0x00000,0x20,,0x00,00,,0x00000,,*05
$GPNVS,7,225543,010826,A,12,0x00,0,-1,0,393225,+4.32,-4.10*7D
$GPNVS,9,+10000000.000,+1.87504,+10000000.00,15,+0.000,+0.39,,+35.80,50.0,99.0,*6F
$GPNVS,10,1,0,0,-5,-5,2,100,0.5,3,2,30,1,+0,1.0,20,-10,1,2,8000*66
$GPNVS,1,225544,010826,A,N,0,N,0x00000,0x20,0x00,1,N*14
$GPNVS,2,225544,010826,0.00,0.00,0.00,0.00,0.00,0.00,0.00,0.00,*63
$GPNVS,3,225544,010826,+0.38,,,+4.32,-4.09,,,,1,+35.80,*68
$GPNVS,4,225544,010826,0.00,0.00,,,,,,,*65
$GPNVS,5,225544,010826,5C9,0,0,+35.80,00000,00000,*20
$GPNVS,6,0,A,0,0x00000,0x20,,0x00,00,,0x00000,,*05
$GPNVS,7,225544,010826,A,12,0x00,0,-1,0,393225,+4.32,-4.10*7A
$GPNVS,9,+10000000.000,+1.87504,+10000000.00,15,+0.000,+0.39,,+35.80,50.0,99.0,*6F
$GPNVS,10,1,0,0,-5,-5,2,100,0.5,3,2,30,1,+0,1.0,20,-10,1,2,8000*66
$GPNVS,1,225545,010826,A,N,0,N,0x00000,0x20,0x00,1,N*15
$GPNVS,2,225545,010826,0.00,0.00,0.00,0.00,0.00,0.00,0.00,0.00,*62
$GPNVS,3,225545,010826,+0.38,,,+4.32,-4.09,,,,1,+35.80,*69
$GPNVS,4,225545,010826,0.00,0.00,,,,,,,*64
$GPNVS,5,225545,010826,5C9,0,0,+35.80,00000,00000,*21
$GPNVS,6,0,A,0,0x00000,0x20,,0x00,00,,0x00000,,*05
$GPNVS,7,225545,010826,A,12,0x00,0,-1,0,393225,+4.32,-4.10*7B
$GPNVS,9,+10000000.000,+1.87504,+10000000.00,15,+0.000,+0.39,,+35.80,50.0,99.0,*6F
$GPNVS,10,1,0,0,-5,-5,2,100,0.5,3,2,30,1,+0,1.0,20,-10,1,2,8000*66
$GPNVS,1,225546,010826,A,N,0,N,0x00000,0x20,0x00,1,N*16
$GPNVS,2,225546,010826,0.00,0.00,0.00,0.00,0.00,0.00,0.00,0.00,*61
$GPNVS,3,225546,010826,+0.38,,,+4.32,-4.09,,,,1,+35.80,*6A
$GPNVS,4,225546,010826,0.00,0.00,,,,,,,*67
$GPNVS,5,225546,010826,5C9,0,0,+35.80,00000,00000,*22
$GPNVS,6,0,A,0,0x00000,0x20,,0x00,00,,0x00000,,*05
$GPNVS,7,225546,010826,A,12,0x00,0,-1,0,393225,+4.32,-4.10*78
$GPNVS,9,+10000000.000,+1.87504,+10000000.00,15,+0.000,+0.39,,+35.80,50.0,99.0,*6F
$GPNVS,10,1,0,0,-5,-5,2,100,0.5,3,2,30,1,+0,1.0,20,-10,1,2,8000*66
$GPNVS,1,225547,010826,A,N,0,N,0x00000,0x20,0x00,1,N*17
$GPNVS,2,225547,010826,0.00,0.00,0.00,0.00,0.00,0.00,0.00,0.00,*60
$GPNVS,3,225547,010826,+0.38,,,+4.32,-4.11,,,,1,+35.80,*62
$GPNVS,4,225547,010826,0.00,0.00,,,,,,,*66
$GPNVS,5,225547,010826,5C9,0,0,+35.80,00000,00000,*23
$GPNVS,6,0,A,0,0x00000,0x20,,0x00,00,,0x00000,,*05
$GPNVS,7,225547,010826,A,12,0x00,0,-1,0,393225,+4.32,-4.11*78
$GPNVS,9,+10000000.000,+1.87504,+10000000.00,15,+0.000,+0.39,,+35.80,50.0,99.0,*6F
$GPNVS,10,1,0,0,-5,-5,2,100,0.5,3,2,30,1,+0,1.0,20,-10,1,2,8000*66
$GPNVS,1,225548,010826,A,N,0,N,0x00000,0x20,0x00,1,N*18
$GPNVS,2,225548,010826,0.00,0.00,0.00,0.00,0.00,0.00,0.00,0.00,*6F
$GPNVS,3,225548,010826,+0.38,,,+4.32,-4.09,,,,1,+35.80,*64
$GPNVS,4,225548,010826,0.00,0.00,,,,,,,*69
$GPNVS,5,225548,010826,5C9,0,0,+35.80,00000,00000,*2C
$GPNVS,6,0,A,0,0x00000,0x20,,0x00,00,,0x00000,,*05
$GPNVS,7,225548,010826,A,12,0x00,0,-1,0,393225,+4.32,-4.10*76
$GPNVS,9,+10000000.000,+1.87504,+10000000.00,15,+0.000,+0.39,,+35.80,50.0,99.0,*6F
$GPNVS,10,1,0,0,-5,-5,2,100,0.5,3,2,30,1,+0,1.0,20,-10,1,2,8000*66
$GPNVS,1,225549,010826,A,N,0,N,0x00000,0x20,0x00,1,N*19
$GPNVS,2,225549,010826,0.00,0.00,0.00,0.00,0.00,0.00,0.00,0.00,*6E
$GPNVS,3,225549,010826,+0.38,,,+4.32,-4.11,,,,1,+35.80,*6C
$GPNVS,4,225549,010826,0.00,0.00,,,,,,,*68
$GPNVS,5,225549,010826,5C9,0,0,+35.80,00000,00000,*2D
$GPNVS,6,0,A,0,0x00000,0x20,,0x00,00,,0x00000,,*05
$GPNVS,7,225549,010826,A,12,0x00,0,-1,0,393225,+4.32,-4.11*76
$GPNVS,9,+10000000.000,+1.87504,+10000000.00,15,+0.000,+0.39,,+35.80,50.0,99.0,*6F
$GPNVS,10,1,0,0,-5,-5,2,100,0.5,3,2,30,1,+0,1.0,20,+6,1,2,8000*57
$GPNVS,1,225550,010826,A,N,0,N,0x00000,0x20,0x00,1,N*11
$GPNVS,2,225550,010826,0.00,0.00,0.00,0.00,0.00,0.00,0.00,0.00,*66
$GPNVS,3,225550,010826,+0.38,,,+4.32,-4.11,,,,1,+35.80,*64
$GPNVS,4,225550,010826,0.00,0.00,,,,,,,*60
$GPNVS,5,225550,010826,5C9,0,0,+35.80,00000,00000,*25
$GPNVS,6,0,A,0,0x00000,0x20,,0x00,00,,0x00000,,*05
$GPNVS,7,225550,010826,A,12,0x00,0,-1,0,393225,+4.32,-4.11*7E
$GPNVS,9,+10000000.000,+1.87504,+10000000.00,15,+0.000,+0.39,,+35.80,50.0,99.0,*6F
$GPNVS,10,1,0,0,-5,-5,2,100,0.5,3,2,30,1,+0,1.0,20,+6,1,2,8000*57
$GPNVS,1,225551,010826,A,N,0,N,0x00000,0x20,0x00,1,N*10
$GPNVS,2,225551,010826,0.00,0.00,0.00,0.00,0.00,0.00,0.00,0.00,*67
$GPNVS,3,225551,010826,+0.38,,,+4.32,-4.11,,,,1,+35.80,*65
$GPNVS,4,225551,010826,0.00,0.00,,,,,,,*61
$GPNVS,5,225551,010826,5C9,0,0,+35.80,00000,00000,*24
$GPNVS,6,0,A,0,0x00000,0x20,,0x00,00,,0x00000,,*05
$GPNVS,7,225551,010826,A,12,0x00,0,-1,0,393225,+4.32,-4.11*7F
$GPNVS,9,+10000000.000,+1.87504,+10000000.00,15,+0.000,+0.39,,+35.80,50.0,99.0,*6F
$GPNVS,10,1,0,0,-5,-5,2,100,0.5,3,2,30,1,+0,1.0,20,+6,1,2,8000*57
$GPNVS,1,225552,010826,A,N,0,N,0x00000,0x20,0x00,1,N*13
$GPNVS,2,225552,010826,0.00,0.00,0.00,0.00,0.00,0.00,0.00,0.00,*64
$GPNVS,3,225552,010826,+0.38,,,+4.32,-4.11,,,,1,+35.80,*66
$GPNVS,4,225552,010826,0.00,0.00,,,,,,,*62
$GPNVS,5,225552,010826,5C9,0,0,+35.80,00000,00000,*27
$GPNVS,6,0,A,0,0x00000,0x20,,0x00,00,,0x00000,,*05
$GPNVS,7,225552,010826,A,12,0x00,0,-1,0,393225,+4.32,-4.11*7C
$GPNVS,9,+10000000.000,+1.87504,+10000000.00,15,+0.000,+0.39,,+35.80,50.0,99.0,*6F
$GPNVS,10,1,0,0,-5,-5,2,100,0.5,3,2,30,1,+0,1.0,20,+6,1,2,8000*57
$GPNVS,99,,,*5C
$GPNVS,1,225553,010826,A,N,0,N,0x00000,0x20,0x00,1,N*12
$GPNVS,2,225553,010826,0.00,0.00,0.00,0.00,0.00,0.00,0.00,0.00,*65
$GPNVS,3,225553,010826,+0.38,,,+4.32,-4.09,,,,1,+35.80,*6E
$GPNVS,4,225553,010826,0.00,0.00,,,,,,,*63
$GPNVS,5,225553,010826,5C9,0,0,+35.80,00000,00000,*26
$GPNVS,6,0,A,0,0x00000,0x20,,0x00,00,,0x00000,,*05
$GPNVS,7,225553,010826,A,12,0x00,0,-1,0,393225,+4.32,-4.10*7C
$GPNVS,9,+10000000.000,+1.87504,+10000000.00,15,+0.000,+0.39,,+35.80,50.0,99.0,*6F
$GPNVS,10,1,0,0,-5,-5,2,100,0.5,3,2,30,1,+0,1.0,20,+6,1,2,8000*57
$GPNVS,1,225554,010826,A,N,0,N,0x00000,0x20,0x00,1,N*15
$GPNVS,2,225554,010826,0.00,0.00,0.00,0.00,0.00,0.00,0.00,0.00,*62
$GPNVS,3,225554,010826,+0.38,,,+4.32,-4.09,,,,1,+35.80,*69
$GPNVS,4,225554,010826,0.00,0.00,,,,,,,*64
$GPNVS,5,225554,010826,5C9,0,0,+35.80,00000,00000,*21
$GPNVS,6,0,A,0,0x00000,0x20,,0x00,00,,0x00000,,*05
$GPNVS,7,225554,010826,A,12,0x00,0,-2,0,393225,+4.32,-4.10*78
$GPNVS,9,+10000000.001,+1.87504,+10000000.05,15,+0.000,+0.39,,+35.80,50.0,99.0,*6B
$GPNVS,10,1,0,0,-10,-5,2,100,0.5,3,2,30,1,+0,1.0,20,+6,1,2,8000*63
$GPNVS,1,225555,010826,A,N,0,N,0x00000,0x20,0x00,1,N*14
$GPNVS,2,225555,010826,0.00,0.00,0.00,0.00,0.00,0.00,0.00,0.00,*63
$GPNVS,3,225555,010826,+0.38,,,+4.32,-4.09,,,,1,+35.80,*68
$GPNVS,4,225555,010826,0.00,0.00,,,,,,,*65
$GPNVS,5,225555,010826,5C9,0,0,+35.80,00000,00000,*20
$GPNVS,6,0,A,0,0x00000,0x20,,0x00,00,,0x00000,,*05
$GPNVS,7,225555,010826,A,12,0x00,0,-1,0,393225,+4.32,-4.10*7A
$GPNVS,9,+10000000.000,+1.87504,+9999999.949,15,+0.000,+0.39,,+35.80,50.0,99.0,*63
$GPNVS,10,1,0,0,-5,-5,2,100,0.5,3,2,30,1,+0,1.0,20,+6,1,2,8000*57
$GPNVS,1,225556,010826,A,N,0,N,0x00000,0x20,0x00,1,N*17
$GPNVS,2,225556,010826,0.00,0.00,0.00,0.00,0.00,0.00,0.00,0.00,*60
$GPNVS,3,225556,010826,+0.38,,,+4.32,-4.09,,,,1,+35.80,*6B
$GPNVS,4,225556,010826,0.00,0.00,,,,,,,*66
$GPNVS,5,225556,010826,5C9,0,0,+35.80,00000,00000,*23
$GPNVS,6,0,A,0,0x00000,0x20,,0x00,00,,0x00000,,*05
$GPNVS,7,225556,010826,A,12,0x00,0,-1,0,393225,+4.32,-4.10*79
$GPNVS,9,+10000000.000,+1.87504,+10000000.00,15,+0.000,+0.39,,+35.80,50.0,99.0,*6F
$GPNVS,10,1,0,0,-5,-5,2,100,0.5,3,2,30,1,+0,1.0,20,+6,1,2,8000*57
$GPNVS,1,225557,010826,A,N,0,N,0x00000,0x20,0x00,1,N*16
$GPNVS,2,225557,010826,0.00,0.00,0.00,0.00,0.00,0.00,0.00,0.00,*61
$GPNVS,3,225557,010826,+0.38,,,+4.32,-4.09,,,,1,+35.80,*6A
$GPNVS,4,225557,010826,0.00,0.00,,,,,,,*67
$GPNVS,5,225557,010826,5C9,0,0,+35.80,00000,00000,*22
$GPNVS,6,0,A,0,0x00000,0x20,,0x00,00,,0x00000,,*05
$GPNVS,7,225557,010826,A,12,0x00,0,-1,0,393225,+4.32,-4.10*78
$GPNVS,9,+10000000.000,+1.87504,+10000000.00,15,+0.000,+0.39,,+35.80,50.0,99.0,*6F
$GPNVS,10,1,0,0,-5,-5,2,100,0.5,3,2,30,1,+0,1.0,20,+6,1,2,8000*57
$GPNVS,1,225558,010826,A,N,0,N,0x00000,0x20,0x00,1,N*19
$GPNVS,2,225558,010826,0.00,0.00,0.00,0.00,0.00,0.00,0.00,0.00,*6E
$GPNVS,3,225558,010826,+0.38,,,+4.32,-4.11,,,,1,+35.80,*6C
$GPNVS,4,225558,010826,0.00,0.00,,,,,,,*68
$GPNVS,5,225558,010826,5C9,0,0,+35.80,00000,00000,*2D
$GPNVS,6,0,A,0,0x00000,0x20,,0x00,00,,0x00000,,*05
$GPNVS,7,225558,010826,A,12,0x00,0,-1,0,393225,+4.32,-4.11*76
$GPNVS,9,+10000000.000,+1.87504,+10000000.00,15,+0.000,+0.39,,+35.80,50.0,99.0,*6F
$GPNVS,10,1,0,0,-5,-5,2,100,0.5,3,2,30,1,+0,1.0,20,+6,1,2,8000*57
$GPNVS,1,225559,010826,A,N,0,N,0x00000,0x20,0x00,1,N*18
$GPNVS,2,225559,010826,0.00,0.00,0.00,0.00,0.00,0.00,0.00,0.00,*6F
$GPNVS,3,225559,010826,+0.38,,,+4.32,-4.11,,,,1,+35.80,*6D
$GPNVS,4,225559,010826,0.00,0.00,,,,,,,*69
$GPNVS,5,225559,010826,5C9,0,0,+35.80,00000,00000,*2C
$GPNVS,6,0,A,0,0x00000,0x20,,0x00,00,,0x00000,,*05
$GPNVS,7,225559,010826,A,12,0x00,0,-1,0,393225,+4.32,-4.11*77
$GPNVS,9,+10000000.000,+1.87504,+10000000.00,15,+0.000,+0.39,,+35.80,50.0,99.0,*6F
$GPNVS,10,1,0,0,-5,-5,2,100,0.5,3,2,30,1,+0,1.0,20,+6,1,2,8000*57
$GPNVS,1,225600,010826,A,N,0,N,0x00000,0x20,0x00,1,N*17
$GPNVS,2,225600,010826,0.00,0.00,0.00,0.00,0.00,0.00,0.00,0.00,*60
$GPNVS,3,225600,010826,+0.38,,,+4.32,-4.09,,,,1,+35.80,*6B
$GPNVS,4,225600,010826,0.00,0.00,,,,,,,*66
$GPNVS,5,225600,010826,5C9,0,0,+35.80,00000,00000,*23
$GPNVS,6,0,A,0,0x00000,0x20,,0x00,00,,0x00000,,*05
$GPNVS,7,225600,010826,A,12,0x00,0,-1,0,393225,+4.32,-4.10*79
$GPNVS,9,+10000000.000,+1.87504,+10000000.00,15,+0.000,+0.39,,+35.80,50.0,99.0,*6F
$GPNVS,10,1,0,0,-5,-5,2,100,0.5,3,2,30,1,+0,1.0,20,-14,1,2,8000*62
$GPNVS,1,225601,010826,A,N,0,N,0x00000,0x20,0x00,1,N*16
$GPNVS,2,225601,010826,0.00,0.00,0.00,0.00,0.00,0.00,0.00,0.00,*61
$GPNVS,3,225601,010826,+0.38,,,+4.32,-4.11,,,,1,+35.80,*63
$GPNVS,4,225601,010826,0.00,0.00,,,,,,,*67
$GPNVS,5,225601,010826,5C9,0,0,+35.80,00000,00000,*22
$GPNVS,6,0,A,0,0x00000,0x20,,0x00,00,,0x00000,,*05
$GPNVS,7,225601,010826,A,12,0x00,0,-1,0,393225,+4.32,-4.11*79
$GPNVS,9,+10000000.000,+1.87504,+10000000.00,15,+0.000,+0.39,,+35.80,50.0,99.0,*6F
$GPNVS,10,1,0,0,-5,-5,2,100,0.5,3,2,30,1,+0,1.0,20,-14,1,2,8000*62
$GPNVS,1,225602,010826,A,N,0,N,0x00000,0x20,0x00,1,N*15
$GPNVS,2,225602,010826,0.00,0.00,0.00,0.00,0.00,0.00,0.00,0.00,*62
$GPNVS,3,225602,010826,+0.38,,,+4.32,-4.09,,,,1,+35.80,*69
$GPNVS,4,225602,010826,0.00,0.00,,,,,,,*64
$GPNVS,5,225602,010826,5C9,0,0,+35.80,00000,00000,*21
$GPNVS,6,0,A,0,0x00000,0x20,,0x00,00,,0x00000,,*05
$GPNVS,7,225602,010826,A,12,0x00,0,-1,0,393225,+4.32,-4.10*7B
$GPNVS,9,+10000000.000,+1.87504,+10000000.00,15,+0.000,+0.39,,+35.80,50.0,99.0,*6F
$GPNVS,10,1,0,0,-5,-5,2,100,0.5,3,2,30,1,+0,1.0,20,-14,1,2,8000*62
$GPNVS,1,225603,010826,A,N,0,N,0x00000,0x20,0x00,1,N*14
$GPNVS,2,225603,010826,0.00,0.00,0.00,0.00,0.00,0.00,0.00,0.00,*63
$GPNVS,3,225603,010826,+0.38,,,+4.32,-4.11,,,,1,+35.80,*61
$GPNVS,4,225603,010826,0.00,0.00,,,,,,,*65
$GPNVS,5,225603,010826,5C9,0,0,+35.80,00000,00000,*20
$GPNVS,6,0,A,0,0x00000,0x20,,0x00,00,,0x00000,,*05
$GPNVS,7,225603,010826,A,12,0x00,0,-1,0,393225,+4.32,-4.11*7B
$GPNVS,9,+10000000.000,+1.87504,+10000000.00,15,+0.000,+0.39,,+35.80,50.0,99.0,*6F
$GPNVS,10,1,0,0,-5,-5,2,100,0.5,3,2,30,1,+0,1.0,20,-14,1,2,8000*62
$GPNVS,1,225604,010826,A,N,0,N,0x00000,0x20,0x00,1,N*13
$GPNVS,2,225604,010826,0.00,0.00,0.00,0.00,0.00,0.00,0.00,0.00,*64
$GPNVS,3,225604,010826,+0.38,,,+4.32,-4.09,,,,1,+35.80,*6F
$GPNVS,4,225604,010826,0.00,0.00,,,,,,,*62
$GPNVS,5,225604,010826,5C9,0,0,+35.80,00000,00000,*27
$GPNVS,6,0,A,0,0x00000,0x20,,0x00,00,,0x00000,,*05
$GPNVS,7,225604,010826,A,12,0x00,0,-1,0,393225,+4.32,-4.10*7D
$GPNVS,9,+10000000.000,+1.87504,+10000000.00,15,+0.000,+0.39,,+35.80,50.0,99.0,*6F
$GPNVS,10,1,0,0,-5,-5,2,100,0.5,3,2,30,1,+0,1.0,20,-14,1,2,8000*62
$GPNVS,1,225605,010826,A,N,0,N,0x00000,0x20,0x00,1,N*12
$GPNVS,2,225605,010826,0.00,0.00,0.00,0.00,0.00,0.00,0.00,0.00,*65
$GPNVS,3,225605,010826,+0.38,,,+4.32,-4.09,,,,1,+35.80,*6E
$GPNVS,4,225605,010826,0.00,0.00,,,,,,,*63
$GPNVS,5,225605,010826,5C9,0,0,+35.80,00000,00000,*26
$GPNVS,6,0,A,0,0x00000,0x20,,0x00,00,,0x00000,,*05
$GPNVS,7,225605,010826,A,12,0x00,0,-1,0,393225,+4.32,-4.10*7C
$GPNVS,9,+10000000.000,+1.87504,+10000000.00,15,+0.000,+0.39,,+35.80,50.0,99.0,*6F
$GPNVS,10,1,0,0,-5,-5,2,100,0.5,3,2,30,1,+0,1.0,20,-14,1,2,8000*62
$GPNVS,1,225606,010826,A,N,0,N,0x00000,0x20,0x00,1,N*11
$GPNVS,2,225606,010826,0.00,0.00,0.00,0.00,0.00,0.00,0.00,0.00,*66
$GPNVS,3,225606,010826,+0.38,,,+4.32,-4.11,,,,1,+35.80,*64
$GPNVS,4,225606,010826,0.00,0.00,,,,,,,*60
$GPNVS,5,225606,010826,5C9,0,0,+35.80,00000,00000,*25
$GPNVS,6,0,A,0,0x00000,0x20,,0x00,00,,0x00000,,*05
$GPNVS,7,225606,010826,A,12,0x00,0,-1,0,393225,+4.32,-4.11*7E
$GPNVS,9,+10000000.000,+1.87504,+10000000.00,15,+0.000,+0.39,,+35.80,50.0,99.0,*6F
$GPNVS,10,1,0,0,-5,-5,2,100,0.5,3,2,30,1,+0,1.0,20,-14,1,2,8000*62
$GPNVS,1,225607,010826,A,N,0,N,0x00000,0x20,0x00,1,N*10
$GPNVS,2,225607,010826,0.00,0.00,0.00,0.00,0.00,0.00,0.00,0.00,*67
$GPNVS,3,225607,010826,+0.38,,,+4.32,-4.11,,,,1,+35.80,*65
$GPNVS,4,225607,010826,0.00,0.00,,,,,,,*61
$GPNVS,5,225607,010826,5C9,0,0,+35.80,00000,00000,*24
$GPNVS,6,0,A,0,0x00000,0x20,,0x00,00,,0x00000,,*05
$GPNVS,7,225607,010826,A,12,0x00,0,-1,0,393225,+4.32,-4.11*7F
$GPNVS,9,+10000000.000,+1.87504,+10000000.00,15,+0.000,+0.39,,+35.80,50.0,99.0,*6F
$GPNVS,10,1,0,0,-5,-5,2,100,0.5,3,2,30,1,+0,1.0,20,-14,1,2,8000*62
$GPNVS,99,,,*5C
$GPNVS,1,225608,010826,A,N,0,N,0x00000,0x20,0x00,1,N*1F
$GPNVS,2,225608,010826,0.00,0.00,0.00,0.00,0.00,0.00,0.00,0.00,*68
$GPNVS,3,225608,010826,+0.38,,,+4.32,-4.09,,,,1,+35.80,*63
$GPNVS,4,225608,010826,0.00,0.00,,,,,,,*6E
$GPNVS,5,225608,010826,5C9,0,0,+35.80,00000,00000,*2B
$GPNVS,6,0,A,0,0x00000,0x20,,0x00,00,,0x00000,,*05
$GPNVS,7,225608,010826,A,12,0x00,0,-1,0,393225,+4.32,-4.10*71
$GPNVS,9,+10000000.000,+1.87504,+10000000.00,15,+0.000,+0.39,,+35.80,50.0,99.0,*6F
$GPNVS,10,1,0,0,-5,-5,2,100,0.5,3,2,30,1,+0,1.0,20,-14,1,2,8000*62
$GPNVS,1,225609,010826,A,N,0,N,0x00000,0x20,0x00,1,N*1E
$GPNVS,2,225609,010826,0.00,0.00,0.00,0.00,0.00,0.00,0.00,0.00,*69
$GPNVS,3,225609,010826,+0.38,,,+4.32,-4.09,,,,1,+35.80,*62
$GPNVS,4,225609,010826,0.00,0.00,,,,,,,*6F
$GPNVS,5,225609,010826,5C9,0,0,+35.80,00000,00000,*2A
$GPNVS,6,0,A,0,0x00000,0x20,,0x00,00,,0x00000,,*05
$GPNVS,7,225609,010826,A,12,0x00,0,-1,0,393225,+4.32,-4.10*70
$GPNVS,9,+10000000.000,+1.87504,+10000000.00,15,+0.000,+0.39,,+35.80,50.0,99.0,*6F
$GPNVS,10,1,0,0,-5,-5,2,100,0.5,3,2,30,1,+0,1.0,20,-14,1,2,8000*62
$GPNVS,1,225610,010826,A,N,0,N,0x00000,0x20,0x00,1,N*16
$GPNVS,2,225610,010826,0.00,0.00,0.00,0.00,0.00,0.00,0.00,0.00,*61
$GPNVS,3,225610,010826,+0.38,,,+4.32,-4.11,,,,1,+35.80,*63
$GPNVS,4,225610,010826,0.00,0.00,,,,,,,*67
$GPNVS,5,225610,010826,5C9,0,0,+35.80,00000,00000,*22
$GPNVS,6,0,A,0,0x00000,0x20,,0x00,00,,0x00000,,*05
$GPNVS,7,225610,010826,A,12,0x00,0,-1,0,393225,+4.32,-4.11*79
$GPNVS,9,+10000000.000,+1.87504,+10000000.00,15,+0.000,+0.39,,+35.80,50.0,99.0,*6F
$GPNVS,10,1,0,0,-5,-5,2,100,0.5,3,2,30,1,+0,1.0,20,-14,1,2,8000*62
$GPNVS,1,225611,010826,A,N,0,N,0x00000,0x20,0x00,1,N*17
$GPNVS,2,225611,010826,0.00,0.00,0.00,0.00,0.00,0.00,0.00,0.00,*60
$GPNVS,3,225611,010826,+0.38,,,+4.32,-4.11,,,,1,+35.80,*62
$GPNVS,4,225611,010826,0.00,0.00,,,,,,,*66
$GPNVS,5,225611,010826,5C9,0,0,+35.80,00000,00000,*23
$GPNVS,6,0,A,0,0x00000,0x20,,0x00,00,,0x00000,,*05
$GPNVS,7,225611,010826,A,12,0x00,0,-1,0,393225,+4.32,-4.11*78
$GPNVS,9,+10000000.000,+1.87504,+10000000.00,15,+0.000,+0.39,,+35.80,50.0,99.0,*6F
$GPNVS,10,1,0,0,-5,-5,2,100,0.5,3,2,30,1,+0,1.0,20,+2,1,2,8000*53
$GPNVS,1,225612,010826,A,N,0,N,0x00000,0x20,0x00,1,N*14
$GPNVS,2,225612,010826,0.00,0.00,0.00,0.00,0.00,0.00,0.00,0.00,*63
$GPNVS,3,225612,010826,+0.38,,,+4.32,-4.09,,,,1,+35.80,*68
$GPNVS,4,225612,010826,0.00,0.00,,,,,,,*65
$GPNVS,5,225612,010826,5C9,0,0,+35.80,00000,00000,*20
$GPNVS,6,0,A,0,0x00000,0x20,,0x00,00,,0x00000,,*05
$GPNVS,7,225612,010826,A,12,0x00,0,-1,0,393225,+4.32,-4.10*7A
$GPNVS,9,+10000000.000,+1.87504,+10000000.00,15,+0.000,+0.39,,+35.80,50.0,99.0,*6F
$GPNVS,10,1,0,0,-5,-5,2,100,0.5,3,2,30,1,+0,1.0,20,+2,1,2,8000*53
$GPNVS,1,225613,010826,A,N,0,N,0x00000,0x20,0x00,1,N*15
$GPNVS,2,225613,010826,0.00,0.00,0.00,0.00,0.00,0.00,0.00,0.00,*62
$GPNVS,3,225613,010826,+0.38,,,+4.32,-4.11,,,,1,+35.80,*60
$GPNVS,4,225613,010826,0.00,0.00,,,,,,,*64
$GPNVS,5,225613,010826,5C9,0,0,+35.80,00000,00000,*21
$GPNVS,6,0,A,0,0x00000,0x20,,0x00,00,,0x00000,,*05
$GPNVS,7,225613,010826,A,12,0x00,0,-1,0,393225,+4.32,-4.11*7A
$GPNVS,9,+10000000.000,+1.87504,+10000000.00,15,+0.000,+0.39,,+35.80,50.0,99.0,*6F
$GPNVS,10,1,0,0,-5,-5,2,100,0.5,3,2,30,1,+0,1.0,20,+2,1,2,8000*53
$GPNVS,1,225614,010826,A,N,0,N,0x00000,0x20,0x00,1,N*12
$GPNVS,2,225614,010826,0.00,0.00,0.00,0.00,0.00,0.00,0.00,0.00,*65
$GPNVS,3,225614,010826,+0.38,,,+4.32,-4.11,,,,1,+35.80,*67
$GPNVS,4,225614,010826,0.00,0.00,,,,,,,*63
$GPNVS,5,225614,010826,5C9,0,0,+35.80,00000,00000,*26
$GPNVS,6,0,A,0,0x00000,0x20,,0x00,00,,0x00000,,*05
$GPNVS,7,225614,010826,A,12,0x00,0,-1,0,393225,+4.32,-4.11*7D
$GPNVS,9,+10000000.000,+1.87504,+10000000.00,15,+0.000,+0.39,,+35.80,50.0,99.0,*6F
$GPNVS,10,1,0,0,-5,-5,2,100,0.5,3,2,30,1,+0,1.0,20,+2,1,2,8000*53
$GPNVS,1,225615,010826,A,N,0,N,0x00000,0x20,0x00,1,N*13
$GPNVS,2,225615,010826,0.00,0.00,0.00,0.00,0.00,0.00,0.00,0.00,*64
$GPNVS,3,225615,010826,+0.38,,,+4.32,-4.11,,,,1,+35.80,*66
$GPNVS,4,225615,010826,0.00,0.00,,,,,,,*62
$GPNVS,5,225615,010826,5C9,0,0,+35.80,00000,00000,*27
$GPNVS,6,0,A,0,0x00000,0x20,,0x00,00,,0x00000,,*05
$GPNVS,7,225615,010826,A,12,0x00,0,-1,0,393225,+4.32,-4.11*7C
$GPNVS,9,+10000000.000,+1.87504,+10000000.00,15,+0.000,+0.39,,+35.80,50.0,99.0,*6F
$GPNVS,10,1,0,0,-5,-5,2,100,0.5,3,2,30,1,+0,1.0,20,+2,1,2,8000*53
$GPNVS,1,225616,010826,A,N,0,N,0x00000,0x20,0x00,1,N*10
$GPNVS,2,225616,010826,0.00,0.00,0.00,0.00,0.00,0.00,0.00,0.00,*67
$GPNVS,3,225616,010826,+0.38,,,+4.32,-4.09,,,,1,+35.80,*6C
$GPNVS,4,225616,010826,0.00,0.00,,,,,,,*61
$GPNVS,5,225616,010826,5C9,0,0,+35.80,00000,00000,*24
$GPNVS,6,0,A,0,0x00000,0x20,,0x00,00,,0x00000,,*05
$GPNVS,7,225616,010826,A,12,0x00,0,-1,0,393225,+4.32,-4.10*7E
$GPNVS,9,+10000000.000,+1.87504,+10000000.00,15,+0.000,+0.39,,+35.80,50.0,99.0,*6F
$GPNVS,10,1,0,0,-5,-5,2,100,0.5,3,2,30,1,+0,1.0,20,+2,1,2,8000*53
$GPNVS,1,225617,010826,A,N,0,N,0x00000,0x20,0x00,1,N*11
$GPNVS,2,225617,010826,0.00,0.00,0.00,0.00,0.00,0.00,0.00,0.00,*66
$GPNVS,3,225617,010826,+0.38,,,+4.32,-4.09,,,,1,+35.80,*6D
$GPNVS,4,225617,010826,0.00,0.00,,,,,,,*60
$GPNVS,5,225617,010826,5C9,0,0,+35.80,00000,00000,*25
$GPNVS,6,0,A,0,0x00000,0x20,,0x00,00,,0x00000,,*05
$GPNVS,7,225617,010826,A,12,0x00,0,-1,0,393225,+4.32,-4.10*7F
$GPNVS,9,+10000000.000,+1.87504,+10000000.00,15,+0.000,+0.39,,+35.80,50.0,99.0,*6F
$GPNVS,10,1,0,0,-5,-5,2,100,0.5,3,2,30,1,+0,1.0,20,+2,1,2,8000*53
$GPNVS,1,225618,010826,A,N,0,N,0x00000,0x20,0x00,1,N*1E
$GPNVS,2,225618,010826,0.00,0.00,0.00,0.00,0.00,0.00,0.00,0.00,*69
$GPNVS,3,225618,010826,+0.38,,,+4.32,-4.09,,,,1,+35.80,*62
$GPNVS,4,225618,010826,0.00,0.00,,,,,,,*6F
$GPNVS,5,225618,010826,5C9,0,0,+35.80,00000,00000,*2A
$GPNVS,6,0,A,0,0x00000,0x20,,0x00,00,,0x00000,,*05
$GPNVS,7,225618,010826,A,12,0x00,0,-1,0,393225,+4.32,-4.10*70
$GPNVS,9,+10000000.000,+1.87504,+10000000.00,15,+0.000,+0.39,,+35.80,50.0,99.0,*6F
$GPNVS,10,1,0,0,-5,-5,2,100,0.5,3,2,30,1,+0,1.0,20,+2,1,2,8000*53
$GPNVS,1,225619,010826,A,N,0,N,0x00000,0x20,0x00,1,N*1F
$GPNVS,2,225619,010826,0.00,0.00,0.00,0.00,0.00,0.00,0.00,0.00,*68
$GPNVS,3,225619,010826,+0.38,,,+4.32,-4.09,,,,1,+35.80,*63
$GPNVS,4,225619,010826,0.00,0.00,,,,,,,*6E
$GPNVS,5,225619,010826,5C9,0,0,+35.80,00000,00000,*2B
$GPNVS,6,0,A,0,0x00000,0x20,,0x00,00,,0x00000,,*05
$GPNVS,7,225619,010826,A,12,0x00,0,-1,0,393225,+4.32,-4.10*71
$GPNVS,9,+10000000.000,+1.87504,+10000000.00,15,+0.000,+0.39,,+35.80,50.0,99.0,*6F
$GPNVS,10,1,0,0,-5,-5,2,100,0.5,3,2,30,1,+0,1.0,20,+2,1,2,8000*53
$GPNVS,1,225620,010826,A,N,0,N,0x00000,0x20,0x00,1,N*15
$GPNVS,2,225620,010826,0.00,0.00,0.00,0.00,0.00,0.00,0.00,0.00,*62
$GPNVS,3,225620,010826,+0.38,,,+4.32,-4.09,,,,1,+35.80,*69
$GPNVS,4,225620,010826,0.00,0.00,,,,,,,*64
$GPNVS,5,225620,010826,5C9,0,0,+35.80,00000,00000,*21
$GPNVS,6,0,A,0,0x00000,0x20,,0x00,00,,0x00000,,*05
$GPNVS,7,225620,010826,A,12,0x00,0,-1,0,393225,+4.32,-4.10*7B
$GPNVS,9,+10000000.000,+1.87504,+10000000.00,15,+0.000,+0.39,,+35.80,50.0,99.0,*6F
$GPNVS,10,1,0,0,-5,-5,2,100,0.5,3,2,30,1,+0,1.0,20,+2,1,2,8000*53
$GPNVS,1,225621,010826,A,N,0,N,0x00000,0x20,0x00,1,N*14
$GPNVS,2,225621,010826,0.00,0.00,0.00,0.00,0.00,0.00,0.00,0.00,*63
$GPNVS,3,225621,010826,+0.38,,,+4.32,-4.09,,,,1,+35.80,*68
$GPNVS,4,225621,010826,0.00,0.00,,,,,,,*65
$GPNVS,5,225621,010826,5C9,0,0,+35.80,00000,00000,*20
$GPNVS,6,0,A,0,0x00000,0x20,,0x00,00,,0x00000,,*05
$GPNVS,7,225621,010826,A,12,0x00,0,-1,0,393225,+4.32,-4.10*7A
$GPNVS,9,+10000000.000,+1.87504,+10000000.00,15,+0.000,+0.39,,+35.80,50.0,99.0,*6F
$GPNVS,10,1,0,0,-5,-5,2,100,0.5,3,2,30,1,+0,1.0,20,-18,1,2,8000*6E
$GPNVS,1,225622,010826,A,N,0,N,0x00000,0x20,0x00,1,N*17
$GPNVS,2,225622,010826,0.00,0.00,0.00,0.00,0.00,0.00,0.00,0.00,*60
$GPNVS,3,225622,010826,+0.38,,,+4.32,-4.09,,,,1,+35.80,*6B
$GPNVS,4,225622,010826,0.00,0.00,,,,,,,*66
$GPNVS,5,225622,010826,5C9,0,0,+35.80,00000,00000,*23
$GPNVS,6,0,A,0,0x00000,0x20,,0x00,00,,0x00000,,*05
$GPNVS,7,225622,010826,A,12,0x00,0,-1,0,393225,+4.32,-4.10*79
$GPNVS,9,+10000000.000,+1.87504,+10000000.00,15,+0.000,+0.39,,+35.80,50.0,99.0,*6F
$GPNVS,10,1,0,0,-5,-5,2,100,0.5,3,2,30,1,+0,1.0,20,-18,1,2,8000*6E
$GPNVS,99,,,*5C
$GPNVS,1,225623,010826,A,N,0,N,0x00000,0x20,0x00,1,N*16
$GPNVS,2,225623,010826,0.00,0.00,0.00,0.00,0.00,0.00,0.00,0.00,*61
$GPNVS,3,225623,010826,+0.38,,,+4.32,-4.11,,,,1,+35.80,*63
$GPNVS,4,225623,010826,0.00,0.00,,,,,,,*67
$GPNVS,5,225623,010826,5C9,0,0,+35.80,00000,00000,*22
$GPNVS,6,0,A,0,0x00000,0x20,,0x00,00,,0x00000,,*05
$GPNVS,7,225623,010826,A,12,0x00,0,-1,0,393225,+4.32,-4.11*79
$GPNVS,9,+10000000.001,+1.87504,+10000000.00,15,+0.000,+0.39,,+35.80,50.0,99.0,*6E
$GPNVS,10,1,0,0,-5,-5,2,100,0.5,3,2,30,1,+0,1.0,20,-18,1,2,8000*6E
$GPNVS,1,225624,010826,A,N,0,N,0x00000,0x20,0x00,1,N*11
$GPNVS,2,225624,010826,0.00,0.00,0.00,0.00,0.00,0.00,0.00,0.00,*66
$GPNVS,3,225624,010826,+0.38,,,+4.32,-4.11,,,,1,+35.80,*64
$GPNVS,4,225624,010826,0.00,0.00,,,,,,,*60
$GPNVS,5,225624,010826,5C9,0,0,+35.80,00000,00000,*25
$GPNVS,6,0,A,0,0x00000,0x20,,0x00,00,,0x00000,,*05
$GPNVS,7,225624,010826,A,12,0x00,0,-1,0,393225,+4.32,-4.11*7E
$GPNVS,9,+10000000.001,+1.87504,+10000000.00,15,+0.000,+0.39,,+35.80,50.0,99.0,*6E
$GPNVS,10,1,0,0,-5,-5,2,100,0.5,3,2,30,1,+0,1.0,20,-18,1,2,8000*6E
$GPNVS,1,225625,010826,A,N,0,N,0x00000,0x20,0x00,1,N*10
$GPNVS,2,225625,010826,0.00,0.00,0.00,0.00,0.00,0.00,0.00,0.00,*67
$GPNVS,3,225625,010826,+0.38,,,+4.32,-4.11,,,,1,+35.80,*65
$GPNVS,4,225625,010826,0.00,0.00,,,,,,,*61
$GPNVS,5,225625,010826,5C9,0,0,+35.80,00000,00000,*24
$GPNVS,6,0,A,0,0x00000,0x20,,0x00,00,,0x00000,,*05
$GPNVS,7,225625,010826,A,12,0x00,0,-1,0,393225,+4.32,-4.11*7F
$GPNVS,9,+10000000.001,+1.87504,+10000000.00,15,+0.000,+0.39,,+35.80,50.0,99.0,*6E
$GPNVS,10,1,0,0,-5,-5,2,100,0.5,3,2,30,1,+0,1.0,20,-18,1,2,8000*6E
$GPNVS,1,225626,010826,A,N,0,N,0x00000,0x20,0x00,1,N*13
$GPNVS,2,225626,010826,0.00,0.00,0.00,0.00,0.00,0.00,0.00,0.00,*64
$GPNVS,3,225626,010826,+0.38,,,+4.32,-4.11,,,,1,+35.80,*66
$GPNVS,4,225626,010826,0.00,0.00,,,,,,,*62
$GPNVS,5,225626,010826,5C9,0,0,+35.80,00000,00000,*27
$GPNVS,6,0,A,0,0x00000,0x20,,0x00,00,,0x00000,,*05
$GPNVS,7,225626,010826,A,12,0x00,0,-1,0,393225,+4.32,-4.11*7C
$GPNVS,9,+10000000.000,+1.87504,+10000000.00,15,+0.000,+0.39,,+35.80,50.0,99.0,*6F
$GPNVS,10,1,0,0,-5,-5,2,100,0.5,3,2,30,1,+0,1.0,20,-18,1,2,8000*6E
$GPNVS,1,225627,010826,A,N,0,N,0x00000,0x20,0x00,1,N*12
$GPNVS,2,225627,010826,0.00,0.00,0.00,0.00,0.00,0.00,0.00,0.00,*65
$GPNVS,3,225627,010826,+0.38,,,+4.32,-4.09,,,,1,+35.80,*6E
$GPNVS,4,225627,010826,0.00,0.00,,,,,,,*63
$GPNVS,5,225627,010826,5C9,0,0,+35.80,00000,00000,*26
$GPNVS,6,0,A,0,0x00000,0x20,,0x00,00,,0x00000,,*05
$GPNVS,7,225627,010826,A,12,0x00,0,-1,0,393225,+4.32,-4.10*7C
$GPNVS,9,+10000000.000,+1.87504,+10000000.00,15,+0.000,+0.39,,+35.80,50.0,99.0,*6F
$GPNVS,10,1,0,0,-5,-5,2,100,0.5,3,2,30,1,+0,1.0,20,-18,1,2,8000*6E
$GPNVS,1,225628,010826,A,N,0,N,0x00000,0x20,0x00,1,N*1D
$GPNVS,2,225628,010826,0.00,0.00,0.00,0.00,0.00,0.00,0.00,0.00,*6A
$GPNVS,3,225628,010826,+0.38,,,+4.32,-4.11,,,,1,+35.80,*68
$GPNVS,4,225628,010826,0.00,0.00,,,,,,,*6C
$GPNVS,5,225628,010826,5C9,0,0,+35.80,00000,00000,*29
$GPNVS,6,0,A,0,0x00000,0x20,,0x00,00,,0x00000,,*05
$GPNVS,7,225628,010826,A,12,0x00,0,-1,0,393225,+4.32,-4.11*72
$GPNVS,9,+10000000.000,+1.87504,+10000000.00,15,+0.000,+0.39,,+35.80,50.0,99.0,*6F
$GPNVS,10,1,0,0,-5,-5,2,100,0.5,3,2,30,1,+0,1.0,20,-18,1,2,8000*6E
$GPNVS,1,225629,010826,A,N,0,N,0x00000,0x20,0x00,1,N*1C
$GPNVS,2,225629,010826,0.00,0.00,0.00,0.00,0.00,0.00,0.00,0.00,*6B
$GPNVS,3,225629,010826,+0.38,,,+4.32,-4.09,,,,1,+35.80,*60
$GPNVS,4,225629,010826,0.00,0.00,,,,,,,*6D
$GPNVS,5,225629,010826,5C9,0,0,+35.80,00000,00000,*28
$GPNVS,6,0,A,0,0x00000,0x20,,0x00,00,,0x00000,,*05
$GPNVS,7,225629,010826,A,12,0x00,0,-1,0,393225,+4.32,-4.10*72
$GPNVS,9,+10000000.000,+1.87504,+10000000.00,15,+0.000,+0.39,,+35.80,50.0,99.0,*6F
$GPNVS,10,1,0,0,-5,-5,2,100,0.5,3,2,30,1,+0,1.0,20,-18,1,2,8000*6E
$GPNVS,1,225630,010826,A,N,0,N,0x00000,0x20,0x00,1,N*14
$GPNVS,2,225630,010826,0.00,0.00,0.00,0.00,0.00,0.00,0.00,0.00,*63
$GPNVS,3,225630,010826,+0.38,,,+4.32,-4.09,,,,1,+35.80,*68
$GPNVS,4,225630,010826,0.00,0.00,,,,,,,*65
$GPNVS,5,225630,010826,5C9,0,0,+35.80,00000,00000,*20
$GPNVS,6,0,A,0,0x00000,0x20,,0x00,00,,0x00000,,*05
$GPNVS,7,225630,010826,A,12,0x00,0,-1,0,393225,+4.32,-4.10*7A
$GPNVS,9,+10000000.000,+1.87504,+10000000.00,15,+0.000,+0.39,,+35.80,50.0,99.0,*6F
$GPNVS,10,1,0,0,-5,-5,2,100,0.5,3,2,30,1,+0,1.0,20,-18,1,2,8000*6E
$GPNVS,1,225631,010826,A,N,0,N,0x00000,0x20,0x00,1,N*15
$GPNVS,2,225631,010826,0.00,0.00,0.00,0.00,0.00,0.00,0.00,0.00,*62
$GPNVS,3,225631,010826,+0.38,,,+4.32,-4.09,,,,1,+35.80,*69
$GPNVS,4,225631,010826,0.00,0.00,,,,,,,*64
$GPNVS,5,225631,010826,5C9,0,0,+35.80,00000,00000,*21
$GPNVS,6,0,A,0,0x00000,0x20,,0x00,00,,0x00000,,*05
$GPNVS,7,225631,010826,A,12,0x00,0,-1,0,393225,+4.32,-4.10*7B
$GPNVS,9,+10000000.000,+1.87504,+10000000.00,15,+0.000,+0.39,,+35.80,50.0,99.0,*6F
$GPNVS,10,1,0,0,-5,-5,2,100,0.5,3,2,30,1,+0,1.0,20,-18,1,2,8000*6E
$GPNVS,1,225632,010826,A,N,0,N,0x00000,0x20,0x00,1,N*16
$GPNVS,2,225632,010826,0.00,0.00,0.00,0.00,0.00,0.00,0.00,0.00,*61
$GPNVS,3,225632,010826,+0.38,,,+4.32,-4.11,,,,1,+35.80,*63
$GPNVS,4,225632,010826,0.00,0.00,,,,,,,*67
$GPNVS,5,225632,010826,5C9,0,0,+35.80,00000,00000,*22
$GPNVS,6,0,A,0,0x00000,0x20,,0x00,00,,0x00000,,*05
$GPNVS,7,225632,010826,A,12,0x00,0,-1,0,393225,+4.32,-4.11*79
$GPNVS,9,+10000000.000,+1.87504,+10000000.00,15,+0.000,+0.39,,+35.80,50.0,99.0,*6F
$GPNVS,10,1,0,0,-5,-5,2,100,0.5,3,2,30,1,+0,1.0,20,+18,1,2,8000*68
$GPNVS,1,225633,010826,A,N,0,N,0x00000,0x20,0x00,1,N*17
$GPNVS,2,225633,010826,0.00,0.00,0.00,0.00,0.00,0.00,0.00,0.00,*60
$GPNVS,3,225633,010826,+0.38,,,+4.32,-4.09,,,,1,+36.12,*63
$GPNVS,4,225633,010826,0.00,0.00,,,,,,,*66
$GPNVS,5,225633,010826,5C9,0,0,+36.12,00000,00000,*2B
$GPNVS,6,0,A,0,0x00000,0x20,,0x00,00,,0x00000,,*05
$GPNVS,7,225633,010826,A,12,0x00,0,-1,0,393225,+4.32,-4.10*79
$GPNVS,9,+10000000.000,+1.87504,+10000000.00,15,+0.000,+0.39,,+36.12,50.0,99.0,*67
$GPNVS,10,1,0,0,-5,-5,2,100,0.5,3,2,30,1,+0,1.0,20,+18,1,2,8000*68
$GPNVS,1,225634,010826,A,N,0,N,0x00000,0x20,0x00,1,N*10
$GPNVS,2,225634,010826,0.00,0.00,0.00,0.00,0.00,0.00,0.00,0.00,*67
$GPNVS,3,225634,010826,+0.38,,,+4.32,-4.11,,,,1,+35.80,*65
$GPNVS,4,225634,010826,0.00,0.00,,,,,,,*61
$GPNVS,5,225634,010826,5C9,0,0,+35.80,00000,00000,*24
$GPNVS,6,0,A,0,0x00000,0x20,,0x00,00,,0x00000,,*05
$GPNVS,7,225634,010826,A,12,0x00,0,-1,0,393225,+4.32,-4.11*7F
$GPNVS,9,+10000000.000,+1.87504,+10000000.00,15,+0.000,+0.39,,+35.80,50.0,99.0,*6F
$GPNVS,10,1,0,0,-5,-5,2,100,0.5,3,2,30,1,+0,1.0,20,+18,1,2,8000*68
$GPNVS,1,225635,010826,A,N,0,N,0x00000,0x20,0x00,1,N*11
$GPNVS,2,225635,010826,0.00,0.00,0.00,0.00,0.00,0.00,0.00,0.00,*66
$GPNVS,3,225635,010826,+0.38,,,+4.32,-4.09,,,,1,+35.80,*6D
$GPNVS,4,225635,010826,0.00,0.00,,,,,,,*60
$GPNVS,5,225635,010826,5C9,0,0,+35.80,00000,00000,*25
$GPNVS,6,0,A,0,0x00000,0x20,,0x00,00,,0x00000,,*05
$GPNVS,7,225635,010826,A,12,0x00,0,-1,0,393225,+4.32,-4.10*7F
$GPNVS,9,+10000000.000,+1.87504,+10000000.00,15,+0.000,+0.39,,+35.80,50.0,99.0,*6F
$GPNVS,10,1,0,0,-5,-5,2,100,0.5,3,2,30,1,+0,1.0,20,+18,1,2,8000*68
$GPNVS,1,225636,010826,A,N,0,N,0x00000,0x20,0x00,1,N*12
$GPNVS,2,225636,010826,0.00,0.00,0.00,0.00,0.00,0.00,0.00,0.00,*65
$GPNVS,3,225636,010826,+0.38,,,+4.32,-4.09,,,,1,+35.80,*6E
$GPNVS,4,225636,010826,0.00,0.00,,,,,,,*63
$GPNVS,5,225636,010826,5C9,0,0,+35.80,00000,00000,*26
$GPNVS,6,0,A,0,0x00000,0x20,,0x00,00,,0x00000,,*05
$GPNVS,7,225636,010826,A,12,0x00,0,-1,0,393225,+4.32,-4.10*7C
$GPNVS,9,+10000000.000,+1.87504,+10000000.00,15,+0.000,+0.39,,+35.80,50.0,99.0,*6F
$GPNVS,10,1,0,0,-5,-5,2,100,0.5,3,2,30,1,+0,1.0,20,+18,1,2,8000*68
$GPNVS,1,225637,010826,A,N,0,N,0x00000,0x20,0x00,1,N*13
$GPNVS,2,225637,010826,0.00,0.00,0.00,0.00,0.00,0.00,0.00,0.00,*64
$GPNVS,3,225637,010826,+0.38,,,+4.32,-4.09,,,,1,+35.80,*6F
$GPNVS,4,225637,010826,0.00,0.00,,,,,,,*62
$GPNVS,5,225637,010826,5C9,0,0,+35.80,00000,00000,*27
$GPNVS,6,0,A,0,0x00000,0x20,,0x00,00,,0x00000,,*05
$GPNVS,7,225637,010826,A,12,0x00,0,-1,0,393225,+4.32,-4.10*7D
$GPNVS,9,+10000000.000,+1.87504,+10000000.00,15,+0.000,+0.39,,+35.80,50.0,99.0,*6F
$GPNVS,10,1,0,0,-5,-5,2,100,0.5,3,2,30,1,+0,1.0,20,+18,1,2,8000*68
$GPNVS,99,,,*5C
$GPNVS,1,225638,010826,A,N,0,N,0x00000,0x20,0x00,1,N*1C
$GPNVS,2,225638,010826,0.00,0.00,0.00,0.00,0.00,0.00,0.00,0.00,*6B
$GPNVS,3,225638,010826,+0.38,,,+4.32,-4.09,,,,1,+35.80,*60
$GPNVS,4,225638,010826,0.00,0.00,,,,,,,*6D
$GPNVS,5,225638,010826,5C9,0,0,+35.80,00000,00000,*28
$GPNVS,6,0,A,0,0x00000,0x20,,0x00,00,,0x00000,,*05
$GPNVS,7,225638,010826,A,12,0x00,0,-1,0,393225,+4.32,-4.10*72
$GPNVS,9,+10000000.000,+1.87504,+10000000.00,15,+0.000,+0.39,,+35.80,50.0,99.0,*6F
$GPNVS,10,1,0,0,-5,-5,2,100,0.5,3,2,30,1,+0,1.0,20,+18,1,2,8000*68
$GPNVS,1,225639,010826,A,N,0,N,0x00000,0x20,0x00,1,N*1D
$GPNVS,2,225639,010826,0.00,0.00,0.00,0.00,0.00,0.00,0.00,0.00,*6A
$GPNVS,3,225639,010826,+0.38,,,+4.32,-4.09,,,,1,+35.80,*61
$GPNVS,4,225639,010826,0.00,0.00,,,,,,,*6C
$GPNVS,5,225639,010826,5C9,0,0,+35.80,00000,00000,*29
$GPNVS,6,0,A,0,0x00000,0x20,,0x00,00,,0x00000,,*05
$GPNVS,7,225639,010826,A,12,0x00,0,-1,0,393225,+4.32,-4.10*73
$GPNVS,9,+10000000.000,+1.87504,+10000000.00,15,+0.000,+0.39,,+35.80,50.0,99.0,*6F
$GPNVS,10,1,0,0,-5,-5,2,100,0.5,3,2,30,1,+0,1.0,20,+18,1,2,8000*68
$GPNVS,1,225640,010826,A,N,0,N,0x00000,0x20,0x00,1,N*13
$GPNVS,2,225640,010826,0.00,0.00,0.00,0.00,0.00,0.00,0.00,0.00,*64
$GPNVS,3,225640,010826,+0.38,,,+4.32,-4.09,,,,1,+35.80,*6F
$GPNVS,4,225640,010826,0.00,0.00,,,,,,,*62
$GPNVS,5,225640,010826,5C9,0,0,+35.80,00000,00000,*27
$GPNVS,6,0,A,0,0x00000,0x20,,0x00,00,,0x00000,,*05
$GPNVS,7,225640,010826,A,12,0x00,0,-2,0,393225,+4.32,-4.10*7E
$GPNVS,9,+10000000.001,+1.87504,+10000000.05,15,+0.000,+0.39,,+35.80,50.0,99.0,*6B
$GPNVS,10,1,0,0,-10,-5,2,100,0.5,3,2,30,1,+0,1.0,20,+18,1,2,8000*5C
$GPNVS,1,225641,010826,A,N,0,N,0x00000,0x20,0x00,1,N*12
$GPNVS,2,225641,010826,0.00,0.00,0.00,0.00,0.00,0.00,0.00,0.00,*65
$GPNVS,3,225641,010826,+0.38,,,+4.32,-4.09,,,,1,+35.80,*6E
$GPNVS,4,225641,010826,0.00,0.00,,,,,,,*63
$GPNVS,5,225641,010826,5C9,0,0,+35.80,00000,00000,*26
$GPNVS,6,0,A,0,0x00000,0x20,,0x00,00,,0x00000,,*05
$GPNVS,7,225641,010826,A,12,0x00,0,-1,0,393225,+4.32,-4.10*7C
$GPNVS,9,+10000000.000,+1.87504,+9999999.949,15,+0.000,+0.39,,+35.80,50.0,99.0,*63
$GPNVS,10,1,0,0,-5,-5,2,100,0.5,3,2,30,1,+0,1.0,20,+18,1,2,8000*68
$GPNVS,1,225642,010826,A,N,0,N,0x00000,0x20,0x00,1,N*11
$GPNVS,2,225642,010826,0.00,0.00,0.00,0.00,0.00,0.00,0.00,0.00,*66
$GPNVS,3,225642,010826,+0.38,,,+4.32,-4.11,,,,1,+35.80,*64
$GPNVS,4,225642,010826,0.00,0.00,,,,,,,*60
$GPNVS,5,225642,010826,5C9,0,0,+35.80,00000,00000,*25
$GPNVS,6,0,A,0,0x00000,0x20,,0x00,00,,0x00000,,*05
$GPNVS,7,225642,010826,A,12,0x00,0,-1,0,393225,+4.32,-4.11*7E
$GPNVS,9,+10000000.000,+1.87504,+10000000.00,15,+0.000,+0.39,,+35.80,50.0,99.0,*6F
$GPNVS,10,1,0,0,-5,-5,2,100,0.5,3,2,30,1,+0,1.0,20,+18,1,2,8000*68
$GPNVS,1,225643,010826,A,N,0,N,0x00000,0x20,0x00,1,N*10
$GPNVS,2,225643,010826,0.00,0.00,0.00,0.00,0.00,0.00,0.00,0.00,*67
$GPNVS,3,225643,010826,+0.38,,,+4.32,-4.11,,,,1,+35.80,*65
$GPNVS,4,225643,010826,0.00,0.00,,,,,,,*61
$GPNVS,5,225643,010826,5C9,0,0,+35.80,00000,00000,*24
$GPNVS,6,0,A,0,0x00000,0x20,,0x00,00,,0x00000,,*05
$GPNVS,7,225643,010826,A,12,0x00,0,-1,0,393225,+4.32,-4.11*7F
$GPNVS,9,+10000000.000,+1.87504,+10000000.00,15,+0.000,+0.39,,+35.80,50.0,99.0,*6F
$GPNVS,10,1,0,0,-5,-5,2,100,0.5,3,2,30,1,+0,1.0,20,-2,1,2,8000*55
$GPNVS,1,225644,010826,A,N,0,N,0x00000,0x20,0x00,1,N*17
$GPNVS,2,225644,010826,0.00,0.00,0.00,0.00,0.00,0.00,0.00,0.00,*60
$GPNVS,3,225644,010826,+0.38,,,+4.32,-4.11,,,,1,+35.80,*62
$GPNVS,4,225644,010826,0.00,0.00,,,,,,,*66
$GPNVS,5,225644,010826,5C9,0,0,+35.80,00000,00000,*23
$GPNVS,6,0,A,0,0x00000,0x20,,0x00,00,,0x00000,,*05
$GPNVS,7,225644,010826,A,12,0x00,0,-2,0,393225,+4.32,-4.11*7B
$GPNVS,9,+10000000.000,+1.87504,+10000000.05,15,+0.000,+0.39,,+35.80,50.0,99.0,*6A
$GPNVS,10,1,0,0,-10,-5,2,100,0.5,3,2,30,1,+0,1.0,20,-2,1,2,8000*61
$GPNVS,1,225645,010826,A,N,0,N,0x00000,0x20,0x00,1,N*16
$GPNVS,2,225645,010826,0.00,0.00,0.00,0.00,0.00,0.00,0.00,0.00,*61
$GPNVS,3,225645,010826,+0.38,,,+4.32,-4.09,,,,1,+35.80,*6A
$GPNVS,4,225645,010826,0.00,0.00,,,,,,,*67
$GPNVS,5,225645,010826,5C9,0,0,+35.80,00000,00000,*22
$GPNVS,6,0,A,0,0x00000,0x20,,0x00,00,,0x00000,,*05
$GPNVS,7,225645,010826,A,12,0x00,-1,-2,-1,393224,+4.32,-4.10*7A
$GPNVS,9,+10000000.001,+1.87503,+10000000.00,15,+0.000,+0.39,,+35.80,50.0,99.0,*69
$GPNVS,10,1,0,0,-10,-10,2,100,0.5,3,2,30,1,+0,1.0,20,-2,1,2,8000*55
$GPNVS,1,225646,010826,A,N,0,N,0x00000,0x20,0x00,1,N*15
$GPNVS,2,225646,010826,0.00,0.00,0.00,0.00,0.00,0.00,0.00,0.00,*62
$GPNVS,3,225646,010826,+0.38,,,+4.32,-4.09,,,,1,+35.80,*69
$GPNVS,4,225646,010826,0.00,0.00,,,,,,,*64
$GPNVS,5,225646,010826,5C9,0,0,+35.80,00000,00000,*21
$GPNVS,6,0,A,0,0x00000,0x20,,0x00,00,,0x00000,,*05
$GPNVS,7,225646,010826,A,12,0x00,-1,-2,-2,393222,+4.32,-4.10*7C
$GPNVS,9,+10000000.001,+1.87503,+10000000.00,15,+0.000,+0.39,,+35.80,50.0,99.0,*69
$GPNVS,10,1,0,0,-10,-10,2,100,0.5,3,2,30,1,-1,1.0,20,-2,1,2,8000*52
$GPNVS,1,225647,010826,A,N,0,N,0x00000,0x20,0x00,1,N*14
$GPNVS,2,225647,010826,0.00,0.00,0.00,0.00,0.00,0.00,0.00,0.00,*63
$GPNVS,3,225647,010826,+0.38,,,+4.32,-4.09,,,,1,+35.80,*68
$GPNVS,4,225647,010826,0.00,0.00,,,,,,,*65
$GPNVS,5,225647,010826,5C9,0,0,+35.80,00000,00000,*20
$GPNVS,6,0,A,0,0x00000,0x20,,0x00,00,,0x00000,,*05
$GPNVS,7,225647,010826,A,12,0x00,-1,-1,0,393222,+4.32,-4.10*51
$GPNVS,9,+10000000.000,+1.87503,+9999999.949,15,+0.000,+0.39,,+35.80,50.0,99.0,*64
$GPNVS,10,1,0,0,-5,-5,2,100,0.5,3,2,30,1,+0,1.0,20,-2,1,2,8000*55
$GPNVS,1,225648,010826,A,N,0,N,0x00000,0x20,0x00,1,N*1B
$GPNVS,2,225648,010826,0.00,0.00,0.00,0.00,0.00,0.00,0.00,0.00,*6C
$GPNVS,3,225648,010826,+0.38,,,+4.32,-4.09,,,,1,+35.80,*67
$GPNVS,4,225648,010826,0.00,0.00,,,,,,,*6A
$GPNVS,5,225648,010826,5C9,0,0,+35.80,00000,00000,*2F
$GPNVS,6,0,A,0,0x00000,0x20,,0x00,00,,0x00000,,*05
$GPNVS,7,225648,010826,A,12,0x00,-1,-1,0,393222,+4.32,-4.10*5E
$GPNVS,9,+10000000.000,+1.87503,+10000000.00,15,+0.000,+0.39,,+35.80,50.0,99.0,*68
$GPNVS,10,1,0,0,-5,-5,2,100,0.5,3,2,30,1,+0,1.0,20,-2,1,2,8000*55
$GPNVS,1,225649,010826,A,N,0,N,0x00000,0x20,0x00,1,N*1A
$GPNVS,2,225649,010826,0.00,0.00,0.00,0.00,0.00,0.00,0.00,0.00,*6D
$GPNVS,3,225649,010826,+0.38,,,+4.32,-4.09,,,,1,+35.80,*66
$GPNVS,4,225649,010826,0.00,0.00,,,,,,,*6B
$GPNVS,5,225649,010826,5C9,0,0,+35.80,00000,00000,*2E
$GPNVS,6,0,A,0,0x00000,0x20,,0x00,00,,0x00000,,*05
$GPNVS,7,225649,010826,A,12,0x00,-1,-1,0,393222,+4.32,-4.10*5F
$GPNVS,9,+10000000.000,+1.87503,+10000000.00,15,+0.000,+0.39,,+35.80,50.0,99.0,*68
$GPNVS,10,1,0,0,-5,-5,2,100,0.5,3,2,30,1,+0,1.0,20,-2,1,2,8000*55
$GPNVS,1,225650,010826,A,N,0,N,0x00000,0x20,0x00,1,N*12
$GPNVS,2,225650,010826,0.00,0.00,0.00,0.00,0.00,0.00,0.00,0.00,*65
$GPNVS,3,225650,010826,+0.38,,,+4.32,-4.11,,,,1,+35.80,*67
$GPNVS,4,225650,010826,0.00,0.00,,,,,,,*63
$GPNVS,5,225650,010826,5C9,0,0,+35.80,00000,00000,*26
$GPNVS,6,0,A,0,0x00000,0x20,,0x00,00,,0x00000,,*05
$GPNVS,7,225650,010826,A,12,0x00,-1,-1,0,393222,+4.32,-4.11*56
$GPNVS,9,+10000000.000,+1.87503,+10000000.00,15,+0.000,+0.39,,+35.80,50.0,99.0,*68
$GPNVS,10,1,0,0,-5,-5,2,100,0.5,3,2,30,1,+0,1.0,20,-2,1,2,8000*55
$GPNVS,1,225651,010826,A,N,0,N,0x00000,0x20,0x00,1,N*13
$GPNVS,2,225651,010826,0.00,0.00,0.00,0.00,0.00,0.00,0.00,0.00,*64
$GPNVS,3,225651,010826,+0.38,,,+4.32,-4.11,,,,1,+35.80,*66
$GPNVS,4,225651,010826,0.00,0.00,,,,,,,*62
$GPNVS,5,225651,010826,5C9,0,0,+35.80,00000,00000,*27
$GPNVS,6,0,A,0,0x00000,0x20,,0x00,00,,0x00000,,*05
$GPNVS,7,225651,010826,A,12,0x00,-1,-1,0,393222,+4.32,-4.11*57
$GPNVS,9,+10000000.000,+1.87503,+10000000.00,15,+0.000,+0.39,,+35.80,50.0,99.0,*68
$GPNVS,10,1,0,0,-5,-5,2,100,0.5,3,2,30,1,+0,1.0,20,-2,1,2,8000*55
$GPNVS,1,225652,010826,A,N,0,N,0x00000,0x20,0x00,1,N*10
$GPNVS,2,225652,010826,0.00,0.00,0.00,0.00,0.00,0.00,0.00,0.00,*67
$GPNVS,3,225652,010826,+0.38,,,+4.32,-4.11,,,,1,+35.80,*65
$GPNVS,4,225652,010826,0.00,0.00,,,,,,,*61
$GPNVS,5,225652,010826,5C9,0,0,+35.80,00000,00000,*24
$GPNVS,6,0,A,0,0x00000,0x20,,0x00,00,,0x00000,,*05
$GPNVS,7,225652,010826,A,12,0x00,-1,-2,0,393222,+4.32,-4.11*57
$GPNVS,9,+10000000.001,+1.87503,+10000000.05,15,+0.000,+0.39,,+35.80,50.0,99.0,*6C
$GPNVS,10,1,0,0,-10,-5,2,100,0.5,3,2,30,1,+0,1.0,20,-2,1,2,8000*61
$GPNVS,99,,,*5C
$GPNVS,1,225653,010826,A,N,0,N,0x00000,0x20,0x00,1,N*11
$GPNVS,2,225653,010826,0.00,0.00,0.00,0.00,0.00,0.00,0.00,0.00,*66
$GPNVS,3,225653,010826,+0.38,,,+4.32,-4.11,,,,1,+35.80,*64
$GPNVS,4,225653,010826,0.00,0.00,,,,,,,*60
$GPNVS,5,225653,010826,5C9,0,0,+35.80,00000,00000,*25
$GPNVS,6,0,A,0,0x00000,0x20,,0x00,00,,0x00000,,*05
$GPNVS,7,225653,010826,A,12,0x00,-1,-2,0,393222,+4.32,-4.11*56
$GPNVS,9,+10000000.001,+1.87503,+10000000.00,15,+0.000,+0.39,,+35.80,50.0,99.0,*69
$GPNVS,10,1,0,0,-10,-10,2,100,0.5,3,2,30,1,+0,1.0,20,-2,1,2,8000*55
$GPNVS,1,225654,010826,A,N,0,N,0x00000,0x20,0x00,1,N*16
$GPNVS,2,225654,010826,0.00,0.00,0.00,0.00,0.00,0.00,0.00,0.00,*61
$GPNVS,3,225654,010826,+0.38,,,+4.32,-4.11,,,,1,+35.80,*63
$GPNVS,4,225654,010826,0.00,0.00,,,,,,,*67
$GPNVS,5,225654,010826,5C9,0,0,+35.80,00000,00000,*22
$GPNVS,6,0,A,0,0x00000,0x20,,0x00,00,,0x00000,,*05
$GPNVS,7,225654,010826,A,12,0x00,-1,-2,0,393222,+4.32,-4.11*51
$GPNVS,9,+10000000.001,+1.87503,+10000000.00,15,+0.000,+0.39,,+35.80,50.0,99.0,*69
$GPNVS,10,1,0,0,-10,-10,2,100,0.5,3,2,30,1,+0,1.0,20,+14,1,2,8000*64
$GPNVS,1,225655,010826,A,N,0,N,0x00000,0x20,0x00,1,N*17
$GPNVS,2,225655,010826,0.00,0.00,0.00,0.00,0.00,0.00,0.00,0.00,*60
$GPNVS,3,225655,010826,+0.38,,,+4.32,-4.09,,,,1,+35.80,*6B
$GPNVS,4,225655,010826,0.00,0.00,,,,,,,*66
$GPNVS,5,225655,010826,5C9,0,0,+35.80,00000,00000,*23
$GPNVS,6,0,A,0,0x00000,0x20,,0x00,00,,0x00000,,*05
$GPNVS,7,225655,010826,A,12,0x00,-1,-2,-2,393220,+4.32,-4.10*7C
$GPNVS,9,+10000000.001,+1.87502,+10000000.00,15,+0.000,+0.39,,+35.80,50.0,99.0,*68
$GPNVS,10,1,0,0,-10,-10,2,100,0.5,3,2,30,1,-1,1.0,20,+14,1,2,8000*63
$GPNVS,1,225656,010826,A,N,0,N,0x00000,0x20,0x00,1,N*14
$GPNVS,2,225656,010826,0.00,0.00,0.00,0.00,0.00,0.00,0.00,0.00,*63
$GPNVS,3,225656,010826,+0.38,,,+4.32,-4.11,,,,1,+35.80,*61
$GPNVS,4,225656,010826,0.00,0.00,,,,,,,*65
$GPNVS,5,225656,010826,5C9,0,0,+35.80,00000,00000,*20
$GPNVS,6,0,A,0,0x00000,0x20,,0x00,00,,0x00000,,*05
$GPNVS,7,225656,010826,A,12,0x00,-1,-1,0,393220,+4.32,-4.11*52
$GPNVS,9,+10000000.000,+1.87502,+9999999.949,15,+0.000,+0.39,,+35.80,50.0,99.0,*65
$GPNVS,10,1,0,0,-5,-5,2,100,0.5,3,2,30,1,-1,1.0,20,+14,1,2,8000*63
$GPNVS,1,225657,010826,A,N,0,N,0x00000,0x20,0x00,1,N*15
$GPNVS,2,225657,010826,0.00,0.00,0.00,0.00,0.00,0.00,0.00,0.00,*62
$GPNVS,3,225657,010826,+0.38,,,+4.32,-4.11,,,,1,+35.80,*60
$GPNVS,4,225657,010826,0.00,0.00,,,,,,,*64
$GPNVS,5,225657,010826,5C9,0,0,+35.80,00000,00000,*21
$GPNVS,6,0,A,0,0x00000,0x20,,0x00,00,,0x00000,,*05
$GPNVS,7,225657,010826,A,12,0x00,-1,-1,0,393220,+4.32,-4.11*53
$GPNVS,9,+10000000.000,+1.87502,+10000000.00,15,+0.000,+0.39,,+35.80,50.0,99.0,*69
$GPNVS,10,1,0,0,-5,-5,2,100,0.5,3,2,30,1,-1,1.0,20,+14,1,2,8000*63
$GPNVS,1,225658,010826,A,N,0,N,0x00000,0x20,0x00,1,N*1A
$GPNVS,2,225658,010826,0.00,0.00,0.00,0.00,0.00,0.00,0.00,0.00,*6D
$GPNVS,3,225658,010826,+0.38,,,+4.32,-4.09,,,,1,+35.80,*66
$GPNVS,4,225658,010826,0.00,0.00,,,,,,,*6B
$GPNVS,5,225658,010826,5C9,0,0,+35.80,00000,00000,*2E
$GPNVS,6,0,A,0,0x00000,0x20,,0x00,00,,0x00000,,*05
$GPNVS,7,225658,010826,A,12,0x00,-1,-2,-1,393219,+4.32,-4.10*78
$GPNVS,9,+10000000.001,+1.87501,+10000000.05,15,+0.000,+0.39,,+35.80,50.0,99.0,*6E
$GPNVS,10,1,0,0,-10,-5,2,100,0.5,3,2,30,1,-1,1.0,20,+14,1,2,8000*57
$GPNVS,1,225659,010826,A,N,0,N,0x00000,0x20,0x00,1,N*1B
$GPNVS,2,225659,010826,0.00,0.00,0.00,0.00,0.00,0.00,0.00,0.00,*6C
$GPNVS,3,225659,010826,+0.38,,,+4.32,-4.09,,,,1,+35.80,*67
$GPNVS,4,225659,010826,0.00,0.00,,,,,,,*6A
$GPNVS,5,225659,010826,5C9,0,0,+35.80,00000,00000,*2F
$GPNVS,6,0,A,0,0x00000,0x20,,0x00,00,,0x00000,,*05
$GPNVS,7,225659,010826,A,12,0x00,-1,-2,0,393219,+4.32,-4.10*55
$GPNVS,9,+10000000.001,+1.87501,+10000000.00,15,+0.000,+0.39,,+35.80,50.0,99.0,*6B
$GPNVS,10,1,0,0,-10,-10,2,100,0.5,3,2,30,1,+0,1.0,20,+14,1,2,8000*64
$GPNVS,1,225700,010826,A,N,0,N,0x00000,0x20,0x00,1,N*16
$GPNVS,2,225700,010826,0.00,0.00,0.00,0.00,0.00,0.00,0.00,0.00,*61
$GPNVS,3,225700,010826,+0.38,,,+4.32,-4.09,,,,1,+35.80,*6A
$GPNVS,4,225700,010826,0.00,0.00,,,,,,,*67
$GPNVS,5,225700,010826,5C9,0,0,+35.80,00000,00000,*22
$GPNVS,6,0,A,0,0x00000,0x20,,0x00,00,,0x00000,,*05
$GPNVS,7,225700,010826,A,12,0x00,1,-1,1,393220,+4.32,-4.10*7D
$GPNVS,9,+10000000.000,+1.87502,+9999999.949,15,+0.000,+0.39,,+35.80,50.0,99.0,*65
$GPNVS,10,1,0,0,-5,-5,2,100,0.5,3,2,30,1,-1,1.0,20,+14,1,2,8000*63
$GPNVS,1,225701,010826,A,N,0,N,0x00000,0x20,0x00,1,N*17
$GPNVS,2,225701,010826,0.00,0.00,0.00,0.00,0.00,0.00,0.00,0.00,*60
$GPNVS,3,225701,010826,+0.38,,,+4.32,-4.09,,,,1,+35.80,*6B
$GPNVS,4,225701,010826,0.00,0.00,,,,,,,*66
$GPNVS,5,225701,010826,5C9,0,0,+35.80,00000,00000,*23
$GPNVS,6,0,A,0,0x00000,0x20,,0x00,00,,0x00000,,*05
$GPNVS,7,225701,010826,A,12,0x00,1,-1,0,393220,+4.32,-4.10*7D
$GPNVS,9,+10000000.000,+1.87502,+10000000.00,15,+0.000,+0.39,,+35.80,50.0,99.0,*69
$GPNVS,10,1,0,0,-5,-5,2,100,0.5,3,2,30,1,+0,1.0,20,+14,1,2,8000*64
$GPNVS,1,225702,010826,A,N,0,N,0x00000,0x20,0x00,1,N*14
$GPNVS,2,225702,010826,0.00,0.00,0.00,0.00,0.00,0.00,0.00,0.00,*63
$GPNVS,3,225702,010826,+0.38,,,+4.32,-4.11,,,,1,+35.80,*61
$GPNVS,4,225702,010826,0.00,0.00,,,,,,,*65
$GPNVS,5,225702,010826,5C9,0,0,+35.80,00000,00000,*20
$GPNVS,6,0,A,0,0x00000,0x20,,0x00,00,,0x00000,,*05
$GPNVS,7,225702,010826,A,12,0x00,1,-1,0,393220,+4.32,-4.11*7F
$GPNVS,9,+10000000.000,+1.87502,+10000000.00,15,+0.000,+0.39,,+35.80,50.0,99.0,*69
$GPNVS,10,1,0,0,-5,-5,2,100,0.5,3,2,30,1,+0,1.0,20,+14,1,2,8000*64
$GPNVS,1,225703,010826,A,N,0,N,0x00000,0x20,0x00,1,N*15
$GPNVS,2,225703,010826,0.00,0.00,0.00,0.00,0.00,0.00,0.00,0.00,*62
$GPNVS,3,225703,010826,+0.38,,,+4.32,-4.09,,,,1,+35.80,*69
$GPNVS,4,225703,010826,0.00,0.00,,,,,,,*64
$GPNVS,5,225703,010826,5C9,0,0,+35.80,00000,00000,*21
$GPNVS,6,0,A,0,0x00000,0x20,,0x00,00,,0x00000,,*05
$GPNVS,7,225703,010826,A,12,0x00,1,-1,0,393220,+4.32,-4.10*7F
$GPNVS,9,+10000000.000,+1.87502,+10000000.00,15,+0.000,+0.39,,+35.80,50.0,99.0,*69
$GPNVS,10,1,0,0,-5,-5,2,100,0.5,3,2,30,1,+0,1.0,20,+14,1,2,8000*64
$GPNVS,1,225704,010826,A,N,0,N,0x00000,0x20,0x00,1,N*12
$GPNVS,2,225704,010826,0.00,0.00,0.00,0.00,0.00,0.00,0.00,0.00,*65
$GPNVS,3,225704,010826,+0.38,,,+4.32,-4.09,,,,1,+35.80,*6E
$GPNVS,4,225704,010826,0.00,0.00,,,,,,,*63
$GPNVS,5,225704,010826,5C9,0,0,+35.80,00000,00000,*26
$GPNVS,6,0,A,0,0x00000,0x20,,0x00,00,,0x00000,,*05
$GPNVS,7,225704,010826,A,12,0x00,1,-1,0,393220,+4.32,-4.10*78
$GPNVS,9,+10000000.000,+1.87502,+10000000.00,15,+0.000,+0.39,,+35.80,50.0,99.0,*69
$GPNVS,10,1,0,0,-5,-5,2,100,0.5,3,2,30,1,+0,1.0,20,-6,1,2,8000*51
$GPNVS,1,225705,010826,A,N,0,N,0x00000,0x20,0x00,1,N*13
$GPNVS,2,225705,010826,0.00,0.00,0.00,0.00,0.00,0.00,0.00,0.00,*64
$GPNVS,3,225705,010826,+0.38,,,+4.32,-4.09,,,,1,+35.80,*6F
$GPNVS,4,225705,010826,0.00,0.00,,,,,,,*62
$GPNVS,5,225705,010826,5C9,0,0,+35.80,00000,00000,*27
$GPNVS,6,0,A,0,0x00000,0x20,,0x00,00,,0x00000,,*05
$GPNVS,7,225705,010826,A,12,0x00,1,-1,0,393220,+4.32,-4.10*79
$GPNVS,9,+10000000.000,+1.87502,+10000000.00,15,+0.000,+0.39,,+35.80,50.0,99.0,*69
$GPNVS,10,1,0,0,-5,-5,2,100,0.5,3,2,30,1,+0,1.0,20,-6,1,2,8000*51
$GPNVS,1,225706,010826,A,N,0,N,0x00000,0x20,0x00,1,N*10
$GPNVS,2,225706,010826,0.00,0.00,0.00,0.00,0.00,0.00,0.00,0.00,*67
$GPNVS,3,225706,010826,+0.38,,,+4.32,-4.11,,,,1,+35.80,*65
$GPNVS,4,225706,010826,0.00,0.00,,,,,,,*61
$GPNVS,5,225706,010826,5C9,0,0,+35.80,00000,00000,*24
$GPNVS,6,0,A,0,0x00000,0x20,,0x00,00,,0x00000,,*05
$GPNVS,7,225706,010826,A,12,0x00,1,-1,0,393220,+4.32,-4.11*7B
$GPNVS,9,+10000000.000,+1.87502,+10000000.00,15,+0.000,+0.39,,+35.80,50.0,99.0,*69
$GPNVS,10,1,0,0,-5,-5,2,100,0.5,3,2,30,1,+0,1.0,20,-6,1,2,8000*51
$GPNVS,1,225707,010826,A,N,0,N,0x00000,0x20,0x00,1,N*11
$GPNVS,2,225707,010826,0.00,0.00,0.00,0.00,0.00,0.00,0.00,0.00,*66
$GPNVS,3,225707,010826,+0.38,,,+4.32,-4.11,,,,1,+35.80,*64
$GPNVS,4,225707,010826,0.00,0.00,,,,,,,*60
$GPNVS,5,225707,010826,5C9,0,0,+35.80,00000,00000,*25
$GPNVS,6,0,A,0,0x00000,0x20,,0x00,00,,0x00000,,*05
$GPNVS,7,225707,010826,A,12,0x00,1,-1,0,393220,+4.32,-4.11*7A
$GPNVS,9,+10000000.000,+1.87502,+10000000.00,15,+0.000,+0.39,,+35.80,50.0,99.0,*69
$GPNVS,10,1,0,0,-5,-5,2,100,0.5,3,2,30,1,+0,1.0,20,-6,1,2,8000*51
$GPNVS,99,,,*5C
$GPNVS,1,225708,010826,A,N,0,N,0x00000,0x20,0x00,1,N*1E
$GPNVS,2,225708,010826,0.00,0.00,0.00,0.00,0.00,0.00,0.00,0.00,*69
$GPNVS,3,225708,010826,+0.38,,,+4.32,-4.09,,,,1,+35.80,*62
$GPNVS,4,225708,010826,0.00,0.00,,,,,,,*6F
$GPNVS,5,225708,010826,5C9,0,0,+35.80,00000,00000,*2A
$GPNVS,6,0,A,0,0x00000,0x20,,0x00,00,,0x00000,,*05
$GPNVS,7,225708,010826,A,12,0x00,1,-1,0,393220,+4.32,-4.10*74
$GPNVS,9,+10000000.000,+1.87502,+10000000.00,15,+0.000,+0.39,,+35.80,50.0,99.0,*69
$GPNVS,10,1,0,0,-5,-5,2,100,0.5,3,2,30,1,+1,1.0,20,-6,1,2,8000*50
$GPNVS,1,225709,010826,A,N,0,N,0x00000,0x20,0x00,1,N*1F
$GPNVS,2,225709,010826,0.00,0.00,0.00,0.00,0.00,0.00,0.00,0.00,*68
$GPNVS,3,225709,010826,+0.38,,,+4.32,-4.11,,,,1,+35.80,*6A
$GPNVS,4,225709,010826,0.00,0.00,,,,,,,*6E
$GPNVS,5,225709,010826,5C9,0,0,+35.80,00000,00000,*2B
$GPNVS,6,0,A,0,0x00000,0x20,,0x00,00,,0x00000,,*05
$GPNVS,7,225709,010826,A,12,0x00,1,-1,0,393220,+4.32,-4.11*74
$GPNVS,9,+10000000.000,+1.87502,+10000000.00,15,+0.000,+0.39,,+35.80,50.0,99.0,*69
$GPNVS,10,1,0,0,-5,-5,2,100,0.5,3,2,30,1,+1,1.0,20,-6,1,2,8000*50
$GPNVS,1,225710,010826,A,N,0,N,0x00000,0x20,0x00,1,N*17
$GPNVS,2,225710,010826,0.00,0.00,0.00,0.00,0.00,0.00,0.00,0.00,*60
$GPNVS,3,225710,010826,+0.38,,,+4.32,-4.09,,,,1,+35.80,*6B
$GPNVS,4,225710,010826,0.00,0.00,,,,,,,*66
$GPNVS,5,225710,010826,5C9,0,0,+35.80,00000,00000,*23
$GPNVS,6,0,A,0,0x00000,0x20,,0x00,00,,0x00000,,*05
$GPNVS,7,225710,010826,A,12,0x00,1,-1,1,393221,+4.32,-4.10*7D
$GPNVS,9,+10000000.000,+1.87502,+10000000.00,15,+0.000,+0.39,,+35.80,50.0,99.0,*69
$GPNVS,10,1,0,0,-5,-5,2,100,0.5,3,2,30,1,+1,1.0,20,-6,1,2,8000*50
$GPNVS,1,225711,010826,A,N,0,N,0x00000,0x20,0x00,1,N*16
$GPNVS,2,225711,010826,0.00,0.00,0.00,0.00,0.00,0.00,0.00,0.00,*61
$GPNVS,3,225711,010826,+0.38,,,+4.32,-4.09,,,,1,+35.80,*6A
$GPNVS,4,225711,010826,0.00,0.00,,,,,,,*67
$GPNVS,5,225711,010826,5C9,0,0,+35.80,00000,00000,*22
$GPNVS,6,0,A,0,0x00000,0x20,,0x00,00,,0x00000,,*05
$GPNVS,7,225711,010826,A,12,0x00,1,-1,0,393221,+4.32,-4.10*7D
$GPNVS,9,+10000000.000,+1.87502,+10000000.00,15,+0.000,+0.39,,+35.80,50.0,99.0,*69
$GPNVS,10,1,0,0,-5,-5,2,100,0.5,3,2,30,1,+1,1.0,20,-6,1,2,8000*50
$GPNVS,1,225712,010826,A,N,0,N,0x00000,0x20,0x00,1,N*15
$GPNVS,2,225712,010826,0.00,0.00,0.00,0.00,0.00,0.00,0.00,0.00,*62
$GPNVS,3,225712,010826,+0.38,,,+4.32,-4.09,,,,1,+35.80,*69
$GPNVS,4,225712,010826,0.00,0.00,,,,,,,*64
$GPNVS,5,225712,010826,5C9,0,0,+35.80,00000,00000,*21
$GPNVS,6,0,A,0,0x00000,0x20,,0x00,00,,0x00000,,*05
$GPNVS,7,225712,010826,A,12,0x00,1,-1,0,393221,+4.32,-4.10*7E
$GPNVS,9,+10000000.000,+1.87502,+10000000.00,15,+0.000,+0.39,,+35.80,50.0,99.0,*69
$GPNVS,10,1,0,0,-5,-5,2,100,0.5,3,2,30,1,+1,1.0,20,-6,1,2,8000*50
$GPNVS,1,225713,010826,A,N,0,N,0x00000,0x20,0x00,1,N*14
$GPNVS,2,225713,010826,0.00,0.00,0.00,0.00,0.00,0.00,0.00,0.00,*63
$GPNVS,3,225713,010826,+0.38,,,+4.32,-4.09,,,,1,+35.80,*68
$GPNVS,4,225713,010826,0.00,0.00,,,,,,,*65
$GPNVS,5,225713,010826,5C9,0,0,+35.80,00000,00000,*20
$GPNVS,6,0,A,0,0x00000,0x20,,0x00,00,,0x00000,,*05
$GPNVS,7,225713,010826,A,12,0x00,1,-1,1,393222,+4.32,-4.10*7D
$GPNVS,9,+10000000.000,+1.87503,+10000000.00,15,+0.000,+0.39,,+35.80,50.0,99.0,*68
$GPNVS,10,1,0,0,-5,-5,2,100,0.5,3,2,30,1,+1,1.0,20,-6,1,2,8000*50
$GPNVS,1,225714,010826,A,N,0,N,0x00000,0x20,0x00,1,N*13
$GPNVS,2,225714,010826,0.00,0.00,0.00,0.00,0.00,0.00,0.00,0.00,*64
$GPNVS,3,225714,010826,+0.38,,,+4.32,-4.09,,,,1,+35.80,*6F
$GPNVS,4,225714,010826,0.00,0.00,,,,,,,*62
$GPNVS,5,225714,010826,5C9,0,0,+35.80,00000,00000,*27
$GPNVS,6,0,A,0,0x00000,0x20,,0x00,00,,0x00000,,*05
$GPNVS,7,225714,010826,A,12,0x00,1,-1,0,393222,+4.32,-4.10*7B
$GPNVS,9,+10000000.000,+1.87503,+10000000.00,15,+0.000,+0.39,,+35.80,50.0,99.0,*68
$GPNVS,10,1,0,0,-5,-5,2,100,0.5,3,2,30,1,+0,1.0,20,-6,1,2,8000*51
$GPNVS,1,225715,010826,A,N,0,N,0x00000,0x20,0x00,1,N*12
$GPNVS,2,225715,010826,0.00,0.00,0.00,0.00,0.00,0.00,0.00,0.00,*65
$GPNVS,3,225715,010826,+0.38,,,+4.32,-4.11,,,,1,+35.80,*67
$GPNVS,4,225715,010826,0.00,0.00,,,,,,,*63
$GPNVS,5,225715,010826,5C9,0,0,+35.80,00000,00000,*26
$GPNVS,6,0,A,0,0x00000,0x20,,0x00,00,,0x00000,,*05
$GPNVS,7,225715,010826,A,12,0x00,-1,-2,-1,393221,+4.32,-4.11*7A
$GPNVS,9,+10000000.001,+1.87502,+10000000.05,15,+0.000,+0.39,,+35.80,50.0,99.0,*6D
$GPNVS,10,1,0,0,-10,-5,2,100,0.5,3,2,30,1,+0,1.0,20,+10,1,2,8000*54
$GPNVS,1,225716,010826,A,N,0,N,0x00000,0x20,0x00,1,N*11
$GPNVS,2,225716,010826,0.00,0.00,0.00,0.00,0.00,0.00,0.00,0.00,*66
$GPNVS,3,225716,010826,+0.38,,,+4.32,-4.11,,,,1,+35.80,*64
$GPNVS,4,225716,010826,0.00,0.00,,,,,,,*60
$GPNVS,5,225716,010826,5C9,0,0,+35.80,00000,00000,*25
$GPNVS,6,0,A,0,0x00000,0x20,,0x00,00,,0x00000,,*05
$GPNVS,7,225716,010826,A,12,0x00,-1,-2,-1,393220,+4.32,-4.11*78
$GPNVS,9,+10000000.001,+1.87502,+10000000.00,15,+0.000,+0.39,,+35.80,50.0,99.0,*68
$GPNVS,10,1,0,0,-10,-10,2,100,0.5,3,2,30,1,+0,1.0,20,+10,1,2,8000*60
$GPNVS,1,225717,010826,A,N,0,N,0x00000,0x20,0x00,1,N*10
$GPNVS,2,225717,010826,0.00,0.00,0.00,0.00,0.00,0.00,0.00,0.00,*67
$GPNVS,3,225717,010826,+0.38,,,+4.32,-4.09,,,,1,+35.80,*6C
$GPNVS,4,225717,010826,0.00,0.00,,,,,,,*61
$GPNVS,5,225717,010826,5C9,0,0,+35.80,00000,00000,*24
$GPNVS,6,0,A,0,0x00000,0x20,,0x00,00,,0x00000,,*05
$GPNVS,7,225717,010826,A,12,0x00,-1,-2,0,393220,+4.32,-4.10*54
$GPNVS,9,+10000000.001,+1.87502,+10000000.00,15,+0.000,+0.39,,+35.80,50.0,99.0,*68
$GPNVS,10,1,0,0,-10,-10,2,100,0.5,3,2,30,1,+0,1.0,20,+10,1,2,8000*60
$GPNVS,1,225718,010826,A,N,0,N,0x00000,0x20,0x00,1,N*1F
$GPNVS,2,225718,010826,0.00,0.00,0.00,0.00,0.00,0.00,0.00,0.00,*68
$GPNVS,3,225718,010826,+0.38,,,+4.32,-4.09,,,,1,+35.80,*63
$GPNVS,4,225718,010826,0.00,0.00,,,,,,,*6E
$GPNVS,5,225718,010826,5C9,0,0,+35.80,00000,00000,*2B
$GPNVS,6,0,A,0,0x00000,0x20,,0x00,00,,0x00000,,*05
$GPNVS,7,225718,010826,A,12,0x00,-1,-1,0,393220,+4.32,-4.10*58
$GPNVS,9,+10000000.000,+1.87502,+9999999.949,15,+0.000,+0.39,,+35.80,50.0,99.0,*65
$GPNVS,10,1,0,0,-5,-5,2,100,0.5,3,2,30,1,+0,1.0,20,+10,1,2,8000*60
$GPNVS,1,225719,010826,A,N,0,N,0x00000,0x20,0x00,1,N*1E
$GPNVS,2,225719,010826,0.00,0.00,0.00,0.00,0.00,0.00,0.00,0.00,*69
$GPNVS,3,225719,010826,+0.38,,,+4.32,-4.09,,,,1,+35.80,*62
$GPNVS,4,225719,010826,0.00,0.00,,,,,,,*6F
$GPNVS,5,225719,010826,5C9,0,0,+35.80,00000,00000,*2A
$GPNVS,6,0,A,0,0x00000,0x20,,0x00,00,,0x00000,,*05
$GPNVS,7,225719,010826,A,12,0x00,-1,-2,-1,393219,+4.32,-4.10*7C
$GPNVS,9,+10000000.001,+1.87501,+10000000.05,15,+0.000,+0.39,,+35.80,50.0,99.0,*6E
$GPNVS,10,1,0,0,-10,-5,2,100,0.5,3,2,30,1,-1,1.0,20,+10,1,2,8000*53
$GPNVS,1,225720,010826,A,N,0,N,0x00000,0x20,0x00,1,N*14
$GPNVS,2,225720,010826,0.00,0.00,0.00,0.00,0.00,0.00,0.00,0.00,*63
$GPNVS,3,225720,010826,+0.38,,,+4.32,-4.09,,,,1,+35.80,*68
$GPNVS,4,225720,010826,0.00,0.00,,,,,,,*65
$GPNVS,5,225720,010826,5C9,0,0,+35.80,00000,00000,*20
$GPNVS,6,0,A,0,0x00000,0x20,,0x00,00,,0x00000,,*05
$GPNVS,7,225720,010826,A,12,0x00,-1,-2,0,393219,+4.32,-4.10*5A
$GPNVS,9,+10000000.001,+1.87501,+10000000.00,15,+0.000,+0.39,,+35.80,50.0,99.0,*6B
$GPNVS,10,1,0,0,-10,-10,2,100,0.5,3,2,30,1,-1,1.0,20,+10,1,2,8000*67
$GPNVS,1,225721,010826,A,N,0,N,0x00000,0x20,0x00,1,N*15
$GPNVS,2,225721,010826,0.00,0.00,0.00,0.00,0.00,0.00,0.00,0.00,*62
$GPNVS,3,225721,010826,+0.38,,,+4.32,-4.09,,,,1,+35.80,*69
$GPNVS,4,225721,010826,0.00,0.00,,,,,,,*64
$GPNVS,5,225721,010826,5C9,0,0,+35.80,00000,00000,*21
$GPNVS,6,0,A,0,0x00000,0x20,,0x00,00,,0x00000,,*05
$GPNVS,7,225721,010826,A,12,0x00,-1,-2,0,393219,+4.32,-4.10*5B
$GPNVS,9,+10000000.001,+1.87501,+10000000.00,15,+0.000,+0.39,,+35.80,50.0,99.0,*6B
$GPNVS,10,1,0,0,-10,-10,2,100,0.5,3,2,30,1,-1,1.0,20,+10,1,2,8000*67
$GPNVS,1,225722,010826,A,N,0,N,0x00000,0x20,0x00,1,N*16
$GPNVS,2,225722,010826,0.00,0.00,0.00,0.00,0.00,0.00,0.00,0.00,*61
$GPNVS,3,225722,010826,+0.38,,,+4.32,-4.11,,,,1,+35.80,*63
$GPNVS,4,225722,010826,0.00,0.00,,,,,,,*67
$GPNVS,5,225722,010826,5C9,0,0,+35.80,00000,00000,*22
$GPNVS,6,0,A,0,0x00000,0x20,,0x00,00,,0x00000,,*05
$GPNVS,7,225722,010826,A,12,0x00,-1,-2,-2,393217,+4.32,-4.11*78
$GPNVS,9,+10000000.001,+1.87500,+10000000.00,15,+0.000,+0.39,,+35.80,50.0,99.0,*6A
$GPNVS,10,1,0,0,-10,-10,2,100,0.5,3,2,30,1,-1,1.0,20,+10,1,2,8000*67
$GPNVS,99,,,*5C
$GPNVS,1,225723,010826,A,N,0,N,0x00000,0x20,0x00,1,N*17
$GPNVS,2,225723,010826,0.00,0.00,0.00,0.00,0.00,0.00,0.00,0.00,*60
$GPNVS,3,225723,010826,+0.38,,,+4.32,-4.09,,,,1,+35.80,*6B
$GPNVS,4,225723,010826,0.00,0.00,,,,,,,*66
$GPNVS,5,225723,010826,5C9,0,0,+35.80,00000,00000,*23
$GPNVS,6,0,A,0,0x00000,0x20,,0x00,00,,0x00000,,*05
$GPNVS,7,225723,010826,A,12,0x00,-1,-2,0,393217,+4.32,-4.10*57
$GPNVS,9,+10000000.001,+1.87500,+10000000.00,15,+0.000,+0.39,,+35.80,50.0,99.0,*6A
$GPNVS,10,1,0,0,-10,-10,2,100,0.5,3,2,30,1,-1,1.0,20,+10,1,2,8000*67
$GPNVS,1,225724,010826,A,N,0,N,0x00000,0x20,0x00,1,N*10
$GPNVS,2,225724,010826,0.00,0.00,0.00,0.00,0.00,0.00,0.00,0.00,*67
$GPNVS,3,225724,010826,+0.38,,,+4.32,-4.09,,,,1,+35.80,*6C
$GPNVS,4,225724,010826,0.00,0.00,,,,,,,*61
$GPNVS,5,225724,010826,5C9,0,0,+35.80,00000,00000,*24
$GPNVS,6,0,A,0,0x00000,0x20,,0x00,00,,0x00000,,*05
$GPNVS,7,225724,010826,A,12,0x00,-1,-2,0,393217,+4.32,-4.10*50
$GPNVS,9,+10000000.001,+1.87500,+10000000.00,15,+0.000,+0.39,,+35.80,50.0,99.0,*6A
$GPNVS,10,1,0,0,-10,-10,2,100,0.5,3,2,30,1,-1,1.0,20,+10,1,2,8000*67
$GPNVS,1,225725,010826,A,N,0,N,0x00000,0x20,0x00,1,N*11
$GPNVS,2,225725,010826,0.00,0.00,0.00,0.00,0.00,0.00,0.00,0.00,*66
$GPNVS,3,225725,010826,+0.38,,,+4.32,-4.11,,,,1,+35.80,*64
$GPNVS,4,225725,010826,0.00,0.00,,,,,,,*60
$GPNVS,5,225725,010826,5C9,0,0,+35.80,00000,00000,*25
$GPNVS,6,0,A,0,0x00000,0x20,,0x00,00,,0x00000,,*05
$GPNVS,7,225725,010826,A,12,0x00,-1,-2,-2,393215,+4.32,-4.11*7D
$GPNVS,9,+10000000.001,+1.87499,+10000000.00,15,+0.000,+0.39,,+35.80,50.0,99.0,*6B
$GPNVS,10,1,0,0,-10,-10,2,100,0.5,3,2,30,1,-1,1.0,20,+10,1,2,8000*67
$GPNVS,1,225726,010826,A,N,0,N,0x00000,0x20,0x00,1,N*12
$GPNVS,2,225726,010826,0.00,0.00,0.00,0.00,0.00,0.00,0.00,0.00,*65
$GPNVS,3,225726,010826,+0.38,,,+4.32,-4.11,,,,1,+35.80,*67
$GPNVS,4,225726,010826,0.00,0.00,,,,,,,*63
$GPNVS,5,225726,010826,5C9,0,0,+35.80,00000,00000,*26
$GPNVS,6,0,A,0,0x00000,0x20,,0x00,00,,0x00000,,*05
$GPNVS,7,225726,010826,A,12,0x00,-1,-2,0,393215,+4.32,-4.11*51
$GPNVS,9,+10000000.001,+1.87499,+10000000.00,15,+0.000,+0.39,,+35.80,50.0,99.0,*6B
$GPNVS,10,1,0,0,-10,-10,2,100,0.5,3,2,30,1,-1,1.0,20,-10,1,2,8000*61
$GPNVS,1,225727,010826,A,N,0,N,0x00000,0x20,0x00,1,N*13
$GPNVS,2,225727,010826,0.00,0.00,0.00,0.00,0.00,0.00,0.00,0.00,*64
$GPNVS,3,225727,010826,+0.38,,,+4.32,-4.11,,,,1,+35.80,*66
$GPNVS,4,225727,010826,0.00,0.00,,,,,,,*62
$GPNVS,5,225727,010826,5C9,0,0,+35.80,00000,00000,*27
$GPNVS,6,0,A,0,0x00000,0x20,,0x00,00,,0x00000,,*05
$GPNVS,7,225727,010826,A,12,0x00,-1,-2,0,393215,+4.32,-4.11*50
$GPNVS,9,+10000000.001,+1.87499,+10000000.00,15,+0.000,+0.39,,+35.80,50.0,99.0,*6B
$GPNVS,10,1,0,0,-10,-10,2,100,0.5,3,2,30,1,-1,1.0,20,-10,1,2,8000*61
$GPNVS,1,225728,010826,A,N,0,N,0x00000,0x20,0x00,1,N*1C
$GPNVS,2,225728,010826,0.00,0.00,0.00,0.00,0.00,0.00,0.00,0.00,*6B
$GPNVS,3,225728,010826,+0.38,,,+4.32,-4.11,,,,1,+35.80,*69
$GPNVS,4,225728,010826,0.00,0.00,,,,,,,*6D
$GPNVS,5,225728,010826,5C9,0,0,+35.80,00000,00000,*28
$GPNVS,6,0,A,0,0x00000,0x20,,0x00,00,,0x00000,,*05
$GPNVS,7,225728,010826,A,12,0x00,-1,-2,-2,393213,+4.32,-4.11*76
$GPNVS,9,+10000000.001,+1.87498,+10000000.00,15,+0.000,+0.39,,+35.80,50.0,99.0,*6A
$GPNVS,10,1,0,0,-10,-10,2,100,0.5,3,2,30,1,-1,1.0,20,-10,1,2,8000*61
$GPNVS,1,225729,010826,A,N,0,N,0x00000,0x20,0x00,1,N*1D
$GPNVS,2,225729,010826,0.00,0.00,0.00,0.00,0.00,0.00,0.00,0.00,*6A
$GPNVS,3,225729,010826,+0.38,,,+4.32,-4.11,,,,1,+35.80,*68
$GPNVS,4,225729,010826,0.00,0.00,,,,,,,*6C
$GPNVS,5,225729,010826,5C9,0,0,+35.80,00000,00000,*29
$GPNVS,6,0,A,0,0x00000,0x20,,0x00,00,,0x00000,,*05
$GPNVS,7,225729,010826,A,12,0x00,-1,-2,0,393213,+4.32,-4.11*58
$GPNVS,9,+10000000.001,+1.87498,+10000000.00,15,+0.000,+0.39,,+35.80,50.0,99.0,*6A
$GPNVS,10,1,0,0,-10,-10,2,100,0.5,3,2,30,1,-1,1.0,20,-10,1,2,8000*61
$GPNVS,1,225730,010826,A,N,0,N,0x00000,0x20,0x00,1,N*15
$GPNVS,2,225730,010826,0.00,0.00,0.00,0.00,0.00,0.00,0.00,0.00,*62
$GPNVS,3,225730,010826,+0.38,,,+4.32,-4.09,,,,1,+35.80,*69
$GPNVS,4,225730,010826,0.00,0.00,,,,,,,*64
$GPNVS,5,225730,010826,5C9,0,0,+35.80,00000,00000,*21
$GPNVS,6,0,A,0,0x00000,0x20,,0x00,00,,0x00000,,*05
$GPNVS,7,225730,010826,A,12,0x00,0,-2,0,393213,+4.32,-4.10*7D
$GPNVS,9,+10000000.000,+1.87498,+10000000.00,15,+0.000,+0.39,,+35.80,50.0,99.0,*6B
$GPNVS,10,1,0,0,-10,-10,2,100,0.5,3,2,30,1,-1,1.0,20,-10,1,2,8000*61
$GPNVS,1,225731,010826,A,N,0,N,0x00000,0x20,0x00,1,N*14
$GPNVS,2,225731,010826,0.00,0.00,0.00,0.00,0.00,0.00,0.00,0.00,*63
$GPNVS,3,225731,010826,+0.38,,,+4.32,-4.09,,,,1,+35.80,*68
$GPNVS,4,225731,010826,0.00,0.00,,,,,,,*65
$GPNVS,5,225731,010826,5C9,0,0,+35.80,00000,00000,*20
$GPNVS,6,0,A,0,0x00000,0x20,,0x00,00,,0x00000,,*05
$GPNVS,7,225731,010826,A,12,0x00,0,-2,-2,393211,+4.32,-4.10*51
$GPNVS,9,+10000000.001,+1.87497,+10000000.00,15,+0.000,+0.39,,+35.80,50.0,99.0,*65
$GPNVS,10,1,0,0,-10,-10,2,100,0.5,3,2,30,1,-1,1.0,20,-10,1,2,8000*61
$GPNVS,1,225732,010826,A,N,0,N,0x00000,0x20,0x00,1,N*17
$GPNVS,2,225732,010826,0.00,0.00,0.00,0.00,0.00,0.00,0.00,0.00,*60
$GPNVS,3,225732,010826,+0.38,,,+4.32,-4.11,,,,1,+35.80,*62
$GPNVS,4,225732,010826,0.00,0.00,,,,,,,*66
$GPNVS,5,225732,010826,5C9,0,0,+35.80,00000,00000,*23
$GPNVS,6,0,A,0,0x00000,0x20,,0x00,00,,0x00000,,*05
$GPNVS,7,225732,010826,A,12,0x00,0,-2,0,393211,+4.32,-4.11*7C
$GPNVS,9,+10000000.001,+1.87497,+10000000.00,15,+0.000,+0.39,,+35.80,50.0,99.0,*65
$GPNVS,10,1,0,0,-10,-10,2,100,0.5,3,2,30,1,+0,1.0,20,-10,1,2,8000*66
$GPNVS,1,225733,010826,A,N,0,N,0x00000,0x20,0x00,1,N*16
$GPNVS,2,225733,010826,0.00,0.00,0.00,0.00,0.00,0.00,0.00,0.00,*61
$GPNVS,3,225733,010826,+0.38,,,+4.32,-4.11,,,,1,+35.80,*63
$GPNVS,4,225733,010826,0.00,0.00,,,,,,,*67
$GPNVS,5,225733,010826,5C9,0,0,+35.80,00000,00000,*22
$GPNVS,6,0,A,0,0x00000,0x20,,0x00,00,,0x00000,,*05
$GPNVS,7,225733,010826,A,12,0x00,0,-2,0,393211,+4.32,-4.11*7D
$GPNVS,9,+10000000.001,+1.87497,+10000000.00,15,+0.000,+0.39,,+35.80,50.0,99.0,*65
$GPNVS,10,1,0,0,-10,-10,2,100,0.5,3,2,30,1,+0,1.0,20,-10,1,2,8000*66
$GPNVS,1,225734,010826,A,N,0,N,0x00000,0x20,0x00,1,N*11
$GPNVS,2,225734,010826,0.00,0.00,0.00,0.00,0.00,0.00,0.00,0.00,*66
$GPNVS,3,225734,010826,+0.38,,,+4.32,-4.11,,,,1,+35.80,*64
$GPNVS,4,225734,010826,0.00,0.00,,,,,,,*60
$GPNVS,5,225734,010826,5C9,0,0,+35.80,00000,00000,*25
$GPNVS,6,0,A,0,0x00000,0x20,,0x00,00,,0x00000,,*05
$GPNVS,7,225734,010826,A,12,0x00,0,-2,-1,393210,+4.32,-4.11*57
$GPNVS,9,+10000000.000,+1.87497,+10000000.00,15,+0.000,+0.39,,+35.80,50.0,99.0,*64
$GPNVS,10,1,0,0,-10,-10,2,100,0.5,3,2,30,1,+0,1.0,20,-10,1,2,8000*66
$GPNVS,1,225735,010826,A,N,0,N,0x00000,0x20,0x00,1,N*10
$GPNVS,2,225735,010826,0.00,0.00,0.00,0.00,0.00,0.00,0.00,0.00,*67
$GPNVS,3,225735,010826,+0.38,,,+4.32,-4.09,,,,1,+35.80,*6C
$GPNVS,4,225735,010826,0.00,0.00,,,,,,,*61
$GPNVS,5,225735,010826,5C9,0,0,+35.80,00000,00000,*24
$GPNVS,6,0,A,0,0x00000,0x20,,0x00,00,,0x00000,,*05
$GPNVS,7,225735,010826,A,12,0x00,0,-2,0,393210,+4.32,-4.10*7B
$GPNVS,9,+10000000.000,+1.87497,+10000000.00,15,+0.000,+0.39,,+35.80,50.0,99.0,*64
$GPNVS,10,1,0,0,-10,-10,2,100,0.5,3,2,30,1,+0,1.0,20,-10,1,2,8000*66
$GPNVS,1,225736,010826,A,N,0,N,0x00000,0x20,0x00,1,N*13
$GPNVS,2,225736,010826,0.00,0.00,0.00,0.00,0.00,0.00,0.00,0.00,*64
$GPNVS,3,225736,010826,+0.38,,,+4.32,-4.11,,,,1,+35.80,*66
$GPNVS,4,225736,010826,0.00,0.00,,,,,,,*62
$GPNVS,5,225736,010826,5C9,0,0,+35.80,00000,00000,*27
$GPNVS,6,0,A,0,0x00000,0x20,,0x00,00,,0x00000,,*05
$GPNVS,7,225736,010826,A,12,0x00,0,-2,0,393210,+4.32,-4.11*79
$GPNVS,9,+10000000.000,+1.87497,+10000000.00,15,+0.000,+0.39,,+35.80,50.0,99.0,*64
$GPNVS,10,1,0,0,-10,-10,2,100,0.5,3,2,30,1,+0,1.0,20,-10,1,2,8000*66
$GPNVS,1,225737,010826,A,N,0,N,0x00000,0x20,0x00,1,N*12
$GPNVS,2,225737,010826,0.00,0.00,0.00,0.00,0.00,0.00,0.00,0.00,*65
$GPNVS,3,225737,010826,+0.38,,,+4.32,-4.11,,,,1,+35.80,*67
$GPNVS,4,225737,010826,0.00,0.00,,,,,,,*63
$GPNVS,5,225737,010826,5C9,0,0,+35.80,00000,00000,*26
$GPNVS,6,0,A,0,0x00000,0x20,,0x00,00,,0x00000,,*05
$GPNVS,7,225737,010826,A,12,0x00,0,-2,-1,393209,+4.32,-4.11*5C
$GPNVS,9,+10000000.001,+1.87496,+10000000.00,15,+0.000,+0.39,,+35.80,50.0,99.0,*64
$GPNVS,10,1,0,0,-10,-10,2,100,0.5,3,2,30,1,+0,1.0,20,+6,1,2,8000*57
$GPNVS,99,,,*5C
$GPNVS,1,225738,010826,A,N,0,N,0x00000,0x20,0x00,1,N*1D
$GPNVS,2,225738,010826,0.00,0.00,0.00,0.00,0.00,0.00,0.00,0.00,*6A
$GPNVS,3,225738,010826,+0.38,,,+4.32,-4.09,,,,1,+35.80,*61
$GPNVS,4,225738,010826,0.00,0.00,,,,,,,*6C
$GPNVS,5,225738,010826,5C9,0,0,+35.80,00000,00000,*29
$GPNVS,6,0,A,0,0x00000,0x20,,0x00,00,,0x00000,,*05
$GPNVS,7,225738,010826,A,12,0x00,0,-2,0,393209,+4.32,-4.10*7E
$GPNVS,9,+10000000.001,+1.87496,+10000000.00,15,+0.000,+0.39,,+35.80,50.0,99.0,*64
$GPNVS,10,1,0,0,-10,-10,2,100,0.5,3,2,30,1,+0,1.0,20,+6,1,2,8000*57
$GPNVS,1,225739,010826,A,N,0,N,0x00000,0x20,0x00,1,N*1C
$GPNVS,2,225739,010826,0.00,0.00,0.00,0.00,0.00,0.00,0.00,0.00,*6B
$GPNVS,3,225739,010826,+0.38,,,+4.32,-4.11,,,,1,+35.80,*69
$GPNVS,4,225739,010826,0.00,0.00,,,,,,,*6D
$GPNVS,5,225739,010826,5C9,0,0,+35.80,00000,00000,*28
$GPNVS,6,0,A,0,0x00000,0x20,,0x00,00,,0x00000,,*05
$GPNVS,7,225739,010826,A,12,0x00,0,-2,0,393209,+4.32,-4.11*7E
$GPNVS,9,+10000000.001,+1.87496,+10000000.00,15,+0.000,+0.39,,+35.80,50.0,99.0,*64
$GPNVS,10,1,0,0,-10,-10,2,100,0.5,3,2,30,1,+0,1.0,20,+6,1,2,8000*57
$GPNVS,1,225740,010826,A,N,0,N,0x00000,0x20,0x00,1,N*12
$GPNVS,2,225740,010826,0.00,0.00,0.00,0.00,0.00,0.00,0.00,0.00,*65
$GPNVS,3,225740,010826,+0.38,,,+4.32,-4.11,,,,1,+35.80,*67
$GPNVS,4,225740,010826,0.00,0.00,,,,,,,*63
$GPNVS,5,225740,010826,5C9,0,0,+35.80,00000,00000,*26
$GPNVS,6,0,A,0,0x00000,0x20,,0x00,00,,0x00000,,*05
$GPNVS,7,225740,010826,A,12,0x00,0,-2,-1,393208,+4.32,-4.11*5D
$GPNVS,9,+10000000.001,+1.87496,+10000000.00,15,+0.000,+0.39,,+35.80,50.0,99.0,*64
$GPNVS,10,1,0,0,-10,-10,2,100,0.5,3,2,30,1,+0,1.0,20,+6,1,2,8000*57
$GPNVS,1,225741,010826,A,N,0,N,0x00000,0x20,0x00,1,N*13
$GPNVS,2,225741,010826,0.00,0.00,0.00,0.00,0.00,0.00,0.00,0.00,*64
$GPNVS,3,225741,010826,+0.38,,,+4.32,-4.11,,,,1,+35.80,*66
$GPNVS,4,225741,010826,0.00,0.00,,,,,,,*62
$GPNVS,5,225741,010826,5C9,0,0,+35.80,00000,00000,*27
$GPNVS,6,0,A,0,0x00000,0x20,,0x00,00,,0x00000,,*05
$GPNVS,7,225741,010826,A,12,0x00,0,-2,0,393208,+4.32,-4.11*70
$GPNVS,9,+10000000.001,+1.87496,+10000000.00,15,+0.000,+0.39,,+35.80,50.0,99.0,*64
$GPNVS,10,1,0,0,-10,-10,2,100,0.5,3,2,30,1,+0,1.0,20,+6,1,2,8000*57
$GPNVS,1,225742,010826,A,N,0,N,0x00000,0x20,0x00,1,N*10
$GPNVS,2,225742,010826,0.00,0.00,0.00,0.00,0.00,0.00,0.00,0.00,*67
$GPNVS,3,225742,010826,+0.38,,,+4.32,-4.11,,,,1,+35.80,*65
$GPNVS,4,225742,010826,0.00,0.00,,,,,,,*61
$GPNVS,5,225742,010826,5C9,0,0,+35.80,00000,00000,*24
$GPNVS,6,0,A,0,0x00000,0x20,,0x00,00,,0x00000,,*05
$GPNVS,7,225742,010826,A,12,0x00,0,-2,0,393208,+4.32,-4.11*73
$GPNVS,9,+10000000.000,+1.87496,+10000000.00,15,+0.000,+0.39,,+35.80,50.0,99.0,*65
$GPNVS,10,1,0,0,-10,-10,2,100,0.5,3,2,30,1,+0,1.0,20,+6,1,2,8000*57
$GPNVS,1,225743,010826,A,N,0,N,0x00000,0x20,0x00,1,N*11
$GPNVS,2,225743,010826,0.00,0.00,0.00,0.00,0.00,0.00,0.00,0.00,*66
$GPNVS,3,225743,010826,+0.38,,,+4.32,-4.09,,,,1,+35.80,*6D
$GPNVS,4,225743,010826,0.00,0.00,,,,,,,*60
$GPNVS,5,225743,010826,5C9,0,0,+35.80,00000,00000,*25
$GPNVS,6,0,A,0,0x00000,0x20,,0x00,00,,0x00000,,*05
$GPNVS,7,225743,010826,A,12,0x00,0,-2,-1,393207,+4.32,-4.10*50
$GPNVS,9,+10000000.000,+1.87495,+10000000.00,15,+0.000,+0.39,,+35.80,50.0,99.0,*66
$GPNVS,10,1,0,0,-10,-10,2,100,0.5,3,2,30,1,+0,1.0,20,+6,1,2,8000*57
$GPNVS,1,225744,010826,A,N,0,N,0x00000,0x20,0x00,1,N*16
$GPNVS,2,225744,010826,0.00,0.00,0.00,0.00,0.00,0.00,0.00,0.00,*61
$GPNVS,3,225744,010826,+0.38,,,+4.32,-4.11,,,,1,+35.80,*63
$GPNVS,4,225744,010826,0.00,0.00,,,,,,,*67
$GPNVS,5,225744,010826,5C9,0,0,+35.80,00000,00000,*22
$GPNVS,6,0,A,0,0x00000,0x20,,0x00,00,,0x00000,,*05
$GPNVS,7,225744,010826,A,12,0x00,0,-2,0,393207,+4.32,-4.11*7A
$GPNVS,9,+10000000.000,+1.87495,+10000000.00,15,+0.000,+0.39,,+35.80,50.0,99.0,*66
$GPNVS,10,1,0,0,-10,-10,2,100,0.5,3,2,30,1,+0,1.0,20,+6,1,2,8000*57
$GPNVS,1,225745,010826,A,N,0,N,0x00000,0x20,0x00,1,N*17
$GPNVS,2,225745,010826,0.00,0.00,0.00,0.00,0.00,0.00,0.00,0.00,*60
$GPNVS,3,225745,010826,+0.38,,,+4.32,-4.09,,,,1,+35.80,*6B
$GPNVS,4,225745,010826,0.00,0.00,,,,,,,*66
$GPNVS,5,225745,010826,5C9,0,0,+35.80,00000,00000,*23
$GPNVS,6,0,A,0,0x00000,0x20,,0x00,00,,0x00000,,*05
$GPNVS,7,225745,010826,A,12,0x00,0,-2,0,393207,+4.32,-4.10*7A
$GPNVS,9,+10000000.000,+1.87495,+10000000.00,15,+0.000,+0.39,,+35.80,50.0,99.0,*66
$GPNVS,10,1,0,0,-10,-10,2,100,0.5,3,2,30,1,+0,1.0,20,+6,1,2,8000*57
$GPNVS,1,225746,010826,A,N,0,N,0x00000,0x20,0x00,1,N*14
$GPNVS,2,225746,010826,0.00,0.00,0.00,0.00,0.00,0.00,0.00,0.00,*63
$GPNVS,3,225746,010826,+0.38,,,+4.32,-4.09,,,,1,+35.80,*68
$GPNVS,4,225746,010826,0.00,0.00,,,,,,,*65
$GPNVS,5,225746,010826,5C9,0,0,+35.80,00000,00000,*20
$GPNVS,6,0,A,0,0x00000,0x20,,0x00,00,,0x00000,,*05
$GPNVS,7,225746,010826,A,12,0x00,0,-2,-1,393206,+4.32,-4.10*54
$GPNVS,9,+10000000.001,+1.87495,+10000000.00,15,+0.000,+0.39,,+35.80,50.0,99.0,*67
$GPNVS,10,1,0,0,-10,-10,2,100,0.5,3,2,30,1,+0,1.0,20,+6,1,2,8000*57
$GPNVS,1,225747,010826,A,N,0,N,0x00000,0x20,0x00,1,N*15
$GPNVS,2,225747,010826,0.00,0.00,0.00,0.00,0.00,0.00,0.00,0.00,*62
$GPNVS,3,225747,010826,+0.38,,,+4.32,-4.09,,,,1,+35.80,*69
$GPNVS,4,225747,010826,0.00,0.00,,,,,,,*64
$GPNVS,5,225747,010826,5C9,0,0,+35.80,00000,00000,*21
$GPNVS,6,0,A,0,0x00000,0x20,,0x00,00,,0x00000,,*05
$GPNVS,7,225747,010826,A,12,0x00,0,-2,0,393206,+4.32,-4.10*79
$GPNVS,9,+10000000.001,+1.87495,+10000000.00,15,+0.000,+0.39,,+35.80,50.0,99.0,*67
$GPNVS,10,1,0,0,-10,-10,2,100,0.5,3,2,30,1,+0,1.0,20,-14,1,2,8000*62
$GPNVS,1,225748,010826,A,N,0,N,0x00000,0x20,0x00,1,N*1A
$GPNVS,2,225748,010826,0.00,0.00,0.00,0.00,0.00,0.00,0.00,0.00,*6D
$GPNVS,3,225748,010826,+0.38,,,+4.32,-4.11,,,,1,+35.80,*6F
$GPNVS,4,225748,010826,0.00,0.00,,,,,,,*6B
$GPNVS,5,225748,010826,5C9,0,0,+35.80,00000,00000,*2E
$GPNVS,6,0,A,0,0x00000,0x20,,0x00,00,,0x00000,,*05
$GPNVS,7,225748,010826,A,12,0x00,0,-2,0,393206,+4.32,-4.11*77
$GPNVS,9,+10000000.000,+1.87495,+10000000.00,15,+0.000,+0.39,,+35.80,50.0,99.0,*66
$GPNVS,10,1,0,0,-10,-10,2,100,0.5,3,2,30,1,+0,1.0,20,-14,1,2,8000*62
$GPNVS,1,225749,010826,A,N,0,N,0x00000,0x20,0x00,1,N*1B
$GPNVS,2,225749,010826,0.00,0.00,0.00,0.00,0.00,0.00,0.00,0.00,*6C
$GPNVS,3,225749,010826,+0.38,,,+4.32,-4.11,,,,1,+35.80,*6E
$GPNVS,4,225749,010826,0.00,0.00,,,,,,,*6A
$GPNVS,5,225749,010826,5C9,0,0,+35.80,00000,00000,*2F
$GPNVS,6,0,A,0,0x00000,0x20,,0x00,00,,0x00000,,*05
$GPNVS,7,225749,010826,A,12,0x00,0,-2,-1,393205,+4.32,-4.11*59
$GPNVS,9,+10000000.000,+1.87494,+10000000.00,15,+0.000,+0.39,,+35.80,50.0,99.0,*67
$GPNVS,10,1,0,0,-10,-10,2,100,0.5,3,2,30,1,+0,1.0,20,-14,1,2,8000*62
$GPNVS,1,225750,010826,A,N,0,N,0x00000,0x20,0x00,1,N*13
$GPNVS,2,225750,010826,0.00,0.00,0.00,0.00,0.00,0.00,0.00,0.00,*64
$GPNVS,3,225750,010826,+0.38,,,+4.32,-4.11,,,,1,+36.12,*6E
$GPNVS,4,225750,010826,0.00,0.00,,,,,,,*62
$GPNVS,5,225750,010826,5C9,0,0,+36.12,00000,00000,*2F
$GPNVS,6,0,A,0,0x00000,0x20,,0x00,00,,0x00000,,*05
$GPNVS,7,225750,010826,A,12,0x00,0,-2,0,393205,+4.32,-4.11*7D
$GPNVS,9,+10000000.001,+1.87494,+10000000.00,15,+0.000,+0.39,,+36.12,50.0,99.0,*6E
$GPNVS,10,1,0,0,-10,-10,2,100,0.5,3,2,30,1,+0,1.0,20,-14,1,2,8000*62
$GPNVS,1,225751,010826,A,N,0,N,0x00000,0x20,0x00,1,N*12
$GPNVS,2,225751,010826,0.00,0.00,0.00,0.00,0.00,0.00,0.00,0.00,*65
$GPNVS,3,225751,010826,+0.38,,,+4.32,-4.11,,,,1,+35.80,*67
$GPNVS,4,225751,010826,0.00,0.00,,,,,,,*63
$GPNVS,5,225751,010826,5C9,0,0,+35.80,00000,00000,*26
$GPNVS,6,0,A,0,0x00000,0x20,,0x00,00,,0x00000,,*05
$GPNVS,7,225751,010826,A,12,0x00,0,-2,0,393205,+4.32,-4.11*7C
$GPNVS,9,+10000000.001,+1.87494,+10000000.00,15,+0.000,+0.39,,+35.80,50.0,99.0,*66
$GPNVS,10,1,0,0,-10,-10,2,100,0.5,3,2,30,1,+0,1.0,20,-14,1,2,8000*62
$GPNVS,1,225752,010826,A,N,0,N,0x00000,0x20,0x00,1,N*11
$GPNVS,2,225752,010826,0.00,0.00,0.00,0.00,0.00,0.00,0.00,0.00,*66
$GPNVS,3,225752,010826,+0.38,,,+4.32,-4.11,,,,1,+35.80,*64
$GPNVS,4,225752,010826,0.00,0.00,,,,,,,*60
$GPNVS,5,225752,010826,5C9,0,0,+35.80,00000,00000,*25
$GPNVS,6,0,A,0,0x00000,0x20,,0x00,00,,0x00000,,*05
$GPNVS,7,225752,010826,A,12,0x00,0,-2,-1,393204,+4.32,-4.11*52
$GPNVS,9,+10000000.001,+1.87494,+10000000.00,15,+0.000,+0.39,,+35.80,50.0,99.0,*66
$GPNVS,10,1,0,0,-10,-10,2,100,0.5,3,2,30,1,+0,1.0,20,-14,1,2,8000*62
$GPNVS,99,,,*5C
$GPNVS,1,225753,010826,A,N,0,N,0x00000,0x20,0x00,1,N*10
$GPNVS,2,225753,010826,0.00,0.00,0.00,0.00,0.00,0.00,0.00,0.00,*67
$GPNVS,3,225753,010826,+0.38,,,+4.32,-4.11,,,,1,+35.80,*65
$GPNVS,4,225753,010826,0.00,0.00,,,,,,,*61
$GPNVS,5,225753,010826,5C9,0,0,+35.80,00000,00000,*24
$GPNVS,6,0,A,0,0x00000,0x20,,0x00,00,,0x00000,,*05
$GPNVS,7,225753,010826,A,12,0x00,0,-2,0,393204,+4.32,-4.11*7F
$GPNVS,9,+10000000.001,+1.87494,+10000000.00,15,+0.000,+0.39,,+35.80,50.0,99.0,*66
$GPNVS,10,1,0,0,-10,-10,2,100,0.5,3,2,30,1,+0,1.0,20,-14,1,2,8000*62
$GPNVS,1,225754,010826,A,N,0,N,0x00000,0x20,0x00,1,N*17
$GPNVS,2,225754,010826,0.00,0.00,0.00,0.00,0.00,0.00,0.00,0.00,*60
$GPNVS,3,225754,010826,+0.38,,,+4.32,-4.11,,,,1,+35.80,*62
$GPNVS,4,225754,010826,0.00,0.00,,,,,,,*66
$GPNVS,5,225754,010826,5C9,0,0,+35.80,00000,00000,*23
$GPNVS,6,0,A,0,0x00000,0x20,,0x00,00,,0x00000,,*05
$GPNVS,7,225754,010826,A,12,0x00,0,-2,0,393204,+4.32,-4.11*78
$GPNVS,9,+10000000.001,+1.87494,+10000000.00,15,+0.000,+0.39,,+35.80,50.0,99.0,*66
$GPNVS,10,1,0,0,-10,-10,2,100,0.5,3,2,30,1,+0,1.0,20,-14,1,2,8000*62
$GPNVS,1,225755,010826,A,N,0,N,0x00000,0x20,0x00,1,N*16
$GPNVS,2,225755,010826,0.00,0.00,0.00,0.00,0.00,0.00,0.00,0.00,*61
$GPNVS,3,225755,010826,+0.38,,,+4.32,-4.09,,,,1,+35.80,*6A
$GPNVS,4,225755,010826,0.00,0.00,,,,,,,*67
$GPNVS,5,225755,010826,5C9,0,0,+35.80,00000,00000,*22
$GPNVS,6,0,A,0,0x00000,0x20,,0x00,00,,0x00000,,*05
$GPNVS,7,225755,010826,A,12,0x00,0,-2,-1,393203,+4.32,-4.10*53
$GPNVS,9,+10000000.001,+1.87493,+10000000.00,15,+0.000,+0.39,,+35.80,50.0,99.0,*61
$GPNVS,10,1,0,0,-10,-10,2,100,0.5,3,2,30,1,+0,1.0,20,-14,1,2,8000*62
$GPNVS,1,225756,010826,A,N,0,N,0x00000,0x20,0x00,1,N*15
$GPNVS,2,225756,010826,0.00,0.00,0.00,0.00,0.00,0.00,0.00,0.00,*62
$GPNVS,3,225756,010826,+0.38,,,+4.32,-4.11,,,,1,+35.80,*60
$GPNVS,4,225756,010826,0.00,0.00,,,,,,,*64
$GPNVS,5,225756,010826,5C9,0,0,+35.80,00000,00000,*21
$GPNVS,6,0,A,0,0x00000,0x20,,0x00,00,,0x00000,,*05
$GPNVS,7,225756,010826,A,12,0x00,0,-2,0,393203,+4.32,-4.11*7D
$GPNVS,9,+10000000.001,+1.87493,+10000000.00,15,+0.000,+0.39,,+35.80,50.0,99.0,*61
$GPNVS,10,1,0,0,-10,-10,2,100,0.5,3,2,30,1,+0,1.0,20,-14,1,2,8000*62
$GPNVS,1,225757,010826,A,N,0,N,0x00000,0x20,0x00,1,N*14
$GPNVS,2,225757,010826,0.00,0.00,0.00,0.00,0.00,0.00,0.00,0.00,*63
$GPNVS,3,225757,010826,+0.38,,,+4.32,-4.11,,,,1,+35.80,*61
$GPNVS,4,225757,010826,0.00,0.00,,,,,,,*65
$GPNVS,5,225757,010826,5C9,0,0,+35.80,00000,00000,*20
$GPNVS,6,0,A,0,0x00000,0x20,,0x00,00,,0x00000,,*05
$GPNVS,7,225757,010826,A,12,0x00,0,-2,0,393203,+4.32,-4.11*7C
$GPNVS,9,+10000000.001,+1.87493,+10000000.00,15,+0.000,+0.39,,+35.80,50.0,99.0,*61
$GPNVS,10,1,0,0,-10,-10,2,100,0.5,3,2,30,1,+0,1.0,20,-14,1,2,8000*62
$GPNVS,1,225758,010826,A,N,0,N,0x00000,0x20,0x00,1,N*1B
$GPNVS,2,225758,010826,0.00,0.00,0.00,0.00,0.00,0.00,0.00,0.00,*6C
$GPNVS,3,225758,010826,+0.38,,,+4.32,-4.11,,,,1,+35.80,*6E
$GPNVS,4,225758,010826,0.00,0.00,,,,,,,*6A
$GPNVS,5,225758,010826,5C9,0,0,+35.80,00000,00000,*2F
$GPNVS,6,0,A,0,0x00000,0x20,,0x00,00,,0x00000,,*05
$GPNVS,7,225758,010826,A,12,0x00,0,-2,-1,393202,+4.32,-4.11*5E
$GPNVS,9,+10000000.001,+1.87493,+10000000.00,15,+0.000,+0.39,,+35.80,50.0,99.0,*61
$GPNVS,10,1,0,0,-10,-10,2,100,0.5,3,2,30,1,+0,1.0,20,+2,1,2,8000*53
$GPNVS,1,225759,010826,A,N,0,N,0x00000,0x20,0x00,1,N*1A
$GPNVS,2,225759,010826,0.00,0.00,0.00,0.00,0.00,0.00,0.00,0.00,*6D
$GPNVS,3,225759,010826,+0.38,,,+4.32,-4.11,,,,1,+35.80,*6F
$GPNVS,4,225759,010826,0.00,0.00,,,,,,,*6B
$GPNVS,5,225759,010826,5C9,0,0,+35.80,00000,00000,*2E
$GPNVS,6,0,A,0,0x00000,0x20,,0x00,00,,0x00000,,*05
$GPNVS,7,225759,010826,A,12,0x00,0,-3,0,393202,+4.32,-4.11*72
$GPNVS,9,+10000000.002,+1.87493,+10000000.05,15,+0.000,+0.39,,+35.80,50.0,99.0,*67
$GPNVS,10,1,0,0,-15,-10,2,100,0.5,3,2,30,1,+0,1.0,20,+2,1,2,8000*56
$GPNVS,1,225800,010826,A,N,0,N,0x00000,0x20,0x00,1,N*19
$GPNVS,2,225800,010826,0.00,0.00,0.00,0.00,0.00,0.00,0.00,0.00,*6E
$GPNVS,3,225800,010826,+0.38,,,+4.32,-4.11,,,,1,+35.80,*6C
$GPNVS,4,225800,010826,0.00,0.00,,,,,,,*68
$GPNVS,5,225800,010826,5C9,0,0,+35.80,00000,00000,*2D
$GPNVS,6,0,A,0,0x00000,0x20,,0x00,00,,0x00000,,*05
$GPNVS,7,225800,010826,A,12,0x00,0,-2,0,393202,+4.32,-4.11*70
$GPNVS,9,+10000000.001,+1.87493,+9999999.949,15,+0.000,+0.39,,+35.80,50.0,99.0,*6D
$GPNVS,10,1,0,0,-10,-10,2,100,0.5,3,2,30,1,+0,1.0,20,+2,1,2,8000*53
$GPNVS,1,225801,010826,A,N,0,N,0x00000,0x20,0x00,1,N*18
$GPNVS,2,225801,010826,0.00,0.00,0.00,0.00,0.00,0.00,0.00,0.00,*6F
$GPNVS,3,225801,010826,+0.38,,,+4.32,-4.11,,,,1,+35.80,*6D
$GPNVS,4,225801,010826,0.00,0.00,,,,,,,*69
$GPNVS,5,225801,010826,5C9,0,0,+35.80,00000,00000,*2C
$GPNVS,6,0,A,0,0x00000,0x20,,0x00,00,,0x00000,,*05
$GPNVS,7,225801,010826,A,12,0x00,0,-2,-1,393201,+4.32,-4.11*5E
$GPNVS,9,+10000000.001,+1.87493,+10000000.00,15,+0.000,+0.39,,+35.80,50.0,99.0,*61
$GPNVS,10,1,0,0,-10,-10,2,100,0.5,3,2,30,1,+0,1.0,20,+2,1,2,8000*53
$GPNVS,1,225802,010826,A,N,0,N,0x00000,0x20,0x00,1,N*1B
$GPNVS,2,225802,010826,0.00,0.00,0.00,0.00,0.00,0.00,0.00,0.00,*6C
$GPNVS,3,225802,010826,+0.38,,,+4.32,-4.11,,,,1,+35.80,*6E
$GPNVS,4,225802,010826,0.00,0.00,,,,,,,*6A
$GPNVS,5,225802,010826,5C9,0,0,+35.80,00000,00000,*2F
$GPNVS,6,0,A,0,0x00000,0x20,,0x00,00,,0x00000,,*05
$GPNVS,7,225802,010826,A,12,0x00,0,-2,0,393201,+4.32,-4.11*71
$GPNVS,9,+10000000.001,+1.87493,+10000000.00,15,+0.000,+0.39,,+35.80,50.0,99.0,*61
$GPNVS,10,1,0,0,-10,-10,2,100,0.5,3,2,30,1,+0,1.0,20,+2,1,2,8000*53
$GPNVS,1,225803,010826,A,N,0,N,0x00000,0x20,0x00,1,N*1A
$GPNVS,2,225803,010826,0.00,0.00,0.00,0.00,0.00,0.00,0.00,0.00,*6D
$GPNVS,3,225803,010826,+0.38,,,+4.32,-4.09,,,,1,+35.80,*66
$GPNVS,4,225803,010826,0.00,0.00,,,,,,,*6B
$GPNVS,5,225803,010826,5C9,0,0,+35.80,00000,00000,*2E
$GPNVS,6,0,A,0,0x00000,0x20,,0x00,00,,0x00000,,*05
$GPNVS,7,225803,010826,A,12,0x00,0,-2,0,393201,+4.32,-4.10*71
$GPNVS,9,+10000000.001,+1.87493,+10000000.00,15,+0.000,+0.39,,+35.80,50.0,99.0,*61
$GPNVS,10,1,0,0,-10,-10,2,100,0.5,3,2,30,1,+0,1.0,20,+2,1,2,8000*53
$GPNVS,1,225804,010826,A,N,0,N,0x00000,0x20,0x00,1,N*1D
$GPNVS,2,225804,010826,0.00,0.00,0.00,0.00,0.00,0.00,0.00,0.00,*6A
$GPNVS,3,225804,010826,+0.38,,,+4.32,-4.11,,,,1,+35.80,*68
$GPNVS,4,225804,010826,0.00,0.00,,,,,,,*6C
$GPNVS,5,225804,010826,5C9,0,0,+35.80,00000,00000,*29
$GPNVS,6,0,A,0,0x00000,0x20,,0x00,00,,0x00000,,*05
$GPNVS,7,225804,010826,A,12,0x00,0,-3,-1,393200,+4.32,-4.11*5B
$GPNVS,9,+10000000.002,+1.87492,+10000000.05,15,+0.000,+0.39,,+35.80,50.0,99.0,*66
$GPNVS,10,1,0,0,-15,-10,2,100,0.5,3,2,30,1,+0,1.0,20,+2,1,2,8000*56
$GPNVS,1,225805,010826,A,N,0,N,0x00000,0x20,0x00,1,N*1C
$GPNVS,2,225805,010826,0.00,0.00,0.00,0.00,0.00,0.00,0.00,0.00,*6B
$GPNVS,3,225805,010826,+0.38,,,+4.32,-4.11,,,,1,+35.80,*69
$GPNVS,4,225805,010826,0.00,0.00,,,,,,,*6D
$GPNVS,5,225805,010826,5C9,0,0,+35.80,00000,00000,*28
$GPNVS,6,0,A,0,0x00000,0x20,,0x00,00,,0x00000,,*05
$GPNVS,7,225805,010826,A,12,0x00,0,-2,0,393200,+4.32,-4.11*77
$GPNVS,9,+10000000.000,+1.87492,+9999999.949,15,+0.000,+0.39,,+35.80,50.0,99.0,*6D
$GPNVS,10,1,0,0,-10,-10,2,100,0.5,3,2,30,1,+0,1.0,20,+2,1,2,8000*53
$GPNVS,1,225806,010826,A,N,0,N,0x00000,0x20,0x00,1,N*1F
$GPNVS,2,225806,010826,0.00,0.00,0.00,0.00,0.00,0.00,0.00,0.00,*68
$GPNVS,3,225806,010826,+0.38,,,+4.32,-4.09,,,,1,+35.80,*63
$GPNVS,4,225806,010826,0.00,0.00,,,,,,,*6E
$GPNVS,5,225806,010826,5C9,0,0,+35.80,00000,00000,*2B
$GPNVS,6,0,A,0,0x00000,0x20,,0x00,00,,0x00000,,*05
$GPNVS,7,225806,010826,A,12,0x00,0,-2,0,393200,+4.32,-4.10*75
$GPNVS,9,+10000000.000,+1.87492,+10000000.00,15,+0.000,+0.39,,+35.80,50.0,99.0,*61
$GPNVS,10,1,0,0,-10,-10,2,100,0.5,3,2,30,1,+0,1.0,20,+2,1,2,8000*53
$GPNVS,1,225807,010826,A,N,0,N,0x00000,0x20,0x00,1,N*1E
$GPNVS,2,225807,010826,0.00,0.00,0.00,0.00,0.00,0.00,0.00,0.00,*69
$GPNVS,3,225807,010826,+0.38,,,+4.32,-4.11,,,,1,+35.80,*6B
$GPNVS,4,225807,010826,0.00,0.00,,,,,,,*6F
$GPNVS,5,225807,010826,5C9,0,0,+35.80,00000,00000,*2A
$GPNVS,6,0,A,0,0x00000,0x20,,0x00,00,,0x00000,,*05
$GPNVS,7,225807,010826,A,12,0x00,0,-3,-1,393199,+4.32,-4.11*5B
$GPNVS,9,+10000000.001,+1.87492,+10000000.05,15,+0.000,+0.39,,+35.80,50.0,99.0,*65
$GPNVS,10,1,0,0,-15,-10,2,100,0.5,3,2,30,1,+0,1.0,20,+2,1,2,8000*56
$GPNVS,99,,,*5C
$GPNVS,1,225808,010826,A,N,0,N,0x00000,0x20,0x00,1,N*11
$GPNVS,2,225808,010826,0.00,0.00,0.00,0.00,0.00,0.00,0.00,0.00,*66
$GPNVS,3,225808,010826,+0.38,,,+4.32,-4.09,,,,1,+35.80,*6D
$GPNVS,4,225808,010826,0.00,0.00,,,,,,,*60
$GPNVS,5,225808,010826,5C9,0,0,+35.80,00000,00000,*25
$GPNVS,6,0,A,0,0x00000,0x20,,0x00,00,,0x00000,,*05
$GPNVS,7,225808,010826,A,12,0x00,0,-3,0,393199,+4.32,-4.10*79
$GPNVS,9,+10000000.002,+1.87492,+10000000.00,15,+0.000,+0.39,,+35.80,50.0,99.0,*63
$GPNVS,10,1,0,0,-15,-15,2,100,0.5,3,2,30,1,+0,1.0,20,+2,1,2,8000*53
$GPNVS,1,225809,010826,A,N,0,N,0x00000,0x20,0x00,1,N*10
$GPNVS,2,225809,010826,0.00,0.00,0.00,0.00,0.00,0.00,0.00,0.00,*67
$GPNVS,3,225809,010826,+0.38,,,+4.32,-4.09,,,,1,+35.80,*6C
$GPNVS,4,225809,010826,0.00,0.00,,,,,,,*61
$GPNVS,5,225809,010826,5C9,0,0,+35.80,00000,00000,*24
$GPNVS,6,0,A,0,0x00000,0x20,,0x00,00,,0x00000,,*05
$GPNVS,7,225809,010826,A,12,0x00,0,-3,0,393199,+4.32,-4.10*78
$GPNVS,9,+10000000.001,+1.87492,+10000000.00,15,+0.000,+0.39,,+35.80,50.0,99.0,*60
$GPNVS,10,1,0,0,-15,-15,2,100,0.5,3,2,30,1,-1,1.0,20,-18,1,2,8000*69
$GPNVS,1,225810,010826,A,N,0,N,0x00000,0x20,0x00,1,N*18
$GPNVS,2,225810,010826,0.00,0.00,0.00,0.00,0.00,0.00,0.00,0.00,*6F
$GPNVS,3,225810,010826,+0.38,,,+4.32,-4.09,,,,1,+35.80,*64
$GPNVS,4,225810,010826,0.00,0.00,,,,,,,*69
$GPNVS,5,225810,010826,5C9,0,0,+35.80,00000,00000,*2C
$GPNVS,6,0,A,0,0x00000,0x20,,0x00,00,,0x00000,,*05
$GPNVS,7,225810,010826,A,12,0x00,0,-2,-2,393197,+4.32,-4.10*50
$GPNVS,9,+10000000.000,+1.87491,+9999999.949,15,+0.000,+0.39,,+35.80,50.0,99.0,*6E
$GPNVS,10,1,0,0,-10,-10,2,100,0.5,3,2,30,1,-1,1.0,20,-18,1,2,8000*69
$GPNVS,1,225811,010826,A,N,0,N,0x00000,0x20,0x00,1,N*19
$GPNVS,2,225811,010826,0.00,0.00,0.00,0.00,0.00,0.00,0.00,0.00,*6E
$GPNVS,3,225811,010826,+0.38,,,+4.32,-4.09,,,,1,+35.80,*65
$GPNVS,4,225811,010826,0.00,0.00,,,,,,,*68
$GPNVS,5,225811,010826,5C9,0,0,+35.80,00000,00000,*2D
$GPNVS,6,0,A,0,0x00000,0x20,,0x00,00,,0x00000,,*05
$GPNVS,7,225811,010826,A,12,0x00,0,-2,0,393197,+4.32,-4.10*7E
$GPNVS,9,+10000000.000,+1.87491,+10000000.00,15,+0.000,+0.39,,+35.80,50.0,99.0,*62
$GPNVS,10,1,0,0,-10,-10,2,100,0.5,3,2,30,1,+0,1.0,20,-18,1,2,8000*6E
$GPNVS,1,225812,010826,A,N,0,N,0x00000,0x20,0x00,1,N*1A
$GPNVS,2,225812,010826,0.00,0.00,0.00,0.00,0.00,0.00,0.00,0.00,*6D
$GPNVS,3,225812,010826,+0.38,,,+4.32,-4.09,,,,1,+35.80,*66
$GPNVS,4,225812,010826,0.00,0.00,,,,,,,*6B
$GPNVS,5,225812,010826,5C9,0,0,+35.80,00000,00000,*2E
$GPNVS,6,0,A,0,0x00000,0x20,,0x00,00,,0x00000,,*05
$GPNVS,7,225812,010826,A,12,0x00,0,-3,0,393197,+4.32,-4.10*7C
$GPNVS,9,+10000000.001,+1.87491,+10000000.05,15,+0.000,+0.39,,+35.80,50.0,99.0,*66
$GPNVS,10,1,0,0,-15,-10,2,100,0.5,3,2,30,1,-1,1.0,20,-18,1,2,8000*6C
$GPNVS,1,225813,010826,A,N,0,N,0x00000,0x20,0x00,1,N*1B
$GPNVS,2,225813,010826,0.00,0.00,0.00,0.00,0.00,0.00,0.00,0.00,*6C
$GPNVS,3,225813,010826,+0.38,,,+4.32,-4.09,,,,1,+35.80,*67
$GPNVS,4,225813,010826,0.00,0.00,,,,,,,*6A
$GPNVS,5,225813,010826,5C9,0,0,+35.80,00000,00000,*2F
$GPNVS,6,0,A,0,0x00000,0x20,,0x00,00,,0x00000,,*05
$GPNVS,7,225813,010826,A,12,0x00,0,-3,-2,393195,+4.32,-4.10*50
$GPNVS,9,+10000000.001,+1.87490,+10000000.00,15,+0.000,+0.39,,+35.80,50.0,99.0,*62
$GPNVS,10,1,0,0,-15,-15,2,100,0.5,3,2,30,1,-1,1.0,20,-18,1,2,8000*69
$GPNVS,1,225814,010826,A,N,0,N,0x00000,0x20,0x00,1,N*1C
$GPNVS,2,225814,010826,0.00,0.00,0.00,0.00,0.00,0.00,0.00,0.00,*6B
$GPNVS,3,225814,010826,+0.38,,,+4.32,-4.09,,,,1,+35.80,*60
$GPNVS,4,225814,010826,0.00,0.00,,,,,,,*6D
$GPNVS,5,225814,010826,5C9,0,0,+35.80,00000,00000,*28
$GPNVS,6,0,A,0,0x00000,0x20,,0x00,00,,0x00000,,*05
$GPNVS,7,225814,010826,A,12,0x00,0,-3,0,393195,+4.32,-4.10*78
$GPNVS,9,+10000000.001,+1.87490,+10000000.00,15,+0.000,+0.39,,+35.80,50.0,99.0,*62
$GPNVS,10,1,0,0,-15,-15,2,100,0.5,3,2,30,1,-1,1.0,20,-18,1,2,8000*69
$GPNVS,1,225815,010826,A,N,0,N,0x00000,0x20,0x00,1,N*1D
$GPNVS,2,225815,010826,0.00,0.00,0.00,0.00,0.00,0.00,0.00,0.00,*6A
$GPNVS,3,225815,010826,+0.38,,,+4.32,-4.11,,,,1,+36.12,*60
$GPNVS,4,225815,010826,0.00,0.00,,,,,,,*6C
$GPNVS,5,225815,010826,5C9,0,0,+36.12,00000,00000,*21
$GPNVS,6,0,A,0,0x00000,0x20,,0x00,00,,0x00000,,*05
$GPNVS,7,225815,010826,A,12,0x00,-1,-3,-1,393194,+4.32,-4.11*79
$GPNVS,9,+10000000.001,+1.87489,+10000000.00,15,+0.000,+0.39,,+36.12,50.0,99.0,*62
$GPNVS,10,1,0,0,-15,-15,2,100,0.5,3,2,30,1,-1,1.0,20,-18,1,2,8000*69
$GPNVS,1,225816,010826,A,N,0,N,0x00000,0x20,0x00,1,N*1E
$GPNVS,2,225816,010826,0.00,0.00,0.00,0.00,0.00,0.00,0.00,0.00,*69
$GPNVS,3,225816,010826,+0.38,,,+4.32,-4.09,,,,1,+35.80,*62
$GPNVS,4,225816,010826,0.00,0.00,,,,,,,*6F
$GPNVS,5,225816,010826,5C9,0,0,+35.80,00000,00000,*2A
$GPNVS,6,0,A,0,0x00000,0x20,,0x00,00,,0x00000,,*05
$GPNVS,7,225816,010826,A,12,0x00,-1,-2,-2,393192,+4.32,-4.10*7F
$GPNVS,9,+10000000.000,+1.87488,+9999999.949,15,+0.000,+0.39,,+35.80,50.0,99.0,*66
$GPNVS,10,1,0,0,-10,-10,2,100,0.5,3,2,30,1,-1,1.0,20,-18,1,2,8000*69
$GPNVS,1,225817,010826,A,N,0,N,0x00000,0x20,0x00,1,N*1F
$GPNVS,2,225817,010826,0.00,0.00,0.00,0.00,0.00,0.00,0.00,0.00,*68
$GPNVS,3,225817,010826,+0.38,,,+4.32,-4.09,,,,1,+35.80,*63
$GPNVS,4,225817,010826,0.00,0.00,,,,,,,*6E
$GPNVS,5,225817,010826,5C9,0,0,+35.80,00000,00000,*2B
$GPNVS,6,0,A,0,0x00000,0x20,,0x00,00,,0x00000,,*05
$GPNVS,7,225817,010826,A,12,0x00,-1,-2,0,393192,+4.32,-4.10*51
$GPNVS,9,+10000000.000,+1.87488,+10000000.00,15,+0.000,+0.39,,+35.80,50.0,99.0,*6A
$GPNVS,10,1,0,0,-10,-10,2,100,0.5,3,2,30,1,-1,1.0,20,-18,1,2,8000*69
$GPNVS,1,225818,010826,A,N,0,N,0x00000,0x20,0x00,1,N*10
$GPNVS,2,225818,010826,0.00,0.00,0.00,0.00,0.00,0.00,0.00,0.00,*67
$GPNVS,3,225818,010826,+0.38,,,+4.32,-4.09,,,,1,+35.80,*6C
$GPNVS,4,225818,010826,0.00,0.00,,,,,,,*61
$GPNVS,5,225818,010826,5C9,0,0,+35.80,00000,00000,*24
$GPNVS,6,0,A,0,0x00000,0x20,,0x00,00,,0x00000,,*05
$GPNVS,7,225818,010826,A,12,0x00,-1,-3,0,393192,+4.32,-4.10*5F
$GPNVS,9,+10000000.001,+1.87488,+10000000.05,15,+0.000,+0.39,,+35.80,50.0,99.0,*6E
$GPNVS,10,1,0,0,-15,-10,2,100,0.5,3,2,30,1,-1,1.0,20,-18,1,2,8000*6C
$GPNVS,1,225819,010826,A,N,0,N,0x00000,0x20,0x00,1,N*11
$GPNVS,2,225819,010826,0.00,0.00,0.00,0.00,0.00,0.00,0.00,0.00,*66
$GPNVS,3,225819,010826,+0.38,,,+4.32,-4.11,,,,1,+35.80,*64
$GPNVS,4,225819,010826,0.00,0.00,,,,,,,*60
$GPNVS,5,225819,010826,5C9,0,0,+35.80,00000,00000,*25
$GPNVS,6,0,A,0,0x00000,0x20,,0x00,00,,0x00000,,*05
$GPNVS,7,225819,010826,A,12,0x00,-1,-3,-2,393190,+4.32,-4.11*72
$GPNVS,9,+10000000.001,+1.87487,+10000000.00,15,+0.000,+0.39,,+35.80,50.0,99.0,*64
$GPNVS,10,1,0,0,-15,-15,2,100,0.5,3,2,30,1,-1,1.0,20,-18,1,2,8000*69
$GPNVS,1,225820,010826,A,N,0,N,0x00000,0x20,0x00,1,N*1B
$GPNVS,2,225820,010826,0.00,0.00,0.00,0.00,0.00,0.00,0.00,0.00,*6C
$GPNVS,3,225820,010826,+0.38,,,+4.32,-4.09,,,,1,+35.80,*67
$GPNVS,4,225820,010826,0.00,0.00,,,,,,,*6A
$GPNVS,5,225820,010826,5C9,0,0,+35.80,00000,00000,*2F
$GPNVS,6,0,A,0,0x00000,0x20,,0x00,00,,0x00000,,*05
$GPNVS,7,225820,010826,A,12,0x00,-1,-2,0,393190,+4.32,-4.10*57
$GPNVS,9,+10000000.000,+1.87487,+9999999.949,15,+0.000,+0.39,,+35.80,50.0,99.0,*69
$GPNVS,10,1,0,0,-10,-10,2,100,0.5,3,2,30,1,-1,1.0,20,+18,1,2,8000*6F
$GPNVS,1,225821,010826,A,N,0,N,0x00000,0x20,0x00,1,N*1A
$GPNVS,2,225821,010826,0.00,0.00,0.00,0.00,0.00,0.00,0.00,0.00,*6D
$GPNVS,3,225821,010826,+0.38,,,+4.32,-4.11,,,,1,+35.80,*6F
$GPNVS,4,225821,010826,0.00,0.00,,,,,,,*6B
$GPNVS,5,225821,010826,5C9,0,0,+35.80,00000,00000,*2E
$GPNVS,6,0,A,0,0x00000,0x20,,0x00,00,,0x00000,,*05
$GPNVS,7,225821,010826,A,12,0x00,-1,-2,0,393190,+4.32,-4.11*57
$GPNVS,9,+10000000.000,+1.87487,+10000000.00,15,+0.000,+0.39,,+35.80,50.0,99.0,*65
$GPNVS,10,1,0,0,-10,-10,2,100,0.5,3,2,30,1,+0,1.0,20,+18,1,2,8000*68
$GPNVS,1,225822,010826,A,N,0,N,0x00000,0x20,0x00,1,N*19
$GPNVS,2,225822,010826,0.00,0.00,0.00,0.00,0.00,0.00,0.00,0.00,*6E
$GPNVS,3,225822,010826,+0.38,,,+4.32,-4.11,,,,1,+35.80,*6C
$GPNVS,4,225822,010826,0.00,0.00,,,,,,,*68
$GPNVS,5,225822,010826,5C9,0,0,+35.80,00000,00000,*2D
$GPNVS,6,0,A,0,0x00000,0x20,,0x00,00,,0x00000,,*05
$GPNVS,7,225822,010826,A,12,0x00,-1,-2,0,393190,+4.32,-4.11*54
$GPNVS,9,+10000000.000,+1.87487,+10000000.00,15,+0.000,+0.39,,+35.80,50.0,99.0,*65
$GPNVS,10,1,0,0,-10,-10,2,100,0.5,3,2,30,1,+1,1.0,20,+18,1,2,8000*69
$GPNVS,99,,,*5C
$GPNVS,1,225823,010826,A,N,0,N,0x00000,0x20,0x00,1,N*18
$GPNVS,2,225823,010826,0.00,0.00,0.00,0.00,0.00,0.00,0.00,0.00,*6F
$GPNVS,3,225823,010826,+0.38,,,+4.32,-4.09,,,,1,+35.80,*64
$GPNVS,4,225823,010826,0.00,0.00,,,,,,,*69
$GPNVS,5,225823,010826,5C9,0,0,+35.80,00000,00000,*2C
$GPNVS,6,0,A,0,0x00000,0x20,,0x00,00,,0x00000,,*05
$GPNVS,7,225823,010826,A,12,0x00,-1,-2,0,393190,+4.32,-4.10*54
$GPNVS,9,+10000000.000,+1.87487,+10000000.00,15,+0.000,+0.39,,+35.80,50.0,99.0,*65
$GPNVS,10,1,0,0,-10,-10,2,100,0.5,3,2,30,1,+1,1.0,20,+18,1,2,8000*69
$GPNVS,1,225824,010826,A,N,0,N,0x00000,0x20,0x00,1,N*1F
$GPNVS,2,225824,010826,0.00,0.00,0.00,0.00,0.00,0.00,0.00,0.00,*68
$GPNVS,3,225824,010826,+0.38,,,+4.32,-4.09,,,,1,+35.80,*63
$GPNVS,4,225824,010826,0.00,0.00,,,,,,,*6E
$GPNVS,5,225824,010826,5C9,0,0,+35.80,00000,00000,*2B
$GPNVS,6,0,A,0,0x00000,0x20,,0x00,00,,0x00000,,*05
$GPNVS,7,225824,010826,A,12,0x00,-1,-2,0,393190,+4.32,-4.10*53
$GPNVS,9,+10000000.000,+1.87487,+10000000.00,15,+0.000,+0.39,,+35.80,50.0,99.0,*65
$GPNVS,10,1,0,0,-10,-10,2,100,0.5,3,2,30,1,+0,1.0,20,+18,1,2,8000*68
$GPNVS,1,225825,010826,A,N,0,N,0x00000,0x20,0x00,1,N*1E
$GPNVS,2,225825,010826,0.00,0.00,0.00,0.00,0.00,0.00,0.00,0.00,*69
$GPNVS,3,225825,010826,+0.38,,,+4.32,-4.09,,,,1,+35.80,*62
$GPNVS,4,225825,010826,0.00,0.00,,,,,,,*6F
$GPNVS,5,225825,010826,5C9,0,0,+35.80,00000,00000,*2A
$GPNVS,6,0,A,0,0x00000,0x20,,0x00,00,,0x00000,,*05
$GPNVS,7,225825,010826,A,12,0x00,-1,-2,0,393190,+4.32,-4.10*52
$GPNVS,9,+10000000.000,+1.87487,+10000000.00,15,+0.000,+0.39,,+35.80,50.0,99.0,*65
$GPNVS,10,1,0,0,-10,-10,2,100,0.5,3,2,30,1,+1,1.0,20,+18,1,2,8000*69
$GPNVS,1,225826,010826,A,N,0,N,0x00000,0x20,0x00,1,N*1D
$GPNVS,2,225826,010826,0.00,0.00,0.00,0.00,0.00,0.00,0.00,0.00,*6A
$GPNVS,3,225826,010826,+0.38,,,+4.32,-4.11,,,,1,+36.12,*60
$GPNVS,4,225826,010826,0.00,0.00,,,,,,,*6C
$GPNVS,5,225826,010826,5C9,0,0,+36.12,00000,00000,*21
$GPNVS,6,0,A,0,0x00000,0x20,,0x00,00,,0x00000,,*05
$GPNVS,7,225826,010826,A,12,0x00,-1,-2,0,393190,+4.32,-4.11*50
$GPNVS,9,+10000000.000,+1.87487,+10000000.00,15,+0.000,+0.39,,+36.12,50.0,99.0,*6D
$GPNVS,10,1,0,0,-10,-10,2,100,0.5,3,2,30,1,+1,1.0,20,+18,1,2,8000*69
$GPNVS,1,225827,010826,A,N,0,N,0x00000,0x20,0x00,1,N*1C
$GPNVS,2,225827,010826,0.00,0.00,0.00,0.00,0.00,0.00,0.00,0.00,*6B
$GPNVS,3,225827,010826,+0.38,,,+4.32,-4.11,,,,1,+35.80,*69
$GPNVS,4,225827,010826,0.00,0.00,,,,,,,*6D
$GPNVS,5,225827,010826,5C9,0,0,+35.80,00000,00000,*28
$GPNVS,6,0,A,0,0x00000,0x20,,0x00,00,,0x00000,,*05
$GPNVS,7,225827,010826,A,12,0x00,-1,-3,0,393190,+4.32,-4.11*50
$GPNVS,9,+10000000.001,+1.87487,+10000000.05,15,+0.000,+0.39,,+35.80,50.0,99.0,*61
$GPNVS,10,1,0,0,-15,-10,2,100,0.5,3,2,30,1,+1,1.0,20,+18,1,2,8000*6C
$GPNVS,1,225828,010826,A,N,0,N,0x00000,0x20,0x00,1,N*13
$GPNVS,2,225828,010826,0.00,0.00,0.00,0.00,0.00,0.00,0.00,0.00,*64
$GPNVS,3,225828,010826,+0.38,,,+4.32,-4.09,,,,1,+35.80,*6F
$GPNVS,4,225828,010826,0.00,0.00,,,,,,,*62
$GPNVS,5,225828,010826,5C9,0,0,+35.80,00000,00000,*27
$GPNVS,6,0,A,0,0x00000,0x20,,0x00,00,,0x00000,,*05
$GPNVS,7,225828,010826,A,12,0x00,-1,-2,0,393190,+4.32,-4.10*5F
$GPNVS,9,+10000000.000,+1.87487,+9999999.949,15,+0.000,+0.39,,+35.80,50.0,99.0,*69
$GPNVS,10,1,0,0,-10,-10,2,100,0.5,3,2,30,1,+1,1.0,20,+18,1,2,8000*69
$GPNVS,1,225829,010826,A,N,0,N,0x00000,0x20,0x00,1,N*12
$GPNVS,2,225829,010826,0.00,0.00,0.00,0.00,0.00,0.00,0.00,0.00,*65
$GPNVS,3,225829,010826,+0.38,,,+4.32,-4.11,,,,1,+35.80,*67
$GPNVS,4,225829,010826,0.00,0.00,,,,,,,*63
$GPNVS,5,225829,010826,5C9,0,0,+35.80,00000,00000,*26
$GPNVS,6,0,A,0,0x00000,0x20,,0x00,00,,0x00000,,*05
$GPNVS,7,225829,010826,A,12,0x00,-1,-2,0,393190,+4.32,-4.11*5F
$GPNVS,9,+10000000.000,+1.87487,+10000000.00,15,+0.000,+0.39,,+35.80,50.0,99.0,*65
$GPNVS,10,1,0,0,-10,-10,2,100,0.5,3,2,30,1,+1,1.0,20,+18,1,2,8000*69
$GPNVS,1,225830,010826,A,N,0,N,0x00000,0x20,0x00,1,N*1A
$GPNVS,2,225830,010826,0.00,0.00,0.00,0.00,0.00,0.00,0.00,0.00,*6D
$GPNVS,3,225830,010826,+0.38,,,+4.32,-4.09,,,,1,+35.80,*66
$GPNVS,4,225830,010826,0.00,0.00,,,,,,,*6B
$GPNVS,5,225830,010826,5C9,0,0,+35.80,00000,00000,*2E
$GPNVS,6,0,A,0,0x00000,0x20,,0x00,00,,0x00000,,*05
$GPNVS,7,225830,010826,A,12,0x00,0,-3,0,393190,+4.32,-4.10*7B
$GPNVS,9,+10000000.001,+1.87487,+10000000.05,15,+0.000,+0.39,,+35.80,50.0,99.0,*61
$GPNVS,10,1,0,0,-15,-10,2,100,0.5,3,2,30,1,+1,1.0,20,-2,1,2,8000*51
$GPNVS,1,225831,010826,A,N,0,N,0x00000,0x20,0x00,1,N*1B
$GPNVS,2,225831,010826,0.00,0.00,0.00,0.00,0.00,0.00,0.00,0.00,*6C
$GPNVS,3,225831,010826,+0.38,,,+4.32,-4.09,,,,1,+35.80,*67
$GPNVS,4,225831,010826,0.00,0.00,,,,,,,*6A
$GPNVS,5,225831,010826,5C9,0,0,+35.80,00000,00000,*2F
$GPNVS,6,0,A,0,0x00000,0x20,,0x00,00,,0x00000,,*05
$GPNVS,7,225831,010826,A,12,0x00,0,-2,0,393190,+4.32,-4.10*7B
$GPNVS,9,+10000000.000,+1.87487,+9999999.949,15,+0.000,+0.39,,+35.80,50.0,99.0,*69
$GPNVS,10,1,0,0,-10,-10,2,100,0.5,3,2,30,1,+1,1.0,20,-2,1,2,8000*54
$GPNVS,1,225832,010826,A,N,0,N,0x00000,0x20,0x00,1,N*18
$GPNVS,2,225832,010826,0.00,0.00,0.00,0.00,0.00,0.00,0.00,0.00,*6F
$GPNVS,3,225832,010826,+0.38,,,+4.32,-4.09,,,,1,+35.80,*64
$GPNVS,4,225832,010826,0.00,0.00,,,,,,,*69
$GPNVS,5,225832,010826,5C9,0,0,+35.80,00000,00000,*2C
$GPNVS,6,0,A,0,0x00000,0x20,,0x00,00,,0x00000,,*05
$GPNVS,7,225832,010826,A,12,0x00,0,-2,0,393190,+4.32,-4.10*78
$GPNVS,9,+10000000.000,+1.87487,+10000000.00,15,+0.000,+0.39,,+35.80,50.0,99.0,*65
$GPNVS,10,1,0,0,-10,-10,2,100,0.5,3,2,30,1,+1,1.0,20,-2,1,2,8000*54
$GPNVS,1,225833,010826,A,N,0,N,0x00000,0x20,0x00,1,N*19
$GPNVS,2,225833,010826,0.00,0.00,0.00,0.00,0.00,0.00,0.00,0.00,*6E
$GPNVS,3,225833,010826,+0.38,,,+4.32,-4.09,,,,1,+35.80,*65
$GPNVS,4,225833,010826,0.00,0.00,,,,,,,*68
$GPNVS,5,225833,010826,5C9,0,0,+35.80,00000,00000,*2D
$GPNVS,6,0,A,0,0x00000,0x20,,0x00,00,,0x00000,,*05
$GPNVS,7,225833,010826,A,12,0x00,0,-2,0,393190,+4.32,-4.10*79
$GPNVS,9,+10000000.000,+1.87487,+10000000.00,15,+0.000,+0.39,,+35.80,50.0,99.0,*65
$GPNVS,10,1,0,0,-10,-10,2,100,0.5,3,2,30,1,+1,1.0,20,-2,1,2,8000*54
$GPNVS,1,225834,010826,A,N,0,N,0x00000,0x20,0x00,1,N*1E
$GPNVS,2,225834,010826,0.00,0.00,0.00,0.00,0.00,0.00,0.00,0.00,*69
$GPNVS,3,225834,010826,+0.38,,,+4.32,-4.11,,,,1,+35.80,*6B
$GPNVS,4,225834,010826,0.00,0.00,,,,,,,*6F
$GPNVS,5,225834,010826,5C9,0,0,+35.80,00000,00000,*2A
$GPNVS,6,0,A,0,0x00000,0x20,,0x00,00,,0x00000,,*05
$GPNVS,7,225834,010826,A,12,0x00,0,-2,-1,393189,+4.32,-4.11*5B
$GPNVS,9,+10000000.000,+1.87487,+10000000.00,15,+0.000,+0.39,,+35.80,50.0,99.0,*65
$GPNVS,10,1,0,0,-10,-10,2,100,0.5,3,2,30,1,+0,1.0,20,-2,1,2,8000*55
$GPNVS,1,225835,010826,A,N,0,N,0x00000,0x20,0x00,1,N*1F
$GPNVS,2,225835,010826,0.00,0.00,0.00,0.00,0.00,0.00,0.00,0.00,*68
$GPNVS,3,225835,010826,+0.38,,,+4.32,-4.09,,,,1,+35.80,*63
$GPNVS,4,225835,010826,0.00,0.00,,,,,,,*6E
$GPNVS,5,225835,010826,5C9,0,0,+35.80,00000,00000,*2B
$GPNVS,6,0,A,0,0x00000,0x20,,0x00,00,,0x00000,,*05
$GPNVS,7,225835,010826,A,12,0x00,0,-2,0,393189,+4.32,-4.10*77
$GPNVS,9,+10000000.000,+1.87487,+10000000.00,15,+0.000,+0.39,,+35.80,50.0,99.0,*65
$GPNVS,10,1,0,0,-10,-10,2,100,0.5,3,2,30,1,+0,1.0,20,-2,1,2,8000*55
$GPNVS,1,225836,010826,A,N,0,N,0x00000,0x20,0x00,1,N*1C
$GPNVS,2,225836,010826,0.00,0.00,0.00,0.00,0.00,0.00,0.00,0.00,*6B
$GPNVS,3,225836,010826,+0.38,,,+4.32,-4.09,,,,1,+36.12,*68
$GPNVS,4,225836,010826,0.00,0.00,,,,,,,*6D
$GPNVS,5,225836,010826,5C9,0,0,+36.12,00000,00000,*20
$GPNVS,6,0,A,0,0x00000,0x20,,0x00,00,,0x00000,,*05
$GPNVS,7,225836,010826,A,12,0x00,0,-2,0,393189,+4.32,-4.10*74
$GPNVS,9,+10000000.000,+1.87487,+10000000.00,15,+0.000,+0.39,,+36.12,50.0,99.0,*6D
$GPNVS,10,1,0,0,-10,-10,2,100,0.5,3,2,30,1,+0,1.0,20,-2,1,2,8000*55
$GPNVS,1,225837,010826,A,N,0,N,0x00000,0x20,0x00,1,N*1D
$GPNVS,2,225837,010826,0.00,0.00,0.00,0.00,0.00,0.00,0.00,0.00,*6A
$GPNVS,3,225837,010826,+0.38,,,+4.32,-4.09,,,,1,+35.80,*61
$GPNVS,4,225837,010826,0.00,0.00,,,,,,,*6C
$GPNVS,5,225837,010826,5C9,0,0,+35.80,00000,00000,*29
$GPNVS,6,0,A,0,0x00000,0x20,,0x00,00,,0x00000,,*05
$GPNVS,7,225837,010826,A,12,0x00,0,-2,-1,393188,+4.32,-4.10*58
$GPNVS,9,+10000000.000,+1.87486,+10000000.00,15,+0.000,+0.39,,+35.80,50.0,99.0,*64
$GPNVS,10,1,0,0,-10,-10,2,100,0.5,3,2,30,1,+0,1.0,20,-2,1,2,8000*55
$GPNVS,99,,,*5C
$GPNVS,1,225838,010826,A,N,0,N,0x00000,0x20,0x00,1,N*12
$GPNVS,2,225838,010826,0.00,0.00,0.00,0.00,0.00,0.00,0.00,0.00,*65
$GPNVS,3,225838,010826,+0.38,,,+4.32,-4.11,,,,1,+35.80,*67
$GPNVS,4,225838,010826,0.00,0.00,,,,,,,*63
$GPNVS,5,225838,010826,5C9,0,0,+35.80,00000,00000,*26
$GPNVS,6,0,A,0,0x00000,0x20,,0x00,00,,0x00000,,*05
$GPNVS,7,225838,010826,A,12,0x00,0,-2,0,393188,+4.32,-4.11*7A
$GPNVS,9,+10000000.000,+1.87486,+10000000.00,15,+0.000,+0.39,,+35.80,50.0,99.0,*64
$GPNVS,10,1,0,0,-10,-10,2,100,0.5,3,2,30,1,+0,1.0,20,-2,1,2,8000*55
$GPNVS,1,225839,010826,A,N,0,N,0x00000,0x20,0x00,1,N*13
$GPNVS,2,225839,010826,0.00,0.00,0.00,0.00,0.00,0.00,0.00,0.00,*64
$GPNVS,3,225839,010826,+0.38,,,+4.32,-4.11,,,,1,+35.80,*66
$GPNVS,4,225839,010826,0.00,0.00,,,,,,,*62
$GPNVS,5,225839,010826,5C9,0,0,+35.80,00000,00000,*27
$GPNVS,6,0,A,0,0x00000,0x20,,0x00,00,,0x00000,,*05
$GPNVS,7,225839,010826,A,12,0x00,0,-2,0,393188,+4.32,-4.11*7B
$GPNVS,9,+10000000.000,+1.87486,+10000000.00,15,+0.000,+0.39,,+35.80,50.0,99.0,*64
$GPNVS,10,1,0,0,-10,-10,2,100,0.5,3,2,30,1,+0,1.0,20,-2,1,2,8000*55
$GPNVS,1,225840,010826,A,N,0,N,0x00000,0x20,0x00,1,N*1D
$GPNVS,2,225840,010826,0.00,0.00,0.00,0.00,0.00,0.00,0.00,0.00,*6A
$GPNVS,3,225840,010826,+0.38,,,+4.32,-4.11,,,,1,+35.80,*68
$GPNVS,4,225840,010826,0.00,0.00,,,,,,,*6C
$GPNVS,5,225840,010826,5C9,0,0,+35.80,00000,00000,*29
$GPNVS,6,0,A,0,0x00000,0x20,,0x00,00,,0x00000,,*05
$GPNVS,7,225840,010826,A,12,0x00,0,-2,-1,393187,+4.32,-4.11*56
$GPNVS,9,+10000000.000,+1.87486,+10000000.00,15,+0.000,+0.39,,+35.80,50.0,99.0,*64
$GPNVS,10,1,0,0,-10,-10,2,100,0.5,3,2,30,1,+0,1.0,20,-2,1,2,8000*55
$GPNVS,1,225841,010826,A,N,0,N,0x00000,0x20,0x00,1,N*1C
$GPNVS,2,225841,010826,0.00,0.00,0.00,0.00,0.00,0.00,0.00,0.00,*6B
$GPNVS,3,225841,010826,+0.38,,,+4.32,-4.11,,,,1,+35.80,*69
$GPNVS,4,225841,010826,0.00,0.00,,,,,,,*6D
$GPNVS,5,225841,010826,5C9,0,0,+35.80,00000,00000,*28
$GPNVS,6,0,A,0,0x00000,0x20,,0x00,00,,0x00000,,*05
$GPNVS,7,225841,010826,A,12,0x00,0,-2,0,393187,+4.32,-4.11*7B
$GPNVS,9,+10000000.000,+1.87486,+10000000.00,15,+0.000,+0.39,,+35.80,50.0,99.0,*64
$GPNVS,10,1,0,0,-10,-10,2,100,0.5,3,2,30,1,+0,1.0,20,+14,1,2,8000*64
$GPNVS,1,225842,010826,A,N,0,N,0x00000,0x20,0x00,1,N*1F
$GPNVS,2,225842,010826,0.00,0.00,0.00,0.00,0.00,0.00,0.00,0.00,*68
$GPNVS,3,225842,010826,+0.38,,,+4.32,-4.09,,,,1,+35.80,*63
$GPNVS,4,225842,010826,0.00,0.00,,,,,,,*6E
$GPNVS,5,225842,010826,5C9,0,0,+35.80,00000,00000,*2B
$GPNVS,6,0,A,0,0x00000,0x20,,0x00,00,,0x00000,,*05
$GPNVS,7,225842,010826,A,12,0x00,0,-2,0,393187,+4.32,-4.10*79
$GPNVS,9,+10000000.000,+1.87486,+10000000.00,15,+0.000,+0.39,,+35.80,50.0,99.0,*64
$GPNVS,10,1,0,0,-10,-10,2,100,0.5,3,2,30,1,+0,1.0,20,+14,1,2,8000*64
$GPNVS,1,225843,010826,A,N,0,N,0x00000,0x20,0x00,1,N*1E
$GPNVS,2,225843,010826,0.00,0.00,0.00,0.00,0.00,0.00,0.00,0.00,*69
$GPNVS,3,225843,010826,+0.38,,,+4.32,-4.09,,,,1,+35.80,*62
$GPNVS,4,225843,010826,0.00,0.00,,,,,,,*6F
$GPNVS,5,225843,010826,5C9,0,0,+35.80,00000,00000,*2A
$GPNVS,6,0,A,0,0x00000,0x20,,0x00,00,,0x00000,,*05
$GPNVS,7,225843,010826,A,12,0x00,0,-2,-1,393186,+4.32,-4.10*55
$GPNVS,9,+10000000.000,+1.87485,+10000000.00,15,+0.000,+0.39,,+35.80,50.0,99.0,*67
$GPNVS,10,1,0,0,-10,-10,2,100,0.5,3,2,30,1,+0,1.0,20,+14,1,2,8000*64
$GPNVS,1,225844,010826,A,N,0,N,0x00000,0x20,0x00,1,N*19
$GPNVS,2,225844,010826,0.00,0.00,0.00,0.00,0.00,0.00,0.00,0.00,*6E
$GPNVS,3,225844,010826,+0.38,,,+4.32,-4.09,,,,1,+35.80,*65
$GPNVS,4,225844,010826,0.00,0.00,,,,,,,*68
$GPNVS,5,225844,010826,5C9,0,0,+35.80,00000,00000,*2D
$GPNVS,6,0,A,0,0x00000,0x20,,0x00,00,,0x00000,,*05
$GPNVS,7,225844,010826,A,12,0x00,0,-2,0,393186,+4.32,-4.10*7E
$GPNVS,9,+10000000.000,+1.87485,+10000000.00,15,+0.000,+0.39,,+35.80,50.0,99.0,*67
$GPNVS,10,1,0,0,-10,-10,2,100,0.5,3,2,30,1,+0,1.0,20,+14,1,2,8000*64
$GPNVS,1,225845,010826,A,N,0,N,0x00000,0x20,0x00,1,N*18
$GPNVS,2,225845,010826,0.00,0.00,0.00,0.00,0.00,0.00,0.00,0.00,*6F
$GPNVS,3,225845,010826,+0.38,,,+4.32,-4.11,,,,1,+35.80,*6D
$GPNVS,4,225845,010826,0.00,0.00,,,,,,,*69
$GPNVS,5,225845,010826,5C9,0,0,+35.80,00000,00000,*2C
$GPNVS,6,0,A,0,0x00000,0x20,,0x00,00,,0x00000,,*05
$GPNVS,7,225845,010826,A,12,0x00,1,-2,1,393187,+4.32,-4.11*7F
$GPNVS,9,+10000000.000,+1.87486,+10000000.00,15,+0.000,+0.39,,+35.80,50.0,99.0,*64
$GPNVS,10,1,0,0,-10,-10,2,100,0.5,3,2,30,1,+0,1.0,20,+14,1,2,8000*64
$GPNVS,1,225846,010826,A,N,0,N,0x00000,0x20,0x00,1,N*1B
$GPNVS,2,225846,010826,0.00,0.00,0.00,0.00,0.00,0.00,0.00,0.00,*6C
$GPNVS,3,225846,010826,+0.38,,,+4.32,-4.09,,,,1,+35.80,*67
$GPNVS,4,225846,010826,0.00,0.00,,,,,,,*6A
$GPNVS,5,225846,010826,5C9,0,0,+35.80,00000,00000,*2F
$GPNVS,6,0,A,0,0x00000,0x20,,0x00,00,,0x00000,,*05
$GPNVS,7,225846,010826,A,12,0x00,1,-2,-1,393186,+4.32,-4.10*51
$GPNVS,9,+10000000.000,+1.87485,+10000000.00,15,+0.000,+0.39,,+35.80,50.0,99.0,*67
$GPNVS,10,1,0,0,-10,-10,2,100,0.5,3,2,30,1,+0,1.0,20,+14,1,2,8000*64
$GPNVS,1,225847,010826,A,N,0,N,0x00000,0x20,0x00,1,N*1A
$GPNVS,2,225847,010826,0.00,0.00,0.00,0.00,0.00,0.00,0.00,0.00,*6D
$GPNVS,3,225847,010826,+0.38,,,+4.32,-4.11,,,,1,+35.80,*6F
$GPNVS,4,225847,010826,0.00,0.00,,,,,,,*6B
$GPNVS,5,225847,010826,5C9,0,0,+35.80,00000,00000,*2E
$GPNVS,6,0,A,0,0x00000,0x20,,0x00,00,,0x00000,,*05
$GPNVS,7,225847,010826,A,12,0x00,1,-2,0,393186,+4.32,-4.11*7D
$GPNVS,9,+10000000.000,+1.87485,+10000000.00,15,+0.000,+0.39,,+35.80,50.0,99.0,*67
$GPNVS,10,1,0,0,-10,-10,2,100,0.5,3,2,30,1,+0,1.0,20,+14,1,2,8000*64
$GPNVS,1,225848,010826,A,N,0,N,0x00000,0x20,0x00,1,N*15
$GPNVS,2,225848,010826,0.00,0.00,0.00,0.00,0.00,0.00,0.00,0.00,*62
$GPNVS,3,225848,010826,+0.38,,,+4.32,-4.09,,,,1,+35.80,*69
$GPNVS,4,225848,010826,0.00,0.00,,,,,,,*64
$GPNVS,5,225848,010826,5C9,0,0,+35.80,00000,00000,*21
$GPNVS,6,0,A,0,0x00000,0x20,,0x00,00,,0x00000,,*05
$GPNVS,7,225848,010826,A,12,0x00,1,-2,0,393186,+4.32,-4.10*73
$GPNVS,9,+10000000.000,+1.87485,+10000000.00,15,+0.000,+0.39,,+35.80,50.0,99.0,*67
$GPNVS,10,1,0,0,-10,-10,2,100,0.5,3,2,30,1,+0,1.0,20,+14,1,2,8000*64
$GPNVS,1,225849,010826,A,N,0,N,0x00000,0x20,0x00,1,N*14
$GPNVS,2,225849,010826,0.00,0.00,0.00,0.00,0.00,0.00,0.00,0.00,*63
$GPNVS,3,225849,010826,+0.38,,,+4.32,-4.09,,,,1,+35.80,*68
$GPNVS,4,225849,010826,0.00,0.00,,,,,,,*65
$GPNVS,5,225849,010826,5C9,0,0,+35.80,00000,00000,*20
$GPNVS,6,0,A,0,0x00000,0x20,,0x00,00,,0x00000,,*05
$GPNVS,7,225849,010826,A,12,0x00,1,-2,-1,393185,+4.32,-4.10*5D
$GPNVS,9,+9999999.9989,+1.87485,+10000000.00,15,+0.000,+0.39,,+35.80,50.0,99.0,*6E
$GPNVS,10,1,0,0,-10,-10,2,100,0.5,3,2,30,1,+0,1.0,20,+14,1,2,8000*64
$GPNVS,1,225850,010826,A,N,0,N,0x00000,0x20,0x00,1,N*1C
$GPNVS,2,225850,010826,0.00,0.00,0.00,0.00,0.00,0.00,0.00,0.00,*6B
$GPNVS,3,225850,010826,+0.38,,,+4.32,-4.09,,,,1,+36.12,*68
$GPNVS,4,225850,010826,0.00,0.00,,,,,,,*6D
$GPNVS,5,225850,010826,5C9,0,0,+36.12,00000,00000,*20
$GPNVS,6,0,A,0,0x00000,0x20,,0x00,00,,0x00000,,*05
$GPNVS,7,225850,010826,A,12,0x00,1,-2,0,393185,+4.32,-4.10*79
$GPNVS,9,+10000000.000,+1.87485,+10000000.00,15,+0.000,+0.39,,+36.12,50.0,99.0,*6F
$GPNVS,10,1,0,0,-10,-10,2,100,0.5,3,2,30,1,+0,1.0,20,+14,1,2,8000*64
$GPNVS,1,225851,010826,A,N,0,N,0x00000,0x20,0x00,1,N*1D
$GPNVS,2,225851,010826,0.00,0.00,0.00,0.00,0.00,0.00,0.00,0.00,*6A
$GPNVS,3,225851,010826,+0.38,,,+4.32,-4.11,,,,1,+35.80,*68
$GPNVS,4,225851,010826,0.00,0.00,,,,,,,*6C
$GPNVS,5,225851,010826,5C9,0,0,+35.80,00000,00000,*29
$GPNVS,6,0,A,0,0x00000,0x20,,0x00,00,,0x00000,,*05
$GPNVS,7,225851,010826,A,12,0x00,1,-2,0,393185,+4.32,-4.11*79
$GPNVS,9,+10000000.000,+1.87485,+10000000.00,15,+0.000,+0.39,,+35.80,50.0,99.0,*67
$GPNVS,10,1,0,0,-10,-10,2,100,0.5,3,2,30,1,+0,1.0,20,+14,1,2,8000*64
$GPNVS,1,225852,010826,A,N,0,N,0x00000,0x20,0x00,1,N*1E
$GPNVS,2,225852,010826,0.00,0.00,0.00,0.00,0.00,0.00,0.00,0.00,*69
$GPNVS,3,225852,010826,+0.38,,,+4.32,-4.11,,,,1,+35.80,*6B
$GPNVS,4,225852,010826,0.00,0.00,,,,,,,*6F
$GPNVS,5,225852,010826,5C9,0,0,+35.80,00000,00000,*2A
$GPNVS,6,0,A,0,0x00000,0x20,,0x00,00,,0x00000,,*05
$GPNVS,7,225852,010826,A,12,0x00,1,-2,-1,393184,+4.32,-4.11*57
$GPNVS,9,+10000000.000,+1.87484,+10000000.00,15,+0.000,+0.39,,+35.80,50.0,99.0,*66
$GPNVS,10,1,0,0,-10,-10,2,100,0.5,3,2,30,1,+0,1.0,20,-6,1,2,8000*51
$GPNVS,99,,,*5C
$GPNVS,1,225853,010826,A,N,0,N,0x00000,0x20,0x00,1,N*1F
$GPNVS,2,225853,010826,0.00,0.00,0.00,0.00,0.00,0.00,0.00,0.00,*68
$GPNVS,3,225853,010826,+0.38,,,+4.32,-4.11,,,,1,+35.80,*6A
$GPNVS,4,225853,010826,0.00,0.00,,,,,,,*6E
$GPNVS,5,225853,010826,5C9,0,0,+35.80,00000,00000,*2B
$GPNVS,6,0,A,0,0x00000,0x20,,0x00,00,,0x00000,,*05
$GPNVS,7,225853,010826,A,12,0x00,1,-2,0,393184,+4.32,-4.11*7A
$GPNVS,9,+10000000.000,+1.87484,+10000000.00,15,+0.000,+0.39,,+35.80,50.0,99.0,*66
$GPNVS,10,1,0,0,-10,-10,2,100,0.5,3,2,30,1,+0,1.0,20,-6,1,2,8000*51
$GPNVS,1,225854,010826,A,N,0,N,0x00000,0x20,0x00,1,N*18
$GPNVS,2,225854,010826,0.00,0.00,0.00,0.00,0.00,0.00,0.00,0.00,*6F
$GPNVS,3,225854,010826,+0.38,,,+4.32,-4.09,,,,1,+35.80,*64
$GPNVS,4,225854,010826,0.00,0.00,,,,,,,*69
$GPNVS,5,225854,010826,5C9,0,0,+35.80,00000,00000,*2C
$GPNVS,6,0,A,0,0x00000,0x20,,0x00,00,,0x00000,,*05
$GPNVS,7,225854,010826,A,12,0x00,1,-2,0,393184,+4.32,-4.10*7C
$GPNVS,9,+9999999.9989,+1.87484,+10000000.00,15,+0.000,+0.39,,+35.80,50.0,99.0,*6F
$GPNVS,10,1,0,0,-10,-10,2,100,0.5,3,2,30,1,+0,1.0,20,-6,1,2,8000*51
$GPNVS,1,225855,010826,A,N,0,N,0x00000,0x20,0x00,1,N*19
$GPNVS,2,225855,010826,0.00,0.00,0.00,0.00,0.00,0.00,0.00,0.00,*6E
$GPNVS,3,225855,010826,+0.38,,,+4.32,-4.09,,,,1,+35.80,*65
$GPNVS,4,225855,010826,0.00,0.00,,,,,,,*68
$GPNVS,5,225855,010826,5C9,0,0,+35.80,00000,00000,*2D
$GPNVS,6,0,A,0,0x00000,0x20,,0x00,00,,0x00000,,*05
$GPNVS,7,225855,010826,A,12,0x00,1,-2,-1,393183,+4.32,-4.10*56
$GPNVS,9,+10000000.000,+1.87484,+10000000.00,15,+0.000,+0.39,,+35.80,50.0,99.0,*66
$GPNVS,10,1,0,0,-10,-10,2,100,0.5,3,2,30,1,+0,1.0,20,-6,1,2,8000*51
$GPNVS,1,225856,010826,A,N,0,N,0x00000,0x20,0x00,1,N*1A
$GPNVS,2,225856,010826,0.00,0.00,0.00,0.00,0.00,0.00,0.00,0.00,*6D
$GPNVS,3,225856,010826,+0.38,,,+4.32,-4.11,,,,1,+35.80,*6F
$GPNVS,4,225856,010826,0.00,0.00,,,,,,,*6B
$GPNVS,5,225856,010826,5C9,0,0,+35.80,00000,00000,*2E
$GPNVS,6,0,A,0,0x00000,0x20,,0x00,00,,0x00000,,*05
$GPNVS,7,225856,010826,A,12,0x00,1,-2,0,393183,+4.32,-4.11*78
$GPNVS,9,+10000000.000,+1.87484,+10000000.00,15,+0.000,+0.39,,+35.80,50.0,99.0,*66
$GPNVS,10,1,0,0,-10,-10,2,100,0.5,3,2,30,1,+0,1.0,20,-6,1,2,8000*51
$GPNVS,1,225857,010826,A,N,0,N,0x00000,0x20,0x00,1,N*1B
$GPNVS,2,225857,010826,0.00,0.00,0.00,0.00,0.00,0.00,0.00,0.00,*6C
$GPNVS,3,225857,010826,+0.38,,,+4.32,-4.09,,,,1,+35.80,*67
$GPNVS,4,225857,010826,0.00,0.00,,,,,,,*6A
$GPNVS,5,225857,010826,5C9,0,0,+35.80,00000,00000,*2F
$GPNVS,6,0,A,0,0x00000,0x20,,0x00,00,,0x00000,,*05
$GPNVS,7,225857,010826,A,12,0x00,1,-2,0,393183,+4.32,-4.10*78
$GPNVS,9,+9999999.9989,+1.87484,+10000000.00,15,+0.000,+0.39,,+35.80,50.0,99.0,*6F
$GPNVS,10,1,0,0,-10,-10,2,100,0.5,3,2,30,1,+0,1.0,20,-6,1,2,8000*51
$GPNVS,1,225858,010826,A,N,0,N,0x00000,0x20,0x00,1,N*14
$GPNVS,2,225858,010826,0.00,0.00,0.00,0.00,0.00,0.00,0.00,0.00,*63
$GPNVS,3,225858,010826,+0.38,,,+4.32,-4.11,,,,1,+35.80,*61
$GPNVS,4,225858,010826,0.00,0.00,,,,,,,*65
$GPNVS,5,225858,010826,5C9,0,0,+35.80,00000,00000,*20
$GPNVS,6,0,A,0,0x00000,0x20,,0x00,00,,0x00000,,*05
$GPNVS,7,225858,010826,A,12,0x00,1,-2,-1,393182,+4.32,-4.11*5B
$GPNVS,9,+9999999.9989,+1.87483,+10000000.00,15,+0.000,+0.39,,+35.80,50.0,99.0,*68
$GPNVS,10,1,0,0,-10,-10,2,100,0.5,3,2,30,1,+0,1.0,20,-6,1,2,8000*51
$GPNVS,1,225859,010826,A,N,0,N,0x00000,0x20,0x00,1,N*15
$GPNVS,2,225859,010826,0.00,0.00,0.00,0.00,0.00,0.00,0.00,0.00,*62
$GPNVS,3,225859,010826,+0.38,,,+4.32,-4.09,,,,1,+35.80,*69
$GPNVS,4,225859,010826,0.00,0.00,,,,,,,*64
$GPNVS,5,225859,010826,5C9,0,0,+35.80,00000,00000,*21
$GPNVS,6,0,A,0,0x00000,0x20,,0x00,00,,0x00000,,*05
$GPNVS,7,225859,010826,A,12,0x00,1,-2,0,393182,+4.32,-4.10*77
$GPNVS,9,+9999999.9989,+1.87483,+10000000.00,15,+0.000,+0.39,,+35.80,50.0,99.0,*68
$GPNVS,10,1,0,0,-10,-10,2,100,0.5,3,2,30,1,+0,1.0,20,-6,1,2,8000*51
$GPNVS,1,225900,010826,A,N,0,N,0x00000,0x20,0x00,1,N*18
$GPNVS,2,225900,010826,0.00,0.00,0.00,0.00,0.00,0.00,0.00,0.00,*6F
$GPNVS,3,225900,010826,+0.38,,,+4.32,-4.09,,,,1,+35.80,*64
$GPNVS,4,225900,010826,0.00,0.00,,,,,,,*69
$GPNVS,5,225900,010826,5C9,0,0,+35.80,00000,00000,*2C
$GPNVS,6,0,A,0,0x00000,0x20,,0x00,00,,0x00000,,*05
$GPNVS,7,225900,010826,A,12,0x00,0,-2,0,393182,+4.32,-4.10*7B
$GPNVS,9,+10000000.000,+1.87483,+10000000.00,15,+0.000,+0.39,,+35.80,50.0,99.0,*61
$GPNVS,10,1,0,0,-10,-10,2,100,0.5,3,2,30,1,+0,1.0,20,-6,1,2,8000*51
$GPNVS,1,225901,010826,A,N,0,N,0x00000,0x20,0x00,1,N*19
$GPNVS,2,225901,010826,0.00,0.00,0.00,0.00,0.00,0.00,0.00,0.00,*6E
$GPNVS,3,225901,010826,+0.38,,,+4.32,-4.09,,,,1,+36.12,*6D
$GPNVS,4,225901,010826,0.00,0.00,,,,,,,*68
$GPNVS,5,225901,010826,5C9,0,0,+36.12,00000,00000,*25
$GPNVS,6,0,A,0,0x00000,0x20,,0x00,00,,0x00000,,*05
$GPNVS,7,225901,010826,A,12,0x00,0,-2,-1,393181,+4.32,-4.10*55
$GPNVS,9,+10000000.000,+1.87483,+10000000.00,15,+0.000,+0.39,,+36.12,50.0,99.0,*69
$GPNVS,10,1,0,0,-10,-10,2,100,0.5,3,2,30,1,+0,1.0,20,-6,1,2,8000*51
$GPNVS,1,225902,010826,A,N,0,N,0x00000,0x20,0x00,1,N*1A
$GPNVS,2,225902,010826,0.00,0.00,0.00,0.00,0.00,0.00,0.00,0.00,*6D
$GPNVS,3,225902,010826,+0.38,,,+4.32,-4.09,,,,1,+35.80,*66
$GPNVS,4,225902,010826,0.00,0.00,,,,,,,*6B
$GPNVS,5,225902,010826,5C9,0,0,+35.80,00000,00000,*2E
$GPNVS,6,0,A,0,0x00000,0x20,,0x00,00,,0x00000,,*05
$GPNVS,7,225902,010826,A,12,0x00,0,-2,0,393181,+4.32,-4.10*7A
$GPNVS,9,+9999999.9989,+1.87483,+10000000.00,15,+0.000,+0.39,,+35.80,50.0,99.0,*68
$GPNVS,10,1,0,0,-10,-10,2,100,0.5,3,2,30,1,+0,1.0,20,+10,1,2,8000*60
$GPNVS,1,225903,010826,A,N,0,N,0x00000,0x20,0x00,1,N*1B
$GPNVS,2,225903,010826,0.00,0.00,0.00,0.00,0.00,0.00,0.00,0.00,*6C
$GPNVS,3,225903,010826,+0.38,,,+4.32,-4.09,,,,1,+35.80,*67
$GPNVS,4,225903,010826,0.00,0.00,,,,,,,*6A
$GPNVS,5,225903,010826,5C9,0,0,+35.80,00000,00000,*2F
$GPNVS,6,0,A,0,0x00000,0x20,,0x00,00,,0x00000,,*05
$GPNVS,7,225903,010826,A,12,0x00,0,-2,0,393181,+4.32,-4.10*7B
$GPNVS,9,+9999999.9989,+1.87483,+10000000.00,15,+0.000,+0.39,,+35.80,50.0,99.0,*68
$GPNVS,10,1,0,0,-10,-10,2,100,0.5,3,2,30,1,+0,1.0,20,+10,1,2,8000*60
$GPNVS,1,225904,010826,A,N,0,N,0x00000,0x20,0x00,1,N*1C
$GPNVS,2,225904,010826,0.00,0.00,0.00,0.00,0.00,0.00,0.00,0.00,*6B
$GPNVS,3,225904,010826,+0.38,,,+4.32,-4.09,,,,1,+35.80,*60
$GPNVS,4,225904,010826,0.00,0.00,,,,,,,*6D
$GPNVS,5,225904,010826,5C9,0,0,+35.80,00000,00000,*28
$GPNVS,6,0,A,0,0x00000,0x20,,0x00,00,,0x00000,,*05
$GPNVS,7,225904,010826,A,12,0x00,0,-2,-1,393180,+4.32,-4.10*51
$GPNVS,9,+9999999.9989,+1.87483,+10000000.00,15,+0.000,+0.39,,+35.80,50.0,99.0,*68
$GPNVS,10,1,0,0,-10,-10,2,100,0.5,3,2,30,1,+0,1.0,20,+10,1,2,8000*60
$GPNVS,1,225905,010826,A,N,0,N,0x00000,0x20,0x00,1,N*1D
$GPNVS,2,225905,010826,0.00,0.00,0.00,0.00,0.00,0.00,0.00,0.00,*6A
$GPNVS,3,225905,010826,+0.38,,,+4.32,-4.11,,,,1,+35.80,*68
$GPNVS,4,225905,010826,0.00,0.00,,,,,,,*6C
$GPNVS,5,225905,010826,5C9,0,0,+35.80,00000,00000,*29
$GPNVS,6,0,A,0,0x00000,0x20,,0x00,00,,0x00000,,*05
$GPNVS,7,225905,010826,A,12,0x00,0,-2,0,393180,+4.32,-4.11*7D
$GPNVS,9,+9999999.9989,+1.87483,+10000000.00,15,+0.000,+0.39,,+35.80,50.0,99.0,*68
$GPNVS,10,1,0,0,-10,-10,2,100,0.5,3,2,30,1,+0,1.0,20,+10,1,2,8000*60
$GPNVS,1,225906,010826,A,N,0,N,0x00000,0x20,0x00,1,N*1E
$GPNVS,2,225906,010826,0.00,0.00,0.00,0.00,0.00,0.00,0.00,0.00,*69
$GPNVS,3,225906,010826,+0.38,,,+4.32,-4.11,,,,1,+35.80,*6B
$GPNVS,4,225906,010826,0.00,0.00,,,,,,,*6F
$GPNVS,5,225906,010826,5C9,0,0,+35.80,00000,00000,*2A
$GPNVS,6,0,A,0,0x00000,0x20,,0x00,00,,0x00000,,*05
$GPNVS,7,225906,010826,A,12,0x00,0,-2,0,393180,+4.32,-4.11*7E
$GPNVS,9,+10000000.000,+1.87483,+10000000.00,15,+0.000,+0.39,,+35.80,50.0,99.0,*61
$GPNVS,10,1,0,0,-10,-10,2,100,0.5,3,2,30,1,+0,1.0,20,+10,1,2,8000*60
$GPNVS,1,225907,010826,A,N,0,N,0x00000,0x20,0x00,1,N*1F
$GPNVS,2,225907,010826,0.00,0.00,0.00,0.00,0.00,0.00,0.00,0.00,*68
$GPNVS,3,225907,010826,+0.38,,,+4.32,-4.09,,,,1,+35.80,*63
$GPNVS,4,225907,010826,0.00,0.00,,,,,,,*6E
$GPNVS,5,225907,010826,5C9,0,0,+35.80,00000,00000,*2B
$GPNVS,6,0,A,0,0x00000,0x20,,0x00,00,,0x00000,,*05
$GPNVS,7,225907,010826,A,12,0x00,0,-2,-1,393179,+4.32,-4.10*54
$GPNVS,9,+10000000.000,+1.87482,+10000000.00,15,+0.000,+0.39,,+35.80,50.0,99.0,*60
$GPNVS,10,1,0,0,-10,-10,2,100,0.5,3,2,30,1,+0,1.0,20,+10,1,2,8000*60
$GPNVS,99,,,*5C
$GPNVS,1,225908,010826,A,N,0,N,0x00000,0x20,0x00,1,N*10
$GPNVS,2,225908,010826,0.00,0.00,0.00,0.00,0.00,0.00,0.00,0.00,*67
$GPNVS,3,225908,010826,+0.38,,,+4.32,-4.11,,,,1,+36.12,*6D
$GPNVS,4,225908,010826,0.00,0.00,,,,,,,*61
$GPNVS,5,225908,010826,5C9,0,0,+36.12,00000,00000,*2C
$GPNVS,6,0,A,0,0x00000,0x20,,0x00,00,,0x00000,,*05
$GPNVS,7,225908,010826,A,12,0x00,0,-3,0,393179,+4.32,-4.11*77
$GPNVS,9,+10000000.000,+1.87482,+10000000.05,15,+0.000,+0.39,,+36.12,50.0,99.0,*6D
$GPNVS,10,1,0,0,-15,-10,2,100,0.5,3,2,30,1,+0,1.0,20,+10,1,2,8000*65
$GPNVS,1,225909,010826,A,N,0,N,0x00000,0x20,0x00,1,N*11
$GPNVS,2,225909,010826,0.00,0.00,0.00,0.00,0.00,0.00,0.00,0.00,*66
$GPNVS,3,225909,010826,+0.38,,,+4.32,-4.11,,,,1,+35.80,*64
$GPNVS,4,225909,010826,0.00,0.00,,,,,,,*60
$GPNVS,5,225909,010826,5C9,0,0,+35.80,00000,00000,*25
$GPNVS,6,0,A,0,0x00000,0x20,,0x00,00,,0x00000,,*05
$GPNVS,7,225909,010826,A,12,0x00,0,-3,0,393179,+4.32,-4.11*76
$GPNVS,9,+10000000.000,+1.87482,+10000000.00,15,+0.000,+0.39,,+35.80,50.0,99.0,*60
$GPNVS,10,1,0,0,-15,-15,2,100,0.5,3,2,30,1,+0,1.0,20,+10,1,2,8000*60
$GPNVS,1,225910,010826,A,N,0,N,0x00000,0x20,0x00,1,N*19
$GPNVS,2,225910,010826,0.00,0.00,0.00,0.00,0.00,0.00,0.00,0.00,*6E
$GPNVS,3,225910,010826,+0.38,,,+4.32,-4.09,,,,1,+35.80,*65
$GPNVS,4,225910,010826,0.00,0.00,,,,,,,*68
$GPNVS,5,225910,010826,5C9,0,0,+35.80,00000,00000,*2D
$GPNVS,6,0,A,0,0x00000,0x20,,0x00,00,,0x00000,,*05
$GPNVS,7,225910,010826,A,12,0x00,0,-2,-1,393178,+4.32,-4.10*53
$GPNVS,9,+10000000.000,+1.87482,+9999999.949,15,+0.000,+0.39,,+35.80,50.0,99.0,*6C
$GPNVS,10,1,0,0,-10,-10,2,100,0.5,3,2,30,1,+0,1.0,20,+10,1,2,8000*60
$GPNVS,1,225911,010826,A,N,0,N,0x00000,0x20,0x00,1,N*18
$GPNVS,2,225911,010826,0.00,0.00,0.00,0.00,0.00,0.00,0.00,0.00,*6F
$GPNVS,3,225911,010826,+0.38,,,+4.32,-4.09,,,,1,+35.80,*64
$GPNVS,4,225911,010826,0.00,0.00,,,,,,,*69
$GPNVS,5,225911,010826,5C9,0,0,+35.80,00000,00000,*2C
$GPNVS,6,0,A,0,0x00000,0x20,,0x00,00,,0x00000,,*05
$GPNVS,7,225911,010826,A,12,0x00,0,-2,0,393178,+4.32,-4.10*7E
$GPNVS,9,+10000000.000,+1.87482,+10000000.00,15,+0.000,+0.39,,+35.80,50.0,99.0,*60
$GPNVS,10,1,0,0,-10,-10,2,100,0.5,3,2,30,1,+0,1.0,20,+10,1,2,8000*60
$GPNVS,1,225912,010826,A,N,0,N,0x00000,0x20,0x00,1,N*1B
$GPNVS,2,225912,010826,0.00,0.00,0.00,0.00,0.00,0.00,0.00,0.00,*6C
$GPNVS,3,225912,010826,+0.38,,,+4.32,-4.11,,,,1,+35.80,*6E
$GPNVS,4,225912,010826,0.00,0.00,,,,,,,*6A
$GPNVS,5,225912,010826,5C9,0,0,+35.80,00000,00000,*2F
$GPNVS,6,0,A,0,0x00000,0x20,,0x00,00,,0x00000,,*05
$GPNVS,7,225912,010826,A,12,0x00,0,-2,0,393178,+4.32,-4.11*7C
$GPNVS,9,+10000000.000,+1.87482,+10000000.00,15,+0.000,+0.39,,+35.80,50.0,99.0,*60
$GPNVS,10,1,0,0,-10,-10,2,100,0.5,3,2,30,1,+0,1.0,20,+10,1,2,8000*60
$GPNVS,1,225913,010826,A,N,0,N,0x00000,0x20,0x00,1,N*1A
$GPNVS,2,225913,010826,0.00,0.00,0.00,0.00,0.00,0.00,0.00,0.00,*6D
$GPNVS,3,225913,010826,+0.38,,,+4.32,-4.11,,,,1,+36.12,*67
$GPNVS,4,225913,010826,0.00,0.00,,,,,,,*6B
$GPNVS,5,225913,010826,5C9,0,0,+36.12,00000,00000,*26
$GPNVS,6,0,A,0,0x00000,0x20,,0x00,00,,0x00000,,*05
$GPNVS,7,225913,010826,A,12,0x00,0,-2,-1,393177,+4.32,-4.11*5E
$GPNVS,9,+10000000.000,+1.87481,+10000000.00,15,+0.000,+0.39,,+36.12,50.0,99.0,*6B
$GPNVS,10,1,0,0,-10,-10,2,100,0.5,3,2,30,1,+0,1.0,20,-10,1,2,8000*66
$GPNVS,1,225914,010826,A,N,0,N,0x00000,0x20,0x00,1,N*1D
$GPNVS,2,225914,010826,0.00,0.00,0.00,0.00,0.00,0.00,0.00,0.00,*6A
$GPNVS,3,225914,010826,+0.38,,,+4.32,-4.11,,,,1,+36.12,*60
$GPNVS,4,225914,010826,0.00,0.00,,,,,,,*6C
$GPNVS,5,225914,010826,5C9,0,0,+36.12,00000,00000,*21
$GPNVS,6,0,A,0,0x00000,0x20,,0x00,00,,0x00000,,*05
$GPNVS,7,225914,010826,A,12,0x00,0,-2,0,393177,+4.32,-4.11*75
$GPNVS,9,+10000000.000,+1.87481,+10000000.00,15,+0.000,+0.39,,+36.12,50.0,99.0,*6B
$GPNVS,10,1,0,0,-10,-10,2,100,0.5,3,2,30,1,+0,1.0,20,-10,1,2,8000*66
$GPNVS,1,225915,010826,A,N,0,N,0x00000,0x20,0x00,1,N*1C
$GPNVS,2,225915,010826,0.00,0.00,0.00,0.00,0.00,0.00,0.00,0.00,*6B
$GPNVS,3,225915,010826,+0.38,,,+4.32,-4.11,,,,1,+36.12,*61
$GPNVS,4,225915,010826,0.00,0.00,,,,,,,*6D
$GPNVS,5,225915,010826,5C9,0,0,+36.12,00000,00000,*20
$GPNVS,6,0,A,0,0x00000,0x20,,0x00,00,,0x00000,,*05
$GPNVS,7,225915,010826,A,12,0x00,0,-2,0,393177,+4.32,-4.11*74
$GPNVS,9,+10000000.000,+1.87481,+10000000.00,15,+0.000,+0.39,,+36.12,50.0,99.0,*6B
$GPNVS,10,1,0,0,-10,-10,2,100,0.5,3,2,30,1,+0,1.0,20,-10,1,2,8000*66
$GPNVS,1,225916,010826,A,N,0,N,0x00000,0x20,0x00,1,N*1F
$GPNVS,2,225916,010826,0.00,0.00,0.00,0.00,0.00,0.00,0.00,0.00,*68
$GPNVS,3,225916,010826,+0.38,,,+4.32,-4.09,,,,1,+36.12,*6B
$GPNVS,4,225916,010826,0.00,0.00,,,,,,,*6E
$GPNVS,5,225916,010826,5C9,0,0,+36.12,00000,00000,*23
$GPNVS,6,0,A,0,0x00000,0x20,,0x00,00,,0x00000,,*05
$GPNVS,7,225916,010826,A,12,0x00,0,-2,-1,393176,+4.32,-4.10*5B
$GPNVS,9,+10000000.000,+1.87481,+10000000.00,15,+0.000,+0.39,,+36.12,50.0,99.0,*6B
$GPNVS,10,1,0,0,-10,-10,2,100,0.5,3,2,30,1,+0,1.0,20,-10,1,2,8000*66
$GPNVS,1,225917,010826,A,N,0,N,0x00000,0x20,0x00,1,N*1E
$GPNVS,2,225917,010826,0.00,0.00,0.00,0.00,0.00,0.00,0.00,0.00,*69
$GPNVS,3,225917,010826,+0.38,,,+4.32,-4.09,,,,1,+35.80,*62
$GPNVS,4,225917,010826,0.00,0.00,,,,,,,*6F
$GPNVS,5,225917,010826,5C9,0,0,+35.80,00000,00000,*2A
$GPNVS,6,0,A,0,0x00000,0x20,,0x00,00,,0x00000,,*05
$GPNVS,7,225917,010826,A,12,0x00,0,-2,0,393176,+4.32,-4.10*76
$GPNVS,9,+9999999.9989,+1.87481,+10000000.00,15,+0.000,+0.39,,+35.80,50.0,99.0,*6A
$GPNVS,10,1,0,0,-10,-10,2,100,0.5,3,2,30,1,+0,1.0,20,-10,1,2,8000*66
$GPNVS,1,225918,010826,A,N,0,N,0x00000,0x20,0x00,1,N*11
$GPNVS,2,225918,010826,0.00,0.00,0.00,0.00,0.00,0.00,0.00,0.00,*66
$GPNVS,3,225918,010826,+0.38,,,+4.32,-4.11,,,,1,+36.12,*6C
$GPNVS,4,225918,010826,0.00,0.00,,,,,,,*60
$GPNVS,5,225918,010826,5C9,0,0,+36.12,00000,00000,*2D
$GPNVS,6,0,A,0,0x00000,0x20,,0x00,00,,0x00000,,*05
$GPNVS,7,225918,010826,A,12,0x00,0,-2,0,393176,+4.32,-4.11*78
$GPNVS,9,+10000000.000,+1.87481,+10000000.00,15,+0.000,+0.39,,+36.12,50.0,99.0,*6B
$GPNVS,10,1,0,0,-10,-10,2,100,0.5,3,2,30,1,+0,1.0,20,-10,1,2,8000*66
$GPNVS,1,225919,010826,A,N,0,N,0x00000,0x20,0x00,1,N*10
$GPNVS,2,225919,010826,0.00,0.00,0.00,0.00,0.00,0.00,0.00,0.00,*67
$GPNVS,3,225919,010826,+0.38,,,+4.32,-4.09,,,,1,+36.12,*64
$GPNVS,4,225919,010826,0.00,0.00,,,,,,,*61
$GPNVS,5,225919,010826,5C9,0,0,+36.12,00000,00000,*2C
$GPNVS,6,0,A,0,0x00000,0x20,,0x00,00,,0x00000,,*05
$GPNVS,7,225919,010826,A,12,0x00,0,-2,-1,393175,+4.32,-4.10*57
$GPNVS,9,+10000000.000,+1.87480,+10000000.00,15,+0.000,+0.39,,+36.12,50.0,99.0,*6A
$GPNVS,10,1,0,0,-10,-10,2,100,0.5,3,2,30,1,+0,1.0,20,-10,1,2,8000*66
$GPNVS,1,225920,010826,A,N,0,N,0x00000,0x20,0x00,1,N*1A
$GPNVS,2,225920,010826,0.00,0.00,0.00,0.00,0.00,0.00,0.00,0.00,*6D
$GPNVS,3,225920,010826,+0.38,,,+4.32,-4.11,,,,1,+36.12,*67
$GPNVS,4,225920,010826,0.00,0.00,,,,,,,*6B
$GPNVS,5,225920,010826,5C9,0,0,+36.12,00000,00000,*26
$GPNVS,6,0,A,0,0x00000,0x20,,0x00,00,,0x00000,,*05
$GPNVS,7,225920,010826,A,12,0x00,0,-2,0,393175,+4.32,-4.11*70
$GPNVS,9,+9999999.9989,+1.87480,+10000000.00,15,+0.000,+0.39,,+36.12,50.0,99.0,*63
$GPNVS,10,1,0,0,-10,-10,2,100,0.5,3,2,30,1,+0,1.0,20,-10,1,2,8000*66
$GPNVS,1,225921,010826,A,N,0,N,0x00000,0x20,0x00,1,N*1B
$GPNVS,2,225921,010826,0.00,0.00,0.00,0.00,0.00,0.00,0.00,0.00,*6C
$GPNVS,3,225921,010826,+0.38,,,+4.32,-4.09,,,,1,+36.12,*6F
$GPNVS,4,225921,010826,0.00,0.00,,,,,,,*6A
$GPNVS,5,225921,010826,5C9,0,0,+36.12,00000,00000,*27
$GPNVS,6,0,A,0,0x00000,0x20,,0x00,00,,0x00000,,*05
$GPNVS,7,225921,010826,A,12,0x00,0,-2,0,393175,+4.32,-4.10*70
$GPNVS,9,+10000000.000,+1.87480,+10000000.00,15,+0.000,+0.39,,+36.12,50.0,99.0,*6A
$GPNVS,10,1,0,0,-10,-10,2,100,0.5,3,2,30,1,+0,1.0,20,-10,1,2,8000*66
$GPNVS,1,225922,010826,A,N,0,N,0x00000,0x20,0x00,1,N*18
$GPNVS,2,225922,010826,0.00,0.00,0.00,0.00,0.00,0.00,0.00,0.00,*6F
$GPNVS,3,225922,010826,+0.38,,,+4.32,-4.09,,,,1,+36.12,*6C
$GPNVS,4,225922,010826,0.00,0.00,,,,,,,*69
$GPNVS,5,225922,010826,5C9,0,0,+36.12,00000,00000,*24
$GPNVS,6,0,A,0,0x00000,0x20,,0x00,00,,0x00000,,*05
$GPNVS,7,225922,010826,A,12,0x00,0,-2,-1,393174,+4.32,-4.10*5E
$GPNVS,9,+10000000.000,+1.87480,+10000000.00,15,+0.000,+0.39,,+36.12,50.0,99.0,*6A
$GPNVS,10,1,0,0,-10,-10,2,100,0.5,3,2,30,1,+0,1.0,20,-10,1,2,8000*66
$GPNVS,99,,,*5C
$GPNVS,1,225923,010826,A,N,0,N,0x00000,0x20,0x00,1,N*19
$GPNVS,2,225923,010826,0.00,0.00,0.00,0.00,0.00,0.00,0.00,0.00,*6E
$GPNVS,3,225923,010826,+0.38,,,+4.32,-4.11,,,,1,+36.12,*64
$GPNVS,4,225923,010826,0.00,0.00,,,,,,,*68
$GPNVS,5,225923,010826,5C9,0,0,+36.12,00000,00000,*25
$GPNVS,6,0,A,0,0x00000,0x20,,0x00,00,,0x00000,,*05
$GPNVS,7,225923,010826,A,12,0x00,0,-2,0,393174,+4.32,-4.11*72
$GPNVS,9,+10000000.000,+1.87480,+10000000.00,15,+0.000,+0.39,,+36.12,50.0,99.0,*6A
$GPNVS,10,1,0,0,-10,-10,2,100,0.5,3,2,30,1,+0,1.0,20,-10,1,2,8000*66
$GPNVS,1,225924,010826,A,N,0,N,0x00000,0x20,0x00,1,N*1E
$GPNVS,2,225924,010826,0.00,0.00,0.00,0.00,0.00,0.00,0.00,0.00,*69
$GPNVS,3,225924,010826,+0.38,,,+4.32,-4.11,,,,1,+36.12,*63
$GPNVS,4,225924,010826,0.00,0.00,,,,,,,*6F
$GPNVS,5,225924,010826,5C9,0,0,+36.12,00000,00000,*22
$GPNVS,6,0,A,0,0x00000,0x20,,0x00,00,,0x00000,,*05
$GPNVS,7,225924,010826,A,12,0x00,0,-2,0,393174,+4.32,-4.11*75
$GPNVS,9,+10000000.000,+1.87480,+10000000.00,15,+0.000,+0.39,,+36.12,50.0,99.0,*6A
$GPNVS,10,1,0,0,-10,-10,2,100,0.5,3,2,30,1,+0,1.0,20,+6,1,2,8000*57
$GPNVS,1,225925,010826,A,N,0,N,0x00000,0x20,0x00,1,N*1F
$GPNVS,2,225925,010826,0.00,0.00,0.00,0.00,0.00,0.00,0.00,0.00,*68
$GPNVS,3,225925,010826,+0.38,,,+4.32,-4.09,,,,1,+36.12,*6B
$GPNVS,4,225925,010826,0.00,0.00,,,,,,,*6E
$GPNVS,5,225925,010826,5C9,0,0,+36.12,00000,00000,*23
$GPNVS,6,0,A,0,0x00000,0x20,,0x00,00,,0x00000,,*05
$GPNVS,7,225925,010826,A,12,0x00,0,-2,-1,393173,+4.32,-4.10*5E
$GPNVS,9,+10000000.000,+1.87479,+10000000.00,15,+0.000,+0.39,,+36.12,50.0,99.0,*6C
$GPNVS,10,1,0,0,-10,-10,2,100,0.5,3,2,30,1,+0,1.0,20,+6,1,2,8000*57
$GPNVS,1,225926,010826,A,N,0,N,0x00000,0x20,0x00,1,N*1C
$GPNVS,2,225926,010826,0.00,0.00,0.00,0.00,0.00,0.00,0.00,0.00,*6B
$GPNVS,3,225926,010826,+0.38,,,+4.32,-4.09,,,,1,+36.12,*68
$GPNVS,4,225926,010826,0.00,0.00,,,,,,,*6D
$GPNVS,5,225926,010826,5C9,0,0,+36.12,00000,00000,*20
$GPNVS,6,0,A,0,0x00000,0x20,,0x00,00,,0x00000,,*05
$GPNVS,7,225926,010826,A,12,0x00,0,-2,0,393173,+4.32,-4.10*71
$GPNVS,9,+10000000.000,+1.87479,+10000000.00,15,+0.000,+0.39,,+36.12,50.0,99.0,*6C
$GPNVS,10,1,0,0,-10,-10,2,100,0.5,3,2,30,1,+0,1.0,20,+6,1,2,8000*57
$GPNVS,1,225927,010826,A,N,0,N,0x00000,0x20,0x00,1,N*1D
$GPNVS,2,225927,010826,0.00,0.00,0.00,0.00,0.00,0.00,0.00,0.00,*6A
$GPNVS,3,225927,010826,+0.38,,,+4.32,-4.09,,,,1,+36.12,*69
$GPNVS,4,225927,010826,0.00,0.00,,,,,,,*6C
$GPNVS,5,225927,010826,5C9,0,0,+36.12,00000,00000,*21
$GPNVS,6,0,A,0,0x00000,0x20,,0x00,00,,0x00000,,*05
$GPNVS,7,225927,010826,A,12,0x00,0,-2,0,393173,+4.32,-4.10*70
$GPNVS,9,+10000000.000,+1.87479,+10000000.00,15,+0.000,+0.39,,+36.12,50.0,99.0,*6C
$GPNVS,10,1,0,0,-10,-10,2,100,0.5,3,2,30,1,+0,1.0,20,+6,1,2,8000*57
$GPNVS,1,225928,010826,A,N,0,N,0x00000,0x20,0x00,1,N*12
$GPNVS,2,225928,010826,0.00,0.00,0.00,0.00,0.00,0.00,0.00,0.00,*65
$GPNVS,3,225928,010826,+0.38,,,+4.32,-4.11,,,,1,+36.12,*6F
$GPNVS,4,225928,010826,0.00,0.00,,,,,,,*63
$GPNVS,5,225928,010826,5C9,0,0,+36.12,00000,00000,*2E
$GPNVS,6,0,A,0,0x00000,0x20,,0x00,00,,0x00000,,*05
$GPNVS,7,225928,010826,A,12,0x00,0,-2,-1,393172,+4.32,-4.11*53
$GPNVS,9,+10000000.000,+1.87479,+10000000.00,15,+0.000,+0.39,,+36.12,50.0,99.0,*6C
$GPNVS,10,1,0,0,-10,-10,2,100,0.5,3,2,30,1,+0,1.0,20,+6,1,2,8000*57
$GPNVS,1,225929,010826,A,N,0,N,0x00000,0x20,0x00,1,N*13
$GPNVS,2,225929,010826,0.00,0.00,0.00,0.00,0.00,0.00,0.00,0.00,*64
$GPNVS,3,225929,010826,+0.38,,,+4.32,-4.11,,,,1,+35.80,*66
$GPNVS,4,225929,010826,0.00,0.00,,,,,,,*62
$GPNVS,5,225929,010826,5C9,0,0,+35.80,00000,00000,*27
$GPNVS,6,0,A,0,0x00000,0x20,,0x00,00,,0x00000,,*05
$GPNVS,7,225929,010826,A,12,0x00,0,-2,0,393172,+4.32,-4.11*7E
$GPNVS,9,+10000000.000,+1.87479,+10000000.00,15,+0.000,+0.39,,+35.80,50.0,99.0,*64
$GPNVS,10,1,0,0,-10,-10,2,100,0.5,3,2,30,1,+0,1.0,20,+6,1,2,8000*57
$GPNVS,1,225930,010826,A,N,0,N,0x00000,0x20,0x00,1,N*1B
$GPNVS,2,225930,010826,0.00,0.00,0.00,0.00,0.00,0.00,0.00,0.00,*6C
$GPNVS,3,225930,010826,+0.38,,,+4.32,-4.11,,,,1,+36.12,*66
$GPNVS,4,225930,010826,0.00,0.00,,,,,,,*6A
$GPNVS,5,225930,010826,5C9,0,0,+36.12,00000,00000,*27
$GPNVS,6,0,A,0,0x00000,0x20,,0x00,00,,0x00000,,*05
$GPNVS,7,225930,010826,A,12,0x00,0,-2,0,393172,+4.32,-4.11*76
$GPNVS,9,+10000000.000,+1.87479,+10000000.00,15,+0.000,+0.39,,+36.12,50.0,99.0,*6C
$GPNVS,10,1,0,0,-10,-10,2,100,0.5,3,2,30,1,+0,1.0,20,+6,1,2,8000*57
$GPNVS,1,225931,010826,A,N,0,N,0x00000,0x20,0x00,1,N*1A
$GPNVS,2,225931,010826,0.00,0.00,0.00,0.00,0.00,0.00,0.00,0.00,*6D
$GPNVS,3,225931,010826,+0.38,,,+4.32,-4.11,,,,1,+36.12,*67
$GPNVS,4,225931,010826,0.00,0.00,,,,,,,*6B
$GPNVS,5,225931,010826,5C9,0,0,+36.12,00000,00000,*26
$GPNVS,6,0,A,0,0x00000,0x20,,0x00,00,,0x00000,,*05
$GPNVS,7,225931,010826,A,12,0x00,0,-1,0,393172,+4.32,-4.11*74
$GPNVS,9,+9999999.9989,+1.87479,+9999999.949,15,+0.000,+0.39,,+36.12,50.0,99.0,*69
$GPNVS,10,1,0,0,-5,-5,2,100,0.5,3,2,30,1,+0,1.0,20,+6,1,2,8000*57
$GPNVS,1,225932,010826,A,N,0,N,0x00000,0x20,0x00,1,N*19
$GPNVS,2,225932,010826,0.00,0.00,0.00,0.00,0.00,0.00,0.00,0.00,*6E
$GPNVS,3,225932,010826,+0.38,,,+4.32,-4.11,,,,1,+36.12,*64
$GPNVS,4,225932,010826,0.00,0.00,,,,,,,*68
$GPNVS,5,225932,010826,5C9,0,0,+36.12,00000,00000,*25
$GPNVS,6,0,A,0,0x00000,0x20,,0x00,00,,0x00000,,*05
$GPNVS,7,225932,010826,A,12,0x00,0,-2,0,393172,+4.32,-4.11*74
$GPNVS,9,+10000000.000,+1.87479,+10000000.05,15,+0.000,+0.39,,+36.12,50.0,99.0,*69
$GPNVS,10,1,0,0,-10,-5,2,100,0.5,3,2,30,1,+0,1.0,20,+6,1,2,8000*63
$GPNVS,1,225933,010826,A,N,0,N,0x00000,0x20,0x00,1,N*18
$GPNVS,2,225933,010826,0.00,0.00,0.00,0.00,0.00,0.00,0.00,0.00,*6F
$GPNVS,3,225933,010826,+0.38,,,+4.32,-4.11,,,,1,+36.12,*65
$GPNVS,4,225933,010826,0.00,0.00,,,,,,,*69
$GPNVS,5,225933,010826,5C9,0,0,+36.12,00000,00000,*24
$GPNVS,6,0,A,0,0x00000,0x20,,0x00,00,,0x00000,,*05
$GPNVS,7,225933,010826,A,12,0x00,0,-1,0,393172,+4.32,-4.11*76
$GPNVS,9,+9999999.9989,+1.87479,+9999999.949,15,+0.000,+0.39,,+36.12,50.0,99.0,*69
$GPNVS,10,1,0,0,-5,-5,2,100,0.5,3,2,30,1,+0,1.0,20,+6,1,2,8000*57
$GPNVS,1,225934,010826,A,N,0,N,0x00000,0x20,0x00,1,N*1F
$GPNVS,2,225934,010826,0.00,0.00,0.00,0.00,0.00,0.00,0.00,0.00,*68
$GPNVS,3,225934,010826,+0.38,,,+4.32,-4.09,,,,1,+36.12,*6B
$GPNVS,4,225934,010826,0.00,0.00,,,,,,,*6E
$GPNVS,5,225934,010826,5C9,0,0,+36.12,00000,00000,*23
$GPNVS,6,0,A,0,0x00000,0x20,,0x00,00,,0x00000,,*05
$GPNVS,7,225934,010826,A,12,0x00,0,-1,0,393172,+4.32,-4.10*70
$GPNVS,9,+9999999.9989,+1.87479,+10000000.00,15,+0.000,+0.39,,+36.12,50.0,99.0,*65
$GPNVS,10,1,0,0,-5,-5,2,100,0.5,3,2,30,1,+0,1.0,20,+6,1,2,8000*57
$GPNVS,1,225935,010826,A,N,0,N,0x00000,0x20,0x00,1,N*1E
$GPNVS,2,225935,010826,0.00,0.00,0.00,0.00,0.00,0.00,0.00,0.00,*69
$GPNVS,3,225935,010826,+0.38,,,+4.32,-4.11,,,,1,+35.80,*6B
$GPNVS,4,225935,010826,0.00,0.00,,,,,,,*6F
$GPNVS,5,225935,010826,5C9,0,0,+35.80,00000,00000,*2A
$GPNVS,6,0,A,0,0x00000,0x20,,0x00,00,,0x00000,,*05
$GPNVS,7,225935,010826,A,12,0x00,0,-2,0,393172,+4.32,-4.11*73
$GPNVS,9,+10000000.000,+1.87479,+10000000.05,15,+0.000,+0.39,,+35.80,50.0,99.0,*61
$GPNVS,10,1,0,0,-10,-5,2,100,0.5,3,2,30,1,+0,1.0,20,-14,1,2,8000*56
$GPNVS,1,225936,010826,A,N,0,N,0x00000,0x20,0x00,1,N*1D
$GPNVS,2,225936,010826,0.00,0.00,0.00,0.00,0.00,0.00,0.00,0.00,*6A
$GPNVS,3,225936,010826,+0.38,,,+4.32,-4.11,,,,1,+36.12,*60
$GPNVS,4,225936,010826,0.00,0.00,,,,,,,*6C
$GPNVS,5,225936,010826,5C9,0,0,+36.12,00000,00000,*21
$GPNVS,6,0,A,0,0x00000,0x20,,0x00,00,,0x00000,,*05
$GPNVS,7,225936,010826,A,12,0x00,0,-1,0,393172,+4.32,-4.11*73
$GPNVS,9,+9999999.9989,+1.87479,+9999999.949,15,+0.000,+0.39,,+36.12,50.0,99.0,*69
$GPNVS,10,1,0,0,-5,-5,2,100,0.5,3,2,30,1,+1,1.0,20,-14,1,2,8000*63
$GPNVS,1,225937,010826,A,N,0,N,0x00000,0x20,0x00,1,N*1C
$GPNVS,2,225937,010826,0.00,0.00,0.00,0.00,0.00,0.00,0.00,0.00,*6B
$GPNVS,3,225937,010826,+0.38,,,+4.32,-4.11,,,,1,+36.12,*61
$GPNVS,4,225937,010826,0.00,0.00,,,,,,,*6D
$GPNVS,5,225937,010826,5C9,0,0,+36.12,00000,00000,*20
$GPNVS,6,0,A,0,0x00000,0x20,,0x00,00,,0x00000,,*05
$GPNVS,7,225937,010826,A,12,0x00,0,-2,1,393173,+4.32,-4.11*71
$GPNVS,9,+10000000.000,+1.87479,+10000000.05,15,+0.000,+0.39,,+36.12,50.0,99.0,*69
$GPNVS,10,1,0,0,-10,-5,2,100,0.5,3,2,30,1,+1,1.0,20,-14,1,2,8000*57
$GPNVS,99,,,*5C
$GPNVS,1,225938,010826,A,N,0,N,0x00000,0x20,0x00,1,N*13
$GPNVS,2,225938,010826,0.00,0.00,0.00,0.00,0.00,0.00,0.00,0.00,*64
$GPNVS,3,225938,010826,+0.38,,,+4.32,-4.11,,,,1,+36.12,*6E
$GPNVS,4,225938,010826,0.00,0.00,,,,,,,*62
$GPNVS,5,225938,010826,5C9,0,0,+36.12,00000,00000,*2F
$GPNVS,6,0,A,0,0x00000,0x20,,0x00,00,,0x00000,,*05
$GPNVS,7,225938,010826,A,12,0x00,0,-1,0,393173,+4.32,-4.11*7C
$GPNVS,9,+9999999.9989,+1.87479,+9999999.949,15,+0.000,+0.39,,+36.12,50.0,99.0,*69
$GPNVS,10,1,0,0,-5,-5,2,100,0.5,3,2,30,1,+1,1.0,20,-14,1,2,8000*63
$GPNVS,1,225939,010826,A,N,0,N,0x00000,0x20,0x00,1,N*12
$GPNVS,2,225939,010826,0.00,0.00,0.00,0.00,0.00,0.00,0.00,0.00,*65
$GPNVS,3,225939,010826,+0.38,,,+4.32,-4.09,,,,1,+36.12,*66
$GPNVS,4,225939,010826,0.00,0.00,,,,,,,*63
$GPNVS,5,225939,010826,5C9,0,0,+36.12,00000,00000,*2E
$GPNVS,6,0,A,0,0x00000,0x20,,0x00,00,,0x00000,,*05
$GPNVS,7,225939,010826,A,12,0x00,0,-2,0,393173,+4.32,-4.10*7F
$GPNVS,9,+10000000.000,+1.87479,+10000000.05,15,+0.000,+0.39,,+36.12,50.0,99.0,*69
$GPNVS,10,1,0,0,-10,-5,2,100,0.5,3,2,30,1,+1,1.0,20,-14,1,2,8000*57
$GPNVS,1,225940,010826,A,N,0,N,0x00000,0x20,0x00,1,N*1C
$GPNVS,2,225940,010826,0.00,0.00,0.00,0.00,0.00,0.00,0.00,0.00,*6B
$GPNVS,3,225940,010826,+0.38,,,+4.32,-4.11,,,,1,+36.12,*61
$GPNVS,4,225940,010826,0.00,0.00,,,,,,,*6D
$GPNVS,5,225940,010826,5C9,0,0,+36.12,00000,00000,*20
$GPNVS,6,0,A,0,0x00000,0x20,,0x00,00,,0x00000,,*05
$GPNVS,7,225940,010826,A,12,0x00,0,-2,-1,393172,+4.32,-4.11*5D
$GPNVS,9,+10000000.000,+1.87479,+10000000.00,15,+0.000,+0.39,,+36.12,50.0,99.0,*6C
$GPNVS,10,1,0,0,-10,-10,2,100,0.5,3,2,30,1,+0,1.0,20,-14,1,2,8000*62
$GPNVS,1,225941,010826,A,N,0,N,0x00000,0x20,0x00,1,N*1D
$GPNVS,2,225941,010826,0.00,0.00,0.00,0.00,0.00,0.00,0.00,0.00,*6A
$GPNVS,3,225941,010826,+0.38,,,+4.32,-4.09,,,,1,+36.12,*69
$GPNVS,4,225941,010826,0.00,0.00,,,,,,,*6C
$GPNVS,5,225941,010826,5C9,0,0,+36.12,00000,00000,*21
$GPNVS,6,0,A,0,0x00000,0x20,,0x00,00,,0x00000,,*05
$GPNVS,7,225941,010826,A,12,0x00,0,-1,0,393172,+4.32,-4.10*72
$GPNVS,9,+9999999.9989,+1.87479,+9999999.949,15,+0.000,+0.39,,+36.12,50.0,99.0,*69
$GPNVS,10,1,0,0,-5,-5,2,100,0.5,3,2,30,1,+0,1.0,20,-14,1,2,8000*62
$GPNVS,1,225942,010826,A,N,0,N,0x00000,0x20,0x00,1,N*1E
$GPNVS,2,225942,010826,0.00,0.00,0.00,0.00,0.00,0.00,0.00,0.00,*69
$GPNVS,3,225942,010826,+0.38,,,+4.32,-4.09,,,,1,+36.12,*6A
$GPNVS,4,225942,010826,0.00,0.00,,,,,,,*6F
$GPNVS,5,225942,010826,5C9,0,0,+36.12,00000,00000,*22
$GPNVS,6,0,A,0,0x00000,0x20,,0x00,00,,0x00000,,*05
$GPNVS,7,225942,010826,A,12,0x00,0,-2,0,393172,+4.32,-4.10*72
$GPNVS,9,+10000000.000,+1.87479,+10000000.05,15,+0.000,+0.39,,+36.12,50.0,99.0,*69
$GPNVS,10,1,0,0,-10,-5,2,100,0.5,3,2,30,1,+0,1.0,20,-14,1,2,8000*56
$GPNVS,1,225943,010826,A,N,0,N,0x00000,0x20,0x00,1,N*1F
$GPNVS,2,225943,010826,0.00,0.00,0.00,0.00,0.00,0.00,0.00,0.00,*68
$GPNVS,3,225943,010826,+0.38,,,+4.32,-4.09,,,,1,+36.12,*6B
$GPNVS,4,225943,010826,0.00,0.00,,,,,,,*6E
$GPNVS,5,225943,010826,5C9,0,0,+36.12,00000,00000,*23
$GPNVS,6,0,A,0,0x00000,0x20,,0x00,00,,0x00000,,*05
$GPNVS,7,225943,010826,A,12,0x00,0,-1,0,393172,+4.32,-4.10*70
$GPNVS,9,+9999999.9989,+1.87479,+9999999.949,15,+0.000,+0.39,,+36.12,50.0,99.0,*69
$GPNVS,10,1,0,0,-5,-5,2,100,0.5,3,2,30,1,+0,1.0,20,-14,1,2,8000*62
$GPNVS,1,225944,010826,A,N,0,N,0x00000,0x20,0x00,1,N*18
$GPNVS,2,225944,010826,0.00,0.00,0.00,0.00,0.00,0.00,0.00,0.00,*6F
$GPNVS,3,225944,010826,+0.38,,,+4.32,-4.09,,,,1,+36.12,*6C
$GPNVS,4,225944,010826,0.00,0.00,,,,,,,*69
$GPNVS,5,225944,010826,5C9,0,0,+36.12,00000,00000,*24
$GPNVS,6,0,A,0,0x00000,0x20,,0x00,00,,0x00000,,*05
$GPNVS,7,225944,010826,A,12,0x00,0,-2,0,393172,+4.32,-4.10*74
$GPNVS,9,+10000000.000,+1.87479,+10000000.05,15,+0.000,+0.39,,+36.12,50.0,99.0,*69
$GPNVS,10,1,0,0,-10,-5,2,100,0.5,3,2,30,1,+0,1.0,20,-14,1,2,8000*56
$GPNVS,1,225945,010826,A,N,0,N,0x00000,0x20,0x00,1,N*19
$GPNVS,2,225945,010826,0.00,0.00,0.00,0.00,0.00,0.00,0.00,0.00,*6E
$GPNVS,3,225945,010826,+0.38,,,+4.32,-4.11,,,,1,+36.12,*64
$GPNVS,4,225945,010826,0.00,0.00,,,,,,,*68
$GPNVS,5,225945,010826,5C9,0,0,+36.12,00000,00000,*25
$GPNVS,6,0,A,0,0x00000,0x20,,0x00,00,,0x00000,,*05
$GPNVS,7,225945,010826,A,12,0x00,1,-1,1,393173,+4.32,-4.11*76
$GPNVS,9,+9999999.9989,+1.87479,+9999999.949,15,+0.000,+0.39,,+36.12,50.0,99.0,*69
$GPNVS,10,1,0,0,-5,-5,2,100,0.5,3,2,30,1,+0,1.0,20,+2,1,2,8000*53
$GPNVS,1,225946,010826,A,N,0,N,0x00000,0x20,0x00,1,N*1A
$GPNVS,2,225946,010826,0.00,0.00,0.00,0.00,0.00,0.00,0.00,0.00,*6D
$GPNVS,3,225946,010826,+0.38,,,+4.32,-4.09,,,,1,+36.12,*6E
$GPNVS,4,225946,010826,0.00,0.00,,,,,,,*6B
$GPNVS,5,225946,010826,5C9,0,0,+36.12,00000,00000,*26
$GPNVS,6,0,A,0,0x00000,0x20,,0x00,00,,0x00000,,*05
$GPNVS,7,225946,010826,A,12,0x00,1,-1,1,393174,+4.32,-4.10*73
$GPNVS,9,+9999999.9989,+1.87480,+10000000.00,15,+0.000,+0.39,,+36.12,50.0,99.0,*63
$GPNVS,10,1,0,0,-5,-5,2,100,0.5,3,2,30,1,+1,1.0,20,+2,1,2,8000*52
$GPNVS,1,225947,010826,A,N,0,N,0x00000,0x20,0x00,1,N*1B
$GPNVS,2,225947,010826,0.00,0.00,0.00,0.00,0.00,0.00,0.00,0.00,*6C
$GPNVS,3,225947,010826,+0.38,,,+4.32,-4.11,,,,1,+36.12,*66
$GPNVS,4,225947,010826,0.00,0.00,,,,,,,*6A
$GPNVS,5,225947,010826,5C9,0,0,+36.12,00000,00000,*27
$GPNVS,6,0,A,0,0x00000,0x20,,0x00,00,,0x00000,,*05
$GPNVS,7,225947,010826,A,12,0x00,1,-2,0,393174,+4.32,-4.11*71
$GPNVS,9,+10000000.000,+1.87480,+10000000.05,15,+0.000,+0.39,,+36.12,50.0,99.0,*6F
$GPNVS,10,1,0,0,-10,-5,2,100,0.5,3,2,30,1,+1,1.0,20,+2,1,2,8000*66
$GPNVS,1,225948,010826,A,N,0,N,0x00000,0x20,0x00,1,N*14
$GPNVS,2,225948,010826,0.00,0.00,0.00,0.00,0.00,0.00,0.00,0.00,*63
$GPNVS,3,225948,010826,+0.38,,,+4.32,-4.11,,,,1,+36.12,*69
$GPNVS,4,225948,010826,0.00,0.00,,,,,,,*65
$GPNVS,5,225948,010826,5C9,0,0,+36.12,00000,00000,*28
$GPNVS,6,0,A,0,0x00000,0x20,,0x00,00,,0x00000,,*05
$GPNVS,7,225948,010826,A,12,0x00,1,-1,0,393174,+4.32,-4.11*7D
$GPNVS,9,+9999999.9989,+1.87480,+9999999.949,15,+0.000,+0.39,,+36.12,50.0,99.0,*6F
$GPNVS,10,1,0,0,-5,-5,2,100,0.5,3,2,30,1,+1,1.0,20,+2,1,2,8000*52
$GPNVS,1,225949,010826,A,N,0,N,0x00000,0x20,0x00,1,N*15
$GPNVS,2,225949,010826,0.00,0.00,0.00,0.00,0.00,0.00,0.00,0.00,*62
$GPNVS,3,225949,010826,+0.38,,,+4.32,-4.09,,,,1,+36.12,*61
$GPNVS,4,225949,010826,0.00,0.00,,,,,,,*64
$GPNVS,5,225949,010826,5C9,0,0,+36.12,00000,00000,*29
$GPNVS,6,0,A,0,0x00000,0x20,,0x00,00,,0x00000,,*05
$GPNVS,7,225949,010826,A,12,0x00,1,-2,0,393174,+4.32,-4.10*7E
$GPNVS,9,+10000000.000,+1.87480,+10000000.05,15,+0.000,+0.39,,+36.12,50.0,99.0,*6F
$GPNVS,10,1,0,0,-10,-5,2,100,0.5,3,2,30,1,+0,1.0,20,+2,1,2,8000*67
$GPNVS,1,225950,010826,A,N,0,N,0x00000,0x20,0x00,1,N*1D
$GPNVS,2,225950,010826,0.00,0.00,0.00,0.00,0.00,0.00,0.00,0.00,*6A
$GPNVS,3,225950,010826,+0.38,,,+4.32,-4.09,,,,1,+36.12,*69
$GPNVS,4,225950,010826,0.00,0.00,,,,,,,*6C
$GPNVS,5,225950,010826,5C9,0,0,+36.12,00000,00000,*21
$GPNVS,6,0,A,0,0x00000,0x20,,0x00,00,,0x00000,,*05
$GPNVS,7,225950,010826,A,12,0x00,1,-1,0,393174,+4.32,-4.10*75
$GPNVS,9,+9999999.9989,+1.87480,+9999999.949,15,+0.000,+0.39,,+36.12,50.0,99.0,*6F
$GPNVS,10,1,0,0,-5,-5,2,100,0.5,3,2,30,1,+0,1.0,20,+2,1,2,8000*53
$GPNVS,1,225951,010826,A,N,0,N,0x00000,0x20,0x00,1,N*1C
$GPNVS,2,225951,010826,0.00,0.00,0.00,0.00,0.00,0.00,0.00,0.00,*6B
$GPNVS,3,225951,010826,+0.38,,,+4.32,-4.09,,,,1,+36.12,*68
$GPNVS,4,225951,010826,0.00,0.00,,,,,,,*6D
$GPNVS,5,225951,010826,5C9,0,0,+36.12,00000,00000,*20
$GPNVS,6,0,A,0,0x00000,0x20,,0x00,00,,0x00000,,*05
$GPNVS,7,225951,010826,A,12,0x00,1,-1,0,393174,+4.32,-4.10*74
$GPNVS,9,+9999999.9989,+1.87480,+10000000.00,15,+0.000,+0.39,,+36.12,50.0,99.0,*63
$GPNVS,10,1,0,0,-5,-5,2,100,0.5,3,2,30,1,+0,1.0,20,+2,1,2,8000*53
$GPNVS,1,225952,010826,A,N,0,N,0x00000,0x20,0x00,1,N*1F
$GPNVS,2,225952,010826,0.00,0.00,0.00,0.00,0.00,0.00,0.00,0.00,*68
$GPNVS,3,225952,010826,+0.38,,,+4.32,-4.09,,,,1,+36.12,*6B
$GPNVS,4,225952,010826,0.00,0.00,,,,,,,*6E
$GPNVS,5,225952,010826,5C9,0,0,+36.12,00000,00000,*23
$GPNVS,6,0,A,0,0x00000,0x20,,0x00,00,,0x00000,,*05
$GPNVS,7,225952,010826,A,12,0x00,1,-1,0,393174,+4.32,-4.10*77
$GPNVS,9,+9999999.9989,+1.87480,+10000000.00,15,+0.000,+0.39,,+36.12,50.0,99.0,*63
$GPNVS,10,1,0,0,-5,-5,2,100,0.5,3,2,30,1,+0,1.0,20,+2,1,2,8000*53
$GPNVS,99,,,*5C
$GPNVS,1,225953,010826,A,N,0,N,0x00000,0x20,0x00,1,N*1E
$GPNVS,2,225953,010826,0.00,0.00,0.00,0.00,0.00,0.00,0.00,0.00,*69
$GPNVS,3,225953,010826,+0.38,,,+4.32,-4.11,,,,1,+36.12,*63
$GPNVS,4,225953,010826,0.00,0.00,,,,,,,*6F
$GPNVS,5,225953,010826,5C9,0,0,+36.12,00000,00000,*22
$GPNVS,6,0,A,0,0x00000,0x20,,0x00,00,,0x00000,,*05
$GPNVS,7,225953,010826,A,12,0x00,1,-1,0,393174,+4.32,-4.11*77
$GPNVS,9,+9999999.9989,+1.87480,+10000000.00,15,+0.000,+0.39,,+36.12,50.0,99.0,*63
$GPNVS,10,1,0,0,-5,-5,2,100,0.5,3,2,30,1,+1,1.0,20,+2,1,2,8000*52
$GPNVS,1,225954,010826,A,N,0,N,0x00000,0x20,0x00,1,N*19
$GPNVS,2,225954,010826,0.00,0.00,0.00,0.00,0.00,0.00,0.00,0.00,*6E
$GPNVS,3,225954,010826,+0.38,,,+4.32,-4.11,,,,1,+35.80,*6C
$GPNVS,4,225954,010826,0.00,0.00,,,,,,,*68
$GPNVS,5,225954,010826,5C9,0,0,+35.80,00000,00000,*2D
$GPNVS,6,0,A,0,0x00000,0x20,,0x00,00,,0x00000,,*05
$GPNVS,7,225954,010826,A,12,0x00,1,-1,0,393174,+4.32,-4.11*70
$GPNVS,9,+9999999.9989,+1.87480,+10000000.00,15,+0.000,+0.39,,+35.80,50.0,99.0,*6B
$GPNVS,10,1,0,0,-5,-5,2,100,0.5,3,2,30,1,+1,1.0,20,+2,1,2,8000*52
$GPNVS,1,225955,010826,A,N,0,N,0x00000,0x20,0x00,1,N*18
$GPNVS,2,225955,010826,0.00,0.00,0.00,0.00,0.00,0.00,0.00,0.00,*6F
$GPNVS,3,225955,010826,+0.38,,,+4.32,-4.11,,,,1,+36.12,*65
$GPNVS,4,225955,010826,0.00,0.00,,,,,,,*69
$GPNVS,5,225955,010826,5C9,0,0,+36.12,00000,00000,*24
$GPNVS,6,0,A,0,0x00000,0x20,,0x00,00,,0x00000,,*05
$GPNVS,7,225955,010826,A,12,0x00,1,-2,1,393175,+4.32,-4.11*72
$GPNVS,9,+10000000.000,+1.87480,+10000000.05,15,+0.000,+0.39,,+36.12,50.0,99.0,*6F
$GPNVS,10,1,0,0,-10,-5,2,100,0.5,3,2,30,1,+1,1.0,20,+2,1,2,8000*66
$GPNVS,1,225956,010826,A,N,0,N,0x00000,0x20,0x00,1,N*1B
$GPNVS,2,225956,010826,0.00,0.00,0.00,0.00,0.00,0.00,0.00,0.00,*6C
$GPNVS,3,225956,010826,+0.38,,,+4.32,-4.11,,,,1,+35.80,*6E
$GPNVS,4,225956,010826,0.00,0.00,,,,,,,*6A
$GPNVS,5,225956,010826,5C9,0,0,+35.80,00000,00000,*2F
$GPNVS,6,0,A,0,0x00000,0x20,,0x00,00,,0x00000,,*05
$GPNVS,7,225956,010826,A,12,0x00,1,-1,0,393175,+4.32,-4.11*73
$GPNVS,9,+9999999.9989,+1.87480,+9999999.949,15,+0.000,+0.39,,+35.80,50.0,99.0,*67
$GPNVS,10,1,0,0,-5,-5,2,100,0.5,3,2,30,1,+1,1.0,20,-18,1,2,8000*6F
$GPNVS,1,225957,010826,A,N,0,N,0x00000,0x20,0x00,1,N*1A
$GPNVS,2,225957,010826,0.00,0.00,0.00,0.00,0.00,0.00,0.00,0.00,*6D
$GPNVS,3,225957,010826,+0.38,,,+4.32,-4.11,,,,1,+36.12,*67
$GPNVS,4,225957,010826,0.00,0.00,,,,,,,*6B
$GPNVS,5,225957,010826,5C9,0,0,+36.12,00000,00000,*26
$GPNVS,6,0,A,0,0x00000,0x20,,0x00,00,,0x00000,,*05
$GPNVS,7,225957,010826,A,12,0x00,1,-1,0,393175,+4.32,-4.11*72
$GPNVS,9,+9999999.9989,+1.87480,+10000000.00,15,+0.000,+0.39,,+36.12,50.0,99.0,*63
$GPNVS,10,1,0,0,-5,-5,2,100,0.5,3,2,30,1,+1,1.0,20,-18,1,2,8000*6F
$GPNVS,1,225958,010826,A,N,0,N,0x00000,0x20,0x00,1,N*15
$GPNVS,2,225958,010826,0.00,0.00,0.00,0.00,0.00,0.00,0.00,0.00,*62
$GPNVS,3,225958,010826,+0.38,,,+4.32,-4.09,,,,1,+36.12,*61
$GPNVS,4,225958,010826,0.00,0.00,,,,,,,*64
$GPNVS,5,225958,010826,5C9,0,0,+36.12,00000,00000,*29
$GPNVS,6,0,A,0,0x00000,0x20,,0x00,00,,0x00000,,*05
$GPNVS,7,225958,010826,A,12,0x00,1,-1,1,393176,+4.32,-4.10*7E
$GPNVS,9,+9999999.9979,+1.87481,+10000000.00,15,+0.000,+0.39,,+36.12,50.0,99.0,*6D
$GPNVS,10,1,0,0,-5,-5,2,100,0.5,3,2,30,1,+1,1.0,20,-18,1,2,8000*6F
$GPNVS,1,225959,010826,A,N,0,N,0x00000,0x20,0x00,1,N*14
$GPNVS,2,225959,010826,0.00,0.00,0.00,0.00,0.00,0.00,0.00,0.00,*63
$GPNVS,3,225959,010826,+0.38,,,+4.32,-4.11,,,,1,+36.12,*69
$GPNVS,4,225959,010826,0.00,0.00,,,,,,,*65
$GPNVS,5,225959,010826,5C9,0,0,+36.12,00000,00000,*28
$GPNVS,6,0,A,0,0x00000,0x20,,0x00,00,,0x00000,,*05
$GPNVS,7,225959,010826,A,12,0x00,1,-1,0,393176,+4.32,-4.11*7F
$GPNVS,9,+9999999.9979,+1.87481,+10000000.00,15,+0.000,+0.39,,+36.12,50.0,99.0,*6D
$GPNVS,10,1,0,0,-5,-5,2,100,0.5,3,2,30,1,+0,1.0,20,-18,1,2,8000*6E
$GPNVS,1,230000,010826,A,N,0,N,0x00000,0x20,0x00,1,N*15
$GPNVS,2,230000,010826,0.00,0.00,0.00,0.00,0.00,0.00,0.00,0.00,*62
$GPNVS,3,230000,010826,+0.38,,,+4.32,-4.11,,,,1,+35.80,*60
$GPNVS,4,230000,010826,0.00,0.00,,,,,,,*64
$GPNVS,5,230000,010826,5C9,0,0,+35.80,00000,00000,*21
$GPNVS,6,0,A,0,0x00000,0x20,,0x00,00,,0x00000,,*05
$GPNVS,7,230000,010826,A,12,0x00,0,-1,0,393176,+4.32,-4.11*7F
$GPNVS,9,+9999999.9989,+1.87481,+10000000.00,15,+0.000,+0.39,,+35.80,50.0,99.0,*6A
$GPNVS,10,1,0,0,-5,-5,2,100,0.5,3,2,30,1,+0,1.0,20,-18,1,2,8000*6E
$GPNVS,1,230001,010826,A,N,0,N,0x00000,0x20,0x00,1,N*14
$GPNVS,2,230001,010826,0.00,0.00,0.00,0.00,0.00,0.00,0.00,0.00,*63
$GPNVS,3,230001,010826,+0.38,,,+4.32,-4.09,,,,1,+36.12,*60
$GPNVS,4,230001,010826,0.00,0.00,,,,,,,*65
$GPNVS,5,230001,010826,5C9,0,0,+36.12,00000,00000,*28
$GPNVS,6,0,A,0,0x00000,0x20,,0x00,00,,0x00000,,*05
$GPNVS,7,230001,010826,A,12,0x00,0,-1,0,393176,+4.32,-4.10*7F
$GPNVS,9,+9999999.9989,+1.87481,+10000000.00,15,+0.000,+0.39,,+36.12,50.0,99.0,*62
$GPNVS,10,1,0,0,-5,-5,2,100,0.5,3,2,30,1,+0,1.0,20,-18,1,2,8000*6E
$GPNVS,1,230002,010826,A,N,0,N,0x00000,0x20,0x00,1,N*17
$GPNVS,2,230002,010826,0.00,0.00,0.00,0.00,0.00,0.00,0.00,0.00,*60
$GPNVS,3,230002,010826,+0.38,,,+4.32,-4.09,,,,1,+36.12,*63
$GPNVS,4,230002,010826,0.00,0.00,,,,,,,*66
$GPNVS,5,230002,010826,5C9,0,0,+36.12,00000,00000,*2B
$GPNVS,6,0,A,0,0x00000,0x20,,0x00,00,,0x00000,,*05
$GPNVS,7,230002,010826,A,12,0x00,0,-1,0,393176,+4.32,-4.10*7C
$GPNVS,9,+9999999.9989,+1.87481,+10000000.00,15,+0.000,+0.39,,+36.12,50.0,99.0,*62
$GPNVS,10,1,0,0,-5,-5,2,100,0.5,3,2,30,1,+0,1.0,20,-18,1,2,8000*6E
$GPNVS,1,230003,010826,A,N,0,N,0x00000,0x20,0x00,1,N*16
$GPNVS,2,230003,010826,0.00,0.00,0.00,0.00,0.00,0.00,0.00,0.00,*61
$GPNVS,3,230003,010826,+0.38,,,+4.32,-4.11,,,,1,+36.12,*6B
$GPNVS,4,230003,010826,0.00,0.00,,,,,,,*67
$GPNVS,5,230003,010826,5C9,0,0,+36.12,00000,00000,*2A
$GPNVS,6,0,A,0,0x00000,0x20,,0x00,00,,0x00000,,*05
$GPNVS,7,230003,010826,A,12,0x00,0,-1,0,393176,+4.32,-4.11*7C
$GPNVS,9,+9999999.9989,+1.87481,+10000000.00,15,+0.000,+0.39,,+36.12,50.0,99.0,*62
$GPNVS,10,1,0,0,-5,-5,2,100,0.5,3,2,30,1,+0,1.0,20,-18,1,2,8000*6E
$GPNVS,1,230004,010826,A,N,0,N,0x00000,0x20,0x00,1,N*11
$GPNVS,2,230004,010826,0.00,0.00,0.00,0.00,0.00,0.00,0.00,0.00,*66
$GPNVS,3,230004,010826,+0.38,,,+4.32,-4.09,,,,1,+36.12,*65
$GPNVS,4,230004,010826,0.00,0.00,,,,,,,*60
$GPNVS,5,230004,010826,5C9,0,0,+36.12,00000,00000,*2D
$GPNVS,6,0,A,0,0x00000,0x20,,0x00,00,,0x00000,,*05
$GPNVS,7,230004,010826,A,12,0x00,0,-1,0,393176,+4.32,-4.10*7A
$GPNVS,9,+9999999.9989,+1.87481,+10000000.00,15,+0.000,+0.39,,+36.12,50.0,99.0,*62
$GPNVS,10,1,0,0,-5,-5,2,100,0.5,3,2,30,1,+0,1.0,20,-18,1,2,8000*6E
$GPNVS,1,230005,010826,A,N,0,N,0x00000,0x20,0x00,1,N*10
$GPNVS,2,230005,010826,0.00,0.00,0.00,0.00,0.00,0.00,0.00,0.00,*67
$GPNVS,3,230005,010826,+0.38,,,+4.32,-4.09,,,,1,+36.12,*64
$GPNVS,4,230005,010826,0.00,0.00,,,,,,,*61
$GPNVS,5,230005,010826,5C9,0,0,+36.12,00000,00000,*2C
$GPNVS,6,0,A,0,0x00000,0x20,,0x00,00,,0x00000,,*05
$GPNVS,7,230005,010826,A,12,0x00,0,-1,0,393176,+4.32,-4.10*7B
$GPNVS,9,+9999999.9989,+1.87481,+10000000.00,15,+0.000,+0.39,,+36.12,50.0,99.0,*62
$GPNVS,10,1,0,0,-5,-5,2,100,0.5,3,2,30,1,+0,1.0,20,-18,1,2,8000*6E
$GPNVS,1,230006,010826,A,N,0,N,0x00000,0x20,0x00,1,N*13
$GPNVS,2,230006,010826,0.00,0.00,0.00,0.00,0.00,0.00,0.00,0.00,*64
$GPNVS,3,230006,010826,+0.38,,,+4.32,-4.09,,,,1,+36.12,*67
$GPNVS,4,230006,010826,0.00,0.00,,,,,,,*62
$GPNVS,5,230006,010826,5C9,0,0,+36.12,00000,00000,*2F
$GPNVS,6,0,A,0,0x00000,0x20,,0x00,00,,0x00000,,*05
$GPNVS,7,230006,010826,A,12,0x00,0,-1,0,393176,+4.32,-4.10*78
$GPNVS,9,+9999999.9989,+1.87481,+10000000.00,15,+0.000,+0.39,,+36.12,50.0,99.0,*62
$GPNVS,10,1,0,0,-5,-5,2,100,0.5,3,2,30,1,+0,1.0,20,-18,1,2,8000*6E
$GPNVS,1,230007,010826,A,N,0,N,0x00000,0x20,0x00,1,N*12
$GPNVS,2,230007,010826,0.00,0.00,0.00,0.00,0.00,0.00,0.00,0.00,*65
$GPNVS,3,230007,010826,+0.38,,,+4.32,-4.11,,,,1,+35.80,*67
$GPNVS,4,230007,010826,0.00,0.00,,,,,,,*63
$GPNVS,5,230007,010826,5C9,0,0,+35.80,00000,00000,*26
$GPNVS,6,0,A,0,0x00000,0x20,,0x00,00,,0x00000,,*05
$GPNVS,7,230007,010826,A,12,0x00,0,-1,0,393176,+4.32,-4.11*78
$GPNVS,9,+9999999.9989,+1.87481,+10000000.00,15,+0.000,+0.39,,+35.80,50.0,99.0,*6A
$GPNVS,10,1,0,0,-5,-5,2,100,0.5,3,2,30,1,+0,1.0,20,+18,1,2,8000*68
$GPNVS,99,,,*5C
$GPNVS,1,230008,010826,A,N,0,N,0x00000,0x20,0x00,1,N*1D
$GPNVS,2,230008,010826,0.00,0.00,0.00,0.00,0.00,0.00,0.00,0.00,*6A
$GPNVS,3,230008,010826,+0.38,,,+4.32,-4.09,,,,1,+36.12,*69
$GPNVS,4,230008,010826,0.00,0.00,,,,,,,*6C
$GPNVS,5,230008,010826,5C9,0,0,+36.12,00000,00000,*21
$GPNVS,6,0,A,0,0x00000,0x20,,0x00,00,,0x00000,,*05
$GPNVS,7,230008,010826,A,12,0x00,0,-1,0,393176,+4.32,-4.10*76
$GPNVS,9,+9999999.9989,+1.87481,+10000000.00,15,+0.000,+0.39,,+36.12,50.0,99.0,*62
$GPNVS,10,1,0,0,-5,-5,2,100,0.5,3,2,30,1,+0,1.0,20,+18,1,2,8000*68
$GPNVS,1,230009,010826,A,N,0,N,0x00000,0x20,0x00,1,N*1C
$GPNVS,2,230009,010826,0.00,0.00,0.00,0.00,0.00,0.00,0.00,0.00,*6B
$GPNVS,3,230009,010826,+0.38,,,+4.32,-4.11,,,,1,+36.12,*61
$GPNVS,4,230009,010826,0.00,0.00,,,,,,,*6D
$GPNVS,5,230009,010826,5C9,0,0,+36.12,00000,00000,*20
$GPNVS,6,0,A,0,0x00000,0x20,,0x00,00,,0x00000,,*05
$GPNVS,7,230009,010826,A,12,0x00,0,-1,0,393176,+4.32,-4.11*76
$GPNVS,9,+9999999.9989,+1.87481,+10000000.00,15,+0.000,+0.39,,+36.12,50.0,99.0,*62
$GPNVS,10,1,0,0,-5,-5,2,100,0.5,3,2,30,1,+0,1.0,20,+18,1,2,8000*68
$GPNVS,1,230010,010826,A,N,0,N,0x00000,0x20,0x00,1,N*14
$GPNVS,2,230010,010826,0.00,0.00,0.00,0.00,0.00,0.00,0.00,0.00,*63
$GPNVS,3,230010,010826,+0.38,,,+4.32,-4.11,,,,1,+36.12,*69
$GPNVS,4,230010,010826,0.00,0.00,,,,,,,*65
$GPNVS,5,230010,010826,5C9,0,0,+36.12,00000,00000,*28
$GPNVS,6,0,A,0,0x00000,0x20,,0x00,00,,0x00000,,*05
$GPNVS,7,230010,010826,A,12,0x00,0,-1,0,393176,+4.32,-4.11*7E
$GPNVS,9,+9999999.9989,+1.87481,+10000000.00,15,+0.000,+0.39,,+36.12,50.0,99.0,*62
$GPNVS,10,1,0,0,-5,-5,2,100,0.5,3,2,30,1,+0,1.0,20,+18,1,2,8000*68
$GPNVS,1,230011,010826,A,N,0,N,0x00000,0x20,0x00,1,N*15
$GPNVS,2,230011,010826,0.00,0.00,0.00,0.00,0.00,0.00,0.00,0.00,*62
$GPNVS,3,230011,010826,+0.38,,,+4.32,-4.09,,,,1,+36.12,*61
$GPNVS,4,230011,010826,0.00,0.00,,,,,,,*64
$GPNVS,5,230011,010826,5C9,0,0,+36.12,00000,00000,*29
$GPNVS,6,0,A,0,0x00000,0x20,,0x00,00,,0x00000,,*05
$GPNVS,7,230011,010826,A,12,0x00,0,-1,0,393176,+4.32,-4.10*7E
$GPNVS,9,+9999999.9989,+1.87481,+10000000.00,15,+0.000,+0.39,,+36.12,50.0,99.0,*62
$GPNVS,10,1,0,0,-5,-5,2,100,0.5,3,2,30,1,+0,1.0,20,+18,1,2,8000*68
$GPNVS,1,230012,010826,A,N,0,N,0x00000,0x20,0x00,1,N*16
$GPNVS,2,230012,010826,0.00,0.00,0.00,0.00,0.00,0.00,0.00,0.00,*61
$GPNVS,3,230012,010826,+0.38,,,+4.32,-4.09,,,,1,+36.12,*62
$GPNVS,4,230012,010826,0.00,0.00,,,,,,,*67
$GPNVS,5,230012,010826,5C9,0,0,+36.12,00000,00000,*2A
$GPNVS,6,0,A,0,0x00000,0x20,,0x00,00,,0x00000,,*05
$GPNVS,7,230012,010826,A,12,0x00,0,-1,0,393176,+4.32,-4.10*7D
$GPNVS,9,+9999999.9989,+1.87481,+10000000.00,15,+0.000,+0.39,,+36.12,50.0,99.0,*62
$GPNVS,10,1,0,0,-5,-5,2,100,0.5,3,2,30,1,+0,1.0,20,+18,1,2,8000*68
$GPNVS,1,230013,010826,A,N,0,N,0x00000,0x20,0x00,1,N*17
$GPNVS,2,230013,010826,0.00,0.00,0.00,0.00,0.00,0.00,0.00,0.00,*60
$GPNVS,3,230013,010826,+0.38,,,+4.32,-4.11,,,,1,+36.12,*6A
$GPNVS,4,230013,010826,0.00,0.00,,,,,,,*66
$GPNVS,5,230013,010826,5C9,0,0,+36.12,00000,00000,*2B
$GPNVS,6,0,A,0,0x00000,0x20,,0x00,00,,0x00000,,*05
$GPNVS,7,230013,010826,A,12,0x00,0,-1,0,393176,+4.32,-4.11*7D
$GPNVS,9,+9999999.9989,+1.87481,+10000000.00,15,+0.000,+0.39,,+36.12,50.0,99.0,*62
$GPNVS,10,1,0,0,-5,-5,2,100,0.5,3,2,30,1,+0,1.0,20,+18,1,2,8000*68
$GPNVS,1,230014,010826,A,N,0,N,0x00000,0x20,0x00,1,N*10
$GPNVS,2,230014,010826,0.00,0.00,0.00,0.00,0.00,0.00,0.00,0.00,*67
$GPNVS,3,230014,010826,+0.38,,,+4.32,-4.11,,,,1,+35.80,*65
$GPNVS,4,230014,010826,0.00,0.00,,,,,,,*61
$GPNVS,5,230014,010826,5C9,0,0,+35.80,00000,00000,*24
$GPNVS,6,0,A,0,0x00000,0x20,,0x00,00,,0x00000,,*05
$GPNVS,7,230014,010826,A,12,0x00,0,-1,0,393176,+4.32,-4.11*7A
$GPNVS,9,+9999999.9989,+1.87481,+10000000.00,15,+0.000,+0.39,,+35.80,50.0,99.0,*6A
$GPNVS,10,1,0,0,-5,-5,2,100,0.5,3,2,30,1,+0,1.0,20,+18,1,2,8000*68
$GPNVS,1,230015,010826,A,N,0,N,0x00000,0x20,0x00,1,N*11
$GPNVS,2,230015,010826,0.00,0.00,0.00,0.00,0.00,0.00,0.00,0.00,*66
$GPNVS,3,230015,010826,+0.38,,,+4.32,-4.09,,,,1,+36.12,*65
$GPNVS,4,230015,010826,0.00,0.00,,,,,,,*60
$GPNVS,5,230015,010826,5C9,0,0,+36.12,00000,00000,*2D
$GPNVS,6,0,A,0,0x00000,0x20,,0x00,00,,0x00000,,*05
$GPNVS,7,230015,010826,A,12,0x00,0,-1,0,393176,+4.32,-4.10*7A
$GPNVS,9,+9999999.9989,+1.87481,+10000000.00,15,+0.000,+0.39,,+36.12,50.0,99.0,*62
$GPNVS,10,1,0,0,-5,-5,2,100,0.5,3,2,30,1,+0,1.0,20,+18,1,2,8000*68
$GPNVS,1,230016,010826,A,N,0,N,0x00000,0x20,0x00,1,N*12
$GPNVS,2,230016,010826,0.00,0.00,0.00,0.00,0.00,0.00,0.00,0.00,*65
$GPNVS,3,230016,010826,+0.38,,,+4.32,-4.09,,,,1,+36.12,*66
$GPNVS,4,230016,010826,0.00,0.00,,,,,,,*63
$GPNVS,5,230016,010826,5C9,0,0,+36.12,00000,00000,*2E
$GPNVS,6,0,A,0,0x00000,0x20,,0x00,00,,0x00000,,*05
$GPNVS,7,230016,010826,A,12,0x00,0,-1,0,393176,+4.32,-4.10*79
$GPNVS,9,+9999999.9989,+1.87481,+10000000.00,15,+0.000,+0.39,,+36.12,50.0,99.0,*62
$GPNVS,10,1,0,0,-5,-5,2,100,0.5,3,2,30,1,+0,1.0,20,+18,1,2,8000*68
$GPNVS,1,230017,010826,A,N,0,N,0x00000,0x20,0x00,1,N*13
$GPNVS,2,230017,010826,0.00,0.00,0.00,0.00,0.00,0.00,0.00,0.00,*64
$GPNVS,3,230017,010826,+0.38,,,+4.32,-4.09,,,,1,+36.12,*67
$GPNVS,4,230017,010826,0.00,0.00,,,,,,,*62
$GPNVS,5,230017,010826,5C9,0,0,+36.12,00000,00000,*2F
$GPNVS,6,0,A,0,0x00000,0x20,,0x00,00,,0x00000,,*05
$GPNVS,7,230017,010826,A,12,0x00,0,0,0,393176,+4.32,-4.10*54
$GPNVS,9,+9999999.9979,+1.87481,+9999999.949,15,+0.000,+0.39,,+36.12,50.0,99.0,*61
$GPNVS,10,1,0,0,+0,+0,2,100,0.5,3,2,30,1,+0,1.0,20,+18,1,2,8000*68
$GPNVS,1,230018,010826,A,N,0,N,0x00000,0x20,0x00,1,N*1C
$GPNVS,2,230018,010826,0.00,0.00,0.00,0.00,0.00,0.00,0.00,0.00,*6B
$GPNVS,3,230018,010826,+0.38,,,+4.32,-4.11,,,,1,+36.12,*61
$GPNVS,4,230018,010826,0.00,0.00,,,,,,,*6D
$GPNVS,5,230018,010826,5C9,0,0,+36.12,00000,00000,*20
$GPNVS,6,0,A,0,0x00000,0x20,,0x00,00,,0x00000,,*05
$GPNVS,7,230018,010826,A,12,0x00,0,-1,0,393176,+4.32,-4.11*76
$GPNVS,9,+9999999.9989,+1.87481,+10000000.05,15,+0.000,+0.39,,+36.12,50.0,99.0,*67
$GPNVS,10,1,0,0,-5,+0,2,100,0.5,3,2,30,1,+0,1.0,20,-2,1,2,8000*56
$GPNVS,1,230019,010826,A,N,0,N,0x00000,0x20,0x00,1,N*1D
$GPNVS,2,230019,010826,0.00,0.00,0.00,0.00,0.00,0.00,0.00,0.00,*6A
$GPNVS,3,230019,010826,+0.38,,,+4.32,-4.11,,,,1,+36.12,*60
$GPNVS,4,230019,010826,0.00,0.00,,,,,,,*6C
$GPNVS,5,230019,010826,5C9,0,0,+36.12,00000,00000,*21
$GPNVS,6,0,A,0,0x00000,0x20,,0x00,00,,0x00000,,*05
$GPNVS,7,230019,010826,A,12,0x00,0,-1,0,393176,+4.32,-4.11*77
$GPNVS,9,+9999999.9989,+1.87481,+10000000.00,15,+0.000,+0.39,,+36.12,50.0,99.0,*62
$GPNVS,10,1,0,0,-5,-5,2,100,0.5,3,2,30,1,+0,1.0,20,-2,1,2,8000*55
$GPNVS,1,230020,010826,A,N,0,N,0x00000,0x20,0x00,1,N*17
$GPNVS,2,230020,010826,0.00,0.00,0.00,0.00,0.00,0.00,0.00,0.00,*60
$GPNVS,3,230020,010826,+0.38,,,+4.32,-4.11,,,,1,+36.12,*6A
$GPNVS,4,230020,010826,0.00,0.00,,,,,,,*66
$GPNVS,5,230020,010826,5C9,0,0,+36.12,00000,00000,*2B
$GPNVS,6,0,A,0,0x00000,0x20,,0x00,00,,0x00000,,*05
$GPNVS,7,230020,010826,A,12,0x00,0,-1,0,393176,+4.32,-4.11*7D
$GPNVS,9,+9999999.9989,+1.87481,+10000000.00,15,+0.000,+0.39,,+36.12,50.0,99.0,*62
$GPNVS,10,1,0,0,-5,-5,2,100,0.5,3,2,30,1,+0,1.0,20,-2,1,2,8000*55
$GPNVS,1,230021,010826,A,N,0,N,0x00000,0x20,0x00,1,N*16
$GPNVS,2,230021,010826,0.00,0.00,0.00,0.00,0.00,0.00,0.00,0.00,*61
$GPNVS,3,230021,010826,+0.38,,,+4.32,-4.11,,,,1,+36.12,*6B
$GPNVS,4,230021,010826,0.00,0.00,,,,,,,*67
$GPNVS,5,230021,010826,5C9,0,0,+36.12,00000,00000,*2A
$GPNVS,6,0,A,0,0x00000,0x20,,0x00,00,,0x00000,,*05
$GPNVS,7,230021,010826,A,12,0x00,0,0,0,393176,+4.32,-4.11*50
$GPNVS,9,+9999999.9989,+1.87481,+9999999.949,15,+0.000,+0.39,,+36.12,50.0,99.0,*6E
$GPNVS,10,1,0,0,+0,+0,2,100,0.5,3,2,30,1,+0,1.0,20,-2,1,2,8000*55
$GPNVS,1,230022,010826,A,N,0,N,0x00000,0x20,0x00,1,N*15
$GPNVS,2,230022,010826,0.00,0.00,0.00,0.00,0.00,0.00,0.00,0.00,*62
$GPNVS,3,230022,010826,+0.38,,,+4.32,-4.11,,,,1,+36.12,*68
$GPNVS,4,230022,010826,0.00,0.00,,,,,,,*64
$GPNVS,5,230022,010826,5C9,0,0,+36.12,00000,00000,*29
$GPNVS,6,0,A,0,0x00000,0x20,,0x00,00,,0x00000,,*05
$GPNVS,7,230022,010826,A,12,0x00,0,-1,0,393176,+4.32,-4.11*7F
$GPNVS,9,+9999999.9989,+1.87481,+10000000.05,15,+0.000,+0.39,,+36.12,50.0,99.0,*67
$GPNVS,10,1,0,0,-5,+0,2,100,0.5,3,2,30,1,+0,1.0,20,-2,1,2,8000*56
$GPNVS,99,,,*5C
$GPNVS,1,230023,010826,A,N,0,N,0x00000,0x20,0x00,1,N*14
$GPNVS,2,230023,010826,0.00,0.00,0.00,0.00,0.00,0.00,0.00,0.00,*63
$GPNVS,3,230023,010826,+0.38,,,+4.32,-4.09,,,,1,+36.12,*60
$GPNVS,4,230023,010826,0.00,0.00,,,,,,,*65
$GPNVS,5,230023,010826,5C9,0,0,+36.12,00000,00000,*28
$GPNVS,6,0,A,0,0x00000,0x20,,0x00,00,,0x00000,,*05
$GPNVS,7,230023,010826,A,12,0x00,0,-1,0,393176,+4.32,-4.10*7F
$GPNVS,9,+10000000.000,+1.87481,+10000000.00,15,+0.000,+0.39,,+36.12,50.0,99.0,*6B
$GPNVS,10,1,0,0,-5,-5,2,100,0.5,3,2,30,1,+0,1.0,20,-2,1,2,8000*55
$GPNVS,1,230024,010826,A,N,0,N,0x00000,0x20,0x00,1,N*13
$GPNVS,2,230024,010826,0.00,0.00,0.00,0.00,0.00,0.00,0.00,0.00,*64
$GPNVS,3,230024,010826,+0.38,,,+4.32,-4.09,,,,1,+36.12,*67
$GPNVS,4,230024,010826,0.00,0.00,,,,,,,*62
$GPNVS,5,230024,010826,5C9,0,0,+36.12,00000,00000,*2F
$GPNVS,6,0,A,0,0x00000,0x20,,0x00,00,,0x00000,,*05
$GPNVS,7,230024,010826,A,12,0x00,0,0,0,393176,+4.32,-4.10*54
$GPNVS,9,+9999999.9989,+1.87481,+9999999.949,15,+0.000,+0.39,,+36.12,50.0,99.0,*6E
$GPNVS,10,1,0,0,+0,+0,2,100,0.5,3,2,30,1,+0,1.0,20,-2,1,2,8000*55
$GPNVS,1,230025,010826,A,N,0,N,0x00000,0x20,0x00,1,N*12
$GPNVS,2,230025,010826,0.00,0.00,0.00,0.00,0.00,0.00,0.00,0.00,*65
$GPNVS,3,230025,010826,+0.38,,,+4.32,-4.09,,,,1,+36.12,*66
$GPNVS,4,230025,010826,0.00,0.00,,,,,,,*63
$GPNVS,5,230025,010826,5C9,0,0,+36.12,00000,00000,*2E
$GPNVS,6,0,A,0,0x00000,0x20,,0x00,00,,0x00000,,*05
$GPNVS,7,230025,010826,A,12,0x00,0,-1,0,393176,+4.32,-4.10*79
$GPNVS,9,+9999999.9989,+1.87481,+10000000.05,15,+0.000,+0.39,,+36.12,50.0,99.0,*67
$GPNVS,10,1,0,0,-5,+0,2,100,0.5,3,2,30,1,+0,1.0,20,-2,1,2,8000*56
$GPNVS,1,230026,010826,A,N,0,N,0x00000,0x20,0x00,1,N*11
$GPNVS,2,230026,010826,0.00,0.00,0.00,0.00,0.00,0.00,0.00,0.00,*66
$GPNVS,3,230026,010826,+0.38,,,+4.32,-4.09,,,,1,+36.12,*65
$GPNVS,4,230026,010826,0.00,0.00,,,,,,,*60
$GPNVS,5,230026,010826,5C9,0,0,+36.12,00000,00000,*2D
$GPNVS,6,0,A,0,0x00000,0x20,,0x00,00,,0x00000,,*05
$GPNVS,7,230026,010826,A,12,0x00,0,-1,0,393176,+4.32,-4.10*7A
$GPNVS,9,+10000000.000,+1.87481,+10000000.00,15,+0.000,+0.39,,+36.12,50.0,99.0,*6B
$GPNVS,10,1,0,0,-5,-5,2,100,0.5,3,2,30,1,+0,1.0,20,-2,1,2,8000*55
$GPNVS,1,230027,010826,A,N,0,N,0x00000,0x20,0x00,1,N*10
$GPNVS,2,230027,010826,0.00,0.00,0.00,0.00,0.00,0.00,0.00,0.00,*67
$GPNVS,3,230027,010826,+0.38,,,+4.32,-4.09,,,,1,+36.12,*64
$GPNVS,4,230027,010826,0.00,0.00,,,,,,,*61
$GPNVS,5,230027,010826,5C9,0,0,+36.12,00000,00000,*2C
$GPNVS,6,0,A,0,0x00000,0x20,,0x00,00,,0x00000,,*05
$GPNVS,7,230027,010826,A,12,0x00,0,-1,0,393176,+4.32,-4.10*7B
$GPNVS,9,+9999999.9989,+1.87481,+10000000.00,15,+0.000,+0.39,,+36.12,50.0,99.0,*62
$GPNVS,10,1,0,0,-5,-5,2,100,0.5,3,2,30,1,+0,1.0,20,-2,1,2,8000*55
$GPNVS,1,230028,010826,A,N,0,N,0x00000,0x20,0x00,1,N*1F
$GPNVS,2,230028,010826,0.00,0.00,0.00,0.00,0.00,0.00,0.00,0.00,*68
$GPNVS,3,230028,010826,+0.38,,,+4.32,-4.11,,,,1,+36.12,*62
$GPNVS,4,230028,010826,0.00,0.00,,,,,,,*6E
$GPNVS,5,230028,010826,5C9,0,0,+36.12,00000,00000,*23
$GPNVS,6,0,A,0,0x00000,0x20,,0x00,00,,0x00000,,*05
$GPNVS,7,230028,010826,A,12,0x00,0,0,0,393176,+4.32,-4.11*59
$GPNVS,9,+9999999.9989,+1.87481,+9999999.949,15,+0.000,+0.39,,+36.12,50.0,99.0,*6E
$GPNVS,10,1,0,0,+0,+0,2,100,0.5,3,2,30,1,+0,1.0,20,+14,1,2,8000*64
$GPNVS,1,230029,010826,A,N,0,N,0x00000,0x20,0x00,1,N*1E
$GPNVS,2,230029,010826,0.00,0.00,0.00,0.00,0.00,0.00,0.00,0.00,*69
$GPNVS,3,230029,010826,+0.38,,,+4.32,-4.11,,,,1,+36.12,*63
$GPNVS,4,230029,010826,0.00,0.00,,,,,,,*6F
$GPNVS,5,230029,010826,5C9,0,0,+36.12,00000,00000,*22
$GPNVS,6,0,A,0,0x00000,0x20,,0x00,00,,0x00000,,*05
$GPNVS,7,230029,010826,A,12,0x00,0,-1,0,393176,+4.32,-4.11*74
$GPNVS,9,+9999999.9989,+1.87481,+10000000.05,15,+0.000,+0.39,,+36.12,50.0,99.0,*67
$GPNVS,10,1,0,0,-5,+0,2,100,0.5,3,2,30,1,+0,1.0,20,+14,1,2,8000*67
$GPNVS,1,230030,010826,A,N,0,N,0x00000,0x20,0x00,1,N*16
$GPNVS,2,230030,010826,0.00,0.00,0.00,0.00,0.00,0.00,0.00,0.00,*61
$GPNVS,3,230030,010826,+0.38,,,+4.32,-4.09,,,,1,+36.12,*62
$GPNVS,4,230030,010826,0.00,0.00,,,,,,,*67
$GPNVS,5,230030,010826,5C9,0,0,+36.12,00000,00000,*2A
$GPNVS,6,0,A,0,0x00000,0x20,,0x00,00,,0x00000,,*05
$GPNVS,7,230030,010826,A,12,0x00,0,-1,0,393176,+4.32,-4.10*7D
$GPNVS,9,+9999999.9989,+1.87481,+10000000.00,15,+0.000,+0.39,,+36.12,50.0,99.0,*62
$GPNVS,10,1,0,0,-5,-5,2,100,0.5,3,2,30,1,+0,1.0,20,+14,1,2,8000*64
$GPNVS,1,230031,010826,A,N,0,N,0x00000,0x20,0x00,1,N*17
$GPNVS,2,230031,010826,0.00,0.00,0.00,0.00,0.00,0.00,0.00,0.00,*60
$GPNVS,3,230031,010826,+0.38,,,+4.32,-4.11,,,,1,+36.12,*6A
$GPNVS,4,230031,010826,0.00,0.00,,,,,,,*66
$GPNVS,5,230031,010826,5C9,0,0,+36.12,00000,00000,*2B
$GPNVS,6,0,A,0,0x00000,0x20,,0x00,00,,0x00000,,*05
$GPNVS,7,230031,010826,A,12,0x00,0,-1,0,393176,+4.32,-4.11*7D
$GPNVS,9,+10000000.000,+1.87481,+10000000.00,15,+0.000,+0.39,,+36.12,50.0,99.0,*6B
$GPNVS,10,1,0,0,-5,-5,2,100,0.5,3,2,30,1,+0,1.0,20,+14,1,2,8000*64
$GPNVS,1,230032,010826,A,N,0,N,0x00000,0x20,0x00,1,N*14
$GPNVS,2,230032,010826,0.00,0.00,0.00,0.00,0.00,0.00,0.00,0.00,*63
$GPNVS,3,230032,010826,+0.38,,,+4.32,-4.09,,,,1,+36.12,*60
$GPNVS,4,230032,010826,0.00,0.00,,,,,,,*65
$GPNVS,5,230032,010826,5C9,0,0,+36.12,00000,00000,*28
$GPNVS,6,0,A,0,0x00000,0x20,,0x00,00,,0x00000,,*05
$GPNVS,7,230032,010826,A,12,0x00,0,-1,0,393176,+4.32,-4.10*7F
$GPNVS,9,+9999999.9989,+1.87481,+10000000.00,15,+0.000,+0.39,,+36.12,50.0,99.0,*62
$GPNVS,10,1,0,0,-5,-5,2,100,0.5,3,2,30,1,+0,1.0,20,+14,1,2,8000*64
$GPNVS,1,230033,010826,A,N,0,N,0x00000,0x20,0x00,1,N*15
$GPNVS,2,230033,010826,0.00,0.00,0.00,0.00,0.00,0.00,0.00,0.00,*62
$GPNVS,3,230033,010826,+0.38,,,+4.32,-4.11,,,,1,+36.12,*68
$GPNVS,4,230033,010826,0.00,0.00,,,,,,,*64
$GPNVS,5,230033,010826,5C9,0,0,+36.12,00000,00000,*29
$GPNVS,6,0,A,0,0x00000,0x20,,0x00,00,,0x00000,,*05
$GPNVS,7,230033,010826,A,12,0x00,0,-1,0,393176,+4.32,-4.11*7F
$GPNVS,9,+10000000.000,+1.87481,+10000000.00,15,+0.000,+0.39,,+36.12,50.0,99.0,*6B
$GPNVS,10,1,0,0,-5,-5,2,100,0.5,3,2,30,1,+0,1.0,20,+14,1,2,8000*64
$GPNVS,1,230034,010826,A,N,0,N,0x00000,0x20,0x00,1,N*12
$GPNVS,2,230034,010826,0.00,0.00,0.00,0.00,0.00,0.00,0.00,0.00,*65
$GPNVS,3,230034,010826,+0.38,,,+4.32,-4.11,,,,1,+36.12,*6F
$GPNVS,4,230034,010826,0.00,0.00,,,,,,,*63
$GPNVS,5,230034,010826,5C9,0,0,+36.12,00000,00000,*2E
$GPNVS,6,0,A,0,0x00000,0x20,,0x00,00,,0x00000,,*05
$GPNVS,7,230034,010826,A,12,0x00,0,-1,0,393176,+4.32,-4.11*78
$GPNVS,9,+9999999.9989,+1.87481,+10000000.00,15,+0.000,+0.39,,+36.12,50.0,99.0,*62
$GPNVS,10,1,0,0,-5,-5,2,100,0.5,3,2,30,1,+0,1.0,20,+14,1,2,8000*64
$GPNVS,1,230035,010826,A,N,0,N,0x00000,0x20,0x00,1,N*13
$GPNVS,2,230035,010826,0.00,0.00,0.00,0.00,0.00,0.00,0.00,0.00,*64
$GPNVS,3,230035,010826,+0.38,,,+4.32,-4.11,,,,1,+36.12,*6E
$GPNVS,4,230035,010826,0.00,0.00,,,,,,,*62
$GPNVS,5,230035,010826,5C9,0,0,+36.12,00000,00000,*2F
$GPNVS,6,0,A,0,0x00000,0x20,,0x00,00,,0x00000,,*05
$GPNVS,7,230035,010826,A,12,0x00,0,-1,0,393176,+4.32,-4.11*79
$GPNVS,9,+10000000.000,+1.87481,+10000000.00,15,+0.000,+0.39,,+36.12,50.0,99.0,*6B
$GPNVS,10,1,0,0,-5,-5,2,100,0.5,3,2,30,1,+0,1.0,20,+14,1,2,8000*64
$GPNVS,1,230036,010826,A,N,0,N,0x00000,0x20,0x00,1,N*10
$GPNVS,2,230036,010826,0.00,0.00,0.00,0.00,0.00,0.00,0.00,0.00,*67
$GPNVS,3,230036,010826,+0.38,,,+4.32,-4.11,,,,1,+36.12,*6D
$GPNVS,4,230036,010826,0.00,0.00,,,,,,,*61
$GPNVS,5,230036,010826,5C9,0,0,+36.12,00000,00000,*2C
$GPNVS,6,0,A,0,0x00000,0x20,,0x00,00,,0x00000,,*05
$GPNVS,7,230036,010826,A,12,0x00,0,-1,0,393176,+4.32,-4.11*7A
$GPNVS,9,+10000000.000,+1.87481,+10000000.00,15,+0.000,+0.39,,+36.12,50.0,99.0,*6B
$GPNVS,10,1,0,0,-5,-5,2,100,0.5,3,2,30,1,+0,1.0,20,+14,1,2,8000*64
$GPNVS,1,230037,010826,A,N,0,N,0x00000,0x20,0x00,1,N*11
$GPNVS,2,230037,010826,0.00,0.00,0.00,0.00,0.00,0.00,0.00,0.00,*66
$GPNVS,3,230037,010826,+0.38,,,+4.32,-4.09,,,,1,+36.12,*65
$GPNVS,4,230037,010826,0.00,0.00,,,,,,,*60
$GPNVS,5,230037,010826,5C9,0,0,+36.12,00000,00000,*2D
$GPNVS,6,0,A,0,0x00000,0x20,,0x00,00,,0x00000,,*05
$GPNVS,7,230037,010826,A,12,0x00,0,-1,0,393176,+4.32,-4.10*7A
$GPNVS,9,+9999999.9989,+1.87481,+10000000.00,15,+0.000,+0.39,,+36.12,50.0,99.0,*62
$GPNVS,10,1,0,0,-5,-5,2,100,0.5,3,2,30,1,+0,1.0,20,+14,1,2,8000*64
$GPNVS,99,,,*5C
$GPNVS,1,230038,010826,A,N,0,N,0x00000,0x20,0x00,1,N*1E
$GPNVS,2,230038,010826,0.00,0.00,0.00,0.00,0.00,0.00,0.00,0.00,*69
$GPNVS,3,230038,010826,+0.38,,,+4.32,-4.09,,,,1,+36.12,*6A
$GPNVS,4,230038,010826,0.00,0.00,,,,,,,*6F
$GPNVS,5,230038,010826,5C9,0,0,+36.12,00000,00000,*22
$GPNVS,6,0,A,0,0x00000,0x20,,0x00,00,,0x00000,,*05
$GPNVS,7,230038,010826,A,12,0x00,0,-1,0,393176,+4.32,-4.10*75
$GPNVS,9,+10000000.000,+1.87481,+10000000.00,15,+0.000,+0.39,,+36.12,50.0,99.0,*6B
$GPNVS,10,1,0,0,-5,-5,2,100,0.5,3,2,30,1,+0,1.0,20,+14,1,2,8000*64
$GPNVS,1,230039,010826,A,N,0,N,0x00000,0x20,0x00,1,N*1F
$GPNVS,2,230039,010826,0.00,0.00,0.00,0.00,0.00,0.00,0.00,0.00,*68
$GPNVS,3,230039,010826,+0.38,,,+4.32,-4.11,,,,1,+36.12,*62
$GPNVS,4,230039,010826,0.00,0.00,,,,,,,*6E
$GPNVS,5,230039,010826,5C9,0,0,+36.12,00000,00000,*23
$GPNVS,6,0,A,0,0x00000,0x20,,0x00,00,,0x00000,,*05
$GPNVS,7,230039,010826,A,12,0x00,0,-1,0,393176,+4.32,-4.11*75
$GPNVS,9,+9999999.9989,+1.87481,+10000000.00,15,+0.000,+0.39,,+36.12,50.0,99.0,*62
$GPNVS,10,1,0,0,-5,-5,2,100,0.5,3,2,30,1,+0,1.0,20,-6,1,2,8000*51
$GPNVS,1,230040,010826,A,N,0,N,0x00000,0x20,0x00,1,N*11
$GPNVS,2,230040,010826,0.00,0.00,0.00,0.00,0.00,0.00,0.00,0.00,*66
$GPNVS,3,230040,010826,+0.38,,,+4.32,-4.11,,,,1,+36.12,*6C
$GPNVS,4,230040,010826,0.00,0.00,,,,,,,*60
$GPNVS,5,230040,010826,5C9,0,0,+36.12,00000,00000,*2D
$GPNVS,6,0,A,0,0x00000,0x20,,0x00,00,,0x00000,,*05
$GPNVS,7,230040,010826,A,12,0x00,0,-1,0,393176,+4.32,-4.11*7B
$GPNVS,9,+10000000.000,+1.87481,+10000000.00,15,+0.000,+0.39,,+36.12,50.0,99.0,*6B
$GPNVS,10,1,0,0,-5,-5,2,100,0.5,3,2,30,1,+0,1.0,20,-6,1,2,8000*51
$GPNVS,1,230041,010826,A,N,0,N,0x00000,0x20,0x00,1,N*10
$GPNVS,2,230041,010826,0.00,0.00,0.00,0.00,0.00,0.00,0.00,0.00,*67
$GPNVS,3,230041,010826,+0.38,,,+4.32,-4.09,,,,1,+36.12,*64
$GPNVS,4,230041,010826,0.00,0.00,,,,,,,*61
$GPNVS,5,230041,010826,5C9,0,0,+36.12,00000,00000,*2C
$GPNVS,6,0,A,0,0x00000,0x20,,0x00,00,,0x00000,,*05
$GPNVS,7,230041,010826,A,12,0x00,0,-1,0,393176,+4.32,-4.10*7B
$GPNVS,9,+10000000.000,+1.87481,+10000000.00,15,+0.000,+0.39,,+36.12,50.0,99.0,*6B
$GPNVS,10,1,0,0,-5,-5,2,100,0.5,3,2,30,1,+0,1.0,20,-6,1,2,8000*51
$GPNVS,1,230042,010826,A,N,0,N,0x00000,0x20,0x00,1,N*13
$GPNVS,2,230042,010826,0.00,0.00,0.00,0.00,0.00,0.00,0.00,0.00,*64
$GPNVS,3,230042,010826,+0.38,,,+4.32,-4.11,,,,1,+36.12,*6E
$GPNVS,4,230042,010826,0.00,0.00,,,,,,,*62
$GPNVS,5,230042,010826,5C9,0,0,+36.12,00000,00000,*2F
$GPNVS,6,0,A,0,0x00000,0x20,,0x00,00,,0x00000,,*05
$GPNVS,7,230042,010826,A,12,0x00,0,-1,0,393176,+4.32,-4.11*79
$GPNVS,9,+10000000.000,+1.87481,+10000000.00,15,+0.000,+0.39,,+36.12,50.0,99.0,*6B
$GPNVS,10,1,0,0,-5,-5,2,100,0.5,3,2,30,1,+0,1.0,20,-6,1,2,8000*51
$GPNVS,1,230043,010826,A,N,0,N,0x00000,0x20,0x00,1,N*12
$GPNVS,2,230043,010826,0.00,0.00,0.00,0.00,0.00,0.00,0.00,0.00,*65
$GPNVS,3,230043,010826,+0.38,,,+4.32,-4.11,,,,1,+36.12,*6F
$GPNVS,4,230043,010826,0.00,0.00,,,,,,,*63
$GPNVS,5,230043,010826,5C9,0,0,+36.12,00000,00000,*2E
$GPNVS,6,0,A,0,0x00000,0x20,,0x00,00,,0x00000,,*05
$GPNVS,7,230043,010826,A,12,0x00,0,0,0,393176,+4.32,-4.11*54
$GPNVS,9,+9999999.9989,+1.87481,+9999999.949,15,+0.000,+0.39,,+36.12,50.0,99.0,*6E
$GPNVS,10,1,0,0,+0,+0,2,100,0.5,3,2,30,1,+0,1.0,20,-6,1,2,8000*51
$GPNVS,1,230044,010826,A,N,0,N,0x00000,0x20,0x00,1,N*15
$GPNVS,2,230044,010826,0.00,0.00,0.00,0.00,0.00,0.00,0.00,0.00,*62
$GPNVS,3,230044,010826,+0.38,,,+4.32,-4.11,,,,1,+36.12,*68
$GPNVS,4,230044,010826,0.00,0.00,,,,,,,*64
$GPNVS,5,230044,010826,5C9,0,0,+36.12,00000,00000,*29
$GPNVS,6,0,A,0,0x00000,0x20,,0x00,00,,0x00000,,*05
$GPNVS,7,230044,010826,A,12,0x00,0,-1,0,393176,+4.32,-4.11*7F
$GPNVS,9,+10000000.000,+1.87481,+10000000.05,15,+0.000,+0.39,,+36.12,50.0,99.0,*6E
$GPNVS,10,1,0,0,-5,+0,2,100,0.5,3,2,30,1,+0,1.0,20,-6,1,2,8000*52
$GPNVS,1,230045,010826,A,N,0,N,0x00000,0x20,0x00,1,N*14
$GPNVS,2,230045,010826,0.00,0.00,0.00,0.00,0.00,0.00,0.00,0.00,*63
$GPNVS,3,230045,010826,+0.38,,,+4.32,-4.09,,,,1,+35.80,*68
$GPNVS,4,230045,010826,0.00,0.00,,,,,,,*65
$GPNVS,5,230045,010826,5C9,0,0,+35.80,00000,00000,*20
$GPNVS,6,0,A,0,0x00000,0x20,,0x00,00,,0x00000,,*05
$GPNVS,7,230045,010826,A,12,0x00,0,-1,0,393176,+4.32,-4.10*7F
$GPNVS,9,+9999999.9989,+1.87481,+10000000.00,15,+0.000,+0.39,,+35.80,50.0,99.0,*6A
$GPNVS,10,1,0,0,-5,-5,2,100,0.5,3,2,30,1,+0,1.0,20,-6,1,2,8000*51
$GPNVS,1,230046,010826,A,N,0,N,0x00000,0x20,0x00,1,N*17
$GPNVS,2,230046,010826,0.00,0.00,0.00,0.00,0.00,0.00,0.00,0.00,*60
$GPNVS,3,230046,010826,+0.38,,,+4.32,-4.09,,,,1,+35.80,*6B
$GPNVS,4,230046,010826,0.00,0.00,,,,,,,*66
$GPNVS,5,230046,010826,5C9,0,0,+35.80,00000,00000,*23
$GPNVS,6,0,A,0,0x00000,0x20,,0x00,00,,0x00000,,*05
$GPNVS,7,230046,010826,A,12,0x00,0,-1,0,393176,+4.32,-4.10*7C
$GPNVS,9,+10000000.000,+1.87481,+10000000.00,15,+0.000,+0.39,,+35.80,50.0,99.0,*63
$GPNVS,10,1,0,0,-5,-5,2,100,0.5,3,2,30,1,+0,1.0,20,-6,1,2,8000*51
$GPNVS,1,230047,010826,A,N,0,N,0x00000,0x20,0x00,1,N*16
$GPNVS,2,230047,010826,0.00,0.00,0.00,0.00,0.00,0.00,0.00,0.00,*61
$GPNVS,3,230047,010826,+0.38,,,+4.32,-4.09,,,,1,+36.12,*62
$GPNVS,4,230047,010826,0.00,0.00,,,,,,,*67
$GPNVS,5,230047,010826,5C9,0,0,+36.12,00000,00000,*2A
$GPNVS,6,0,A,0,0x00000,0x20,,0x00,00,,0x00000,,*05
$GPNVS,7,230047,010826,A,12,0x00,0,-1,0,393176,+4.32,-4.10*7D
$GPNVS,9,+10000000.000,+1.87481,+10000000.00,15,+0.000,+0.39,,+36.12,50.0,99.0,*6B
$GPNVS,10,1,0,0,-5,-5,2,100,0.5,3,2,30,1,+0,1.0,20,-6,1,2,8000*51
$GPNVS,1,230048,010826,A,N,0,N,0x00000,0x20,0x00,1,N*19
$GPNVS,2,230048,010826,0.00,0.00,0.00,0.00,0.00,0.00,0.00,0.00,*6E
$GPNVS,3,230048,010826,+0.38,,,+4.32,-4.11,,,,1,+36.12,*64
$GPNVS,4,230048,010826,0.00,0.00,,,,,,,*68
$GPNVS,5,230048,010826,5C9,0,0,+36.12,00000,00000,*25
$GPNVS,6,0,A,0,0x00000,0x20,,0x00,00,,0x00000,,*05
$GPNVS,7,230048,010826,A,12,0x00,0,0,0,393176,+4.32,-4.11*5F
$GPNVS,9,+9999999.9989,+1.87481,+9999999.949,15,+0.000,+0.39,,+36.12,50.0,99.0,*6E
$GPNVS,10,1,0,0,+0,+0,2,100,0.5,3,2,30,1,+0,1.0,20,-6,1,2,8000*51
$GPNVS,1,230049,010826,A,N,0,N,0x00000,0x20,0x00,1,N*18
$GPNVS,2,230049,010826,0.00,0.00,0.00,0.00,0.00,0.00,0.00,0.00,*6F
$GPNVS,3,230049,010826,+0.38,,,+4.32,-4.11,,,,1,+36.12,*65
$GPNVS,4,230049,010826,0.00,0.00,,,,,,,*69
$GPNVS,5,230049,010826,5C9,0,0,+36.12,00000,00000,*24
$GPNVS,6,0,A,0,0x00000,0x20,,0x00,00,,0x00000,,*05
$GPNVS,7,230049,010826,A,12,0x00,0,-1,0,393176,+4.32,-4.11*72
$GPNVS,9,+10000000.000,+1.87481,+10000000.05,15,+0.000,+0.39,,+36.12,50.0,99.0,*6E
$GPNVS,10,1,0,0,-5,+0,2,100,0.5,3,2,30,1,+0,1.0,20,-6,1,2,8000*52
$GPNVS,1,230050,010826,A,N,0,N,0x00000,0x20,0x00,1,N*10
$GPNVS,2,230050,010826,0.00,0.00,0.00,0.00,0.00,0.00,0.00,0.00,*67
$GPNVS,3,230050,010826,+0.38,,,+4.32,-4.11,,,,1,+35.80,*65
$GPNVS,4,230050,010826,0.00,0.00,,,,,,,*61
$GPNVS,5,230050,010826,5C9,0,0,+35.80,00000,00000,*24
$GPNVS,6,0,A,0,0x00000,0x20,,0x00,00,,0x00000,,*05
$GPNVS,7,230050,010826,A,12,0x00,0,0,0,393176,+4.32,-4.11*56
$GPNVS,9,+9999999.9989,+1.87481,+9999999.949,15,+0.000,+0.39,,+35.80,50.0,99.0,*66
$GPNVS,10,1,0,0,+0,+0,2,100,0.5,3,2,30,1,+0,1.0,20,+10,1,2,8000*60
$GPNVS,1,230051,010826,A,N,0,N,0x00000,0x20,0x00,1,N*11
$GPNVS,2,230051,010826,0.00,0.00,0.00,0.00,0.00,0.00,0.00,0.00,*66
$GPNVS,3,230051,010826,+0.38,,,+4.32,-4.09,,,,1,+36.12,*65
$GPNVS,4,230051,010826,0.00,0.00,,,,,,,*60
$GPNVS,5,230051,010826,5C9,0,0,+36.12,00000,00000,*2D
$GPNVS,6,0,A,0,0x00000,0x20,,0x00,00,,0x00000,,*05
$GPNVS,7,230051,010826,A,12,0x00,0,-1,0,393176,+4.32,-4.10*7A
$GPNVS,9,+10000000.000,+1.87481,+10000000.05,15,+0.000,+0.39,,+36.12,50.0,99.0,*6E
$GPNVS,10,1,0,0,-5,+0,2,100,0.5,3,2,30,1,+0,1.0,20,+10,1,2,8000*63
$GPNVS,1,230052,010826,A,N,0,N,0x00000,0x20,0x00,1,N*12
$GPNVS,2,230052,010826,0.00,0.00,0.00,0.00,0.00,0.00,0.00,0.00,*65
$GPNVS,3,230052,010826,+0.38,,,+4.32,-4.09,,,,1,+36.12,*66
$GPNVS,4,230052,010826,0.00,0.00,,,,,,,*63
$GPNVS,5,230052,010826,5C9,0,0,+36.12,00000,00000,*2E
$GPNVS,6,0,A,0,0x00000,0x20,,0x00,00,,0x00000,,*05
$GPNVS,7,230052,010826,A,12,0x00,0,0,0,393176,+4.32,-4.10*55
$GPNVS,9,+9999999.9989,+1.87481,+9999999.949,15,+0.000,+0.39,,+36.12,50.0,99.0,*6E
$GPNVS,10,1,0,0,+0,+0,2,100,0.5,3,2,30,1,+0,1.0,20,+10,1,2,8000*60
$GPNVS,99,,,*5C
$GPNVS,1,230053,010826,A,N,0,N,0x00000,0x20,0x00,1,N*13
$GPNVS,2,230053,010826,0.00,0.00,0.00,0.00,0.00,0.00,0.00,0.00,*64
$GPNVS,3,230053,010826,+0.38,,,+4.32,-4.09,,,,1,+35.80,*6F
$GPNVS,4,230053,010826,0.00,0.00,,,,,,,*62
$GPNVS,5,230053,010826,5C9,0,0,+35.80,00000,00000,*27
$GPNVS,6,0,A,0,0x00000,0x20,,0x00,00,,0x00000,,*05
$GPNVS,7,230053,010826,A,12,0x00,0,-1,0,393176,+4.32,-4.10*78
$GPNVS,9,+10000000.000,+1.87481,+10000000.05,15,+0.000,+0.39,,+35.80,50.0,99.0,*66
$GPNVS,10,1,0,0,-5,+0,2,100,0.5,3,2,30,1,+0,1.0,20,+10,1,2,8000*63
$GPNVS,1,230054,010826,A,N,0,N,0x00000,0x20,0x00,1,N*14
$GPNVS,2,230054,010826,0.00,0.00,0.00,0.00,0.00,0.00,0.00,0.00,*63
$GPNVS,3,230054,010826,+0.38,,,+4.32,-4.11,,,,1,+36.12,*69
$GPNVS,4,230054,010826,0.00,0.00,,,,,,,*65
$GPNVS,5,230054,010826,5C9,0,0,+36.12,00000,00000,*28
$GPNVS,6,0,A,0,0x00000,0x20,,0x00,00,,0x00000,,*05
$GPNVS,7,230054,010826,A,12,0x00,0,0,0,393176,+4.32,-4.11*52
$GPNVS,9,+9999999.9989,+1.87481,+9999999.949,15,+0.000,+0.39,,+36.12,50.0,99.0,*6E
$GPNVS,10,1,0,0,+0,+0,2,100,0.5,3,2,30,1,+1,1.0,20,+10,1,2,8000*61
$GPNVS,1,230055,010826,A,N,0,N,0x00000,0x20,0x00,1,N*15
$GPNVS,2,230055,010826,0.00,0.00,0.00,0.00,0.00,0.00,0.00,0.00,*62
$GPNVS,3,230055,010826,+0.38,,,+4.32,-4.09,,,,1,+36.12,*61
$GPNVS,4,230055,010826,0.00,0.00,,,,,,,*64
$GPNVS,5,230055,010826,5C9,0,0,+36.12,00000,00000,*29
$GPNVS,6,0,A,0,0x00000,0x20,,0x00,00,,0x00000,,*05
$GPNVS,7,230055,010826,A,12,0x00,0,0,1,393177,+4.32,-4.10*52
$GPNVS,9,+9999999.9989,+1.87481,+10000000.00,15,+0.000,+0.39,,+36.12,50.0,99.0,*62
$GPNVS,10,1,0,0,+0,+0,2,100,0.5,3,2,30,1,+1,1.0,20,+10,1,2,8000*61
$GPNVS,1,230056,010826,A,N,0,N,0x00000,0x20,0x00,1,N*16
$GPNVS,2,230056,010826,0.00,0.00,0.00,0.00,0.00,0.00,0.00,0.00,*61
$GPNVS,3,230056,010826,+0.38,,,+4.32,-4.09,,,,1,+36.12,*62
$GPNVS,4,230056,010826,0.00,0.00,,,,,,,*67
$GPNVS,5,230056,010826,5C9,0,0,+36.12,00000,00000,*2A
$GPNVS,6,0,A,0,0x00000,0x20,,0x00,00,,0x00000,,*05
$GPNVS,7,230056,010826,A,12,0x00,0,0,0,393177,+4.32,-4.10*50
$GPNVS,9,+9999999.9989,+1.87481,+10000000.00,15,+0.000,+0.39,,+36.12,50.0,99.0,*62
$GPNVS,10,1,0,0,+0,+0,2,100,0.5,3,2,30,1,+1,1.0,20,+10,1,2,8000*61
$GPNVS,1,230057,010826,A,N,0,N,0x00000,0x20,0x00,1,N*17
$GPNVS,2,230057,010826,0.00,0.00,0.00,0.00,0.00,0.00,0.00,0.00,*60
$GPNVS,3,230057,010826,+0.38,,,+4.32,-4.09,,,,1,+36.12,*63
$GPNVS,4,230057,010826,0.00,0.00,,,,,,,*66
$GPNVS,5,230057,010826,5C9,0,0,+36.12,00000,00000,*2B
$GPNVS,6,0,A,0,0x00000,0x20,,0x00,00,,0x00000,,*05
$GPNVS,7,230057,010826,A,12,0x00,0,-1,0,393177,+4.32,-4.10*7D
$GPNVS,9,+10000000.000,+1.87481,+10000000.05,15,+0.000,+0.39,,+36.12,50.0,99.0,*6E
$GPNVS,10,1,0,0,-5,+0,2,100,0.5,3,2,30,1,+1,1.0,20,+10,1,2,8000*62
$GPNVS,1,230058,010826,A,N,0,N,0x00000,0x20,0x00,1,N*18
$GPNVS,2,230058,010826,0.00,0.00,0.00,0.00,0.00,0.00,0.00,0.00,*6F
$GPNVS,3,230058,010826,+0.38,,,+4.32,-4.11,,,,1,+36.12,*65
$GPNVS,4,230058,010826,0.00,0.00,,,,,,,*69
$GPNVS,5,230058,010826,5C9,0,0,+36.12,00000,00000,*24
$GPNVS,6,0,A,0,0x00000,0x20,,0x00,00,,0x00000,,*05
$GPNVS,7,230058,010826,A,12,0x00,0,0,1,393178,+4.32,-4.11*51
$GPNVS,9,+9999999.9989,+1.87482,+9999999.949,15,+0.000,+0.39,,+36.12,50.0,99.0,*6D
$GPNVS,10,1,0,0,+0,+0,2,100,0.5,3,2,30,1,+1,1.0,20,+10,1,2,8000*61
$GPNVS,1,230059,010826,A,N,0,N,0x00000,0x20,0x00,1,N*19
$GPNVS,2,230059,010826,0.00,0.00,0.00,0.00,0.00,0.00,0.00,0.00,*6E
$GPNVS,3,230059,010826,+0.38,,,+4.32,-4.09,,,,1,+35.80,*65
$GPNVS,4,230059,010826,0.00,0.00,,,,,,,*68
$GPNVS,5,230059,010826,5C9,0,0,+35.80,00000,00000,*2D
$GPNVS,6,0,A,0,0x00000,0x20,,0x00,00,,0x00000,,*05
$GPNVS,7,230059,010826,A,12,0x00,0,0,0,393178,+4.32,-4.10*50
$GPNVS,9,+9999999.9989,+1.87482,+10000000.00,15,+0.000,+0.39,,+35.80,50.0,99.0,*69
$GPNVS,10,1,0,0,+0,+0,2,100,0.5,3,2,30,1,+1,1.0,20,+10,1,2,8000*61
$GPNVS,1,230100,010826,A,N,0,N,0x00000,0x20,0x00,1,N*14
$GPNVS,2,230100,010826,0.00,0.00,0.00,0.00,0.00,0.00,0.00,0.00,*63
$GPNVS,3,230100,010826,+0.38,,,+4.32,-4.11,,,,1,+35.80,*61
$GPNVS,4,230100,010826,0.00,0.00,,,,,,,*65
$GPNVS,5,230100,010826,5C9,0,0,+35.80,00000,00000,*20
$GPNVS,6,0,A,0,0x00000,0x20,,0x00,00,,0x00000,,*05
$GPNVS,7,230100,010826,A,12,0x00,0,-1,0,393178,+4.32,-4.11*70
$GPNVS,9,+10000000.000,+1.87482,+10000000.05,15,+0.000,+0.39,,+35.80,50.0,99.0,*65
$GPNVS,10,1,0,0,-5,+0,2,100,0.5,3,2,30,1,+1,1.0,20,+10,1,2,8000*62
$GPNVS,1,230101,010826,A,N,0,N,0x00000,0x20,0x00,1,N*15
$GPNVS,2,230101,010826,0.00,0.00,0.00,0.00,0.00,0.00,0.00,0.00,*62
$GPNVS,3,230101,010826,+0.38,,,+4.32,-4.09,,,,1,+36.12,*61
$GPNVS,4,230101,010826,0.00,0.00,,,,,,,*64
$GPNVS,5,230101,010826,5C9,0,0,+36.12,00000,00000,*29
$GPNVS,6,0,A,0,0x00000,0x20,,0x00,00,,0x00000,,*05
$GPNVS,7,230101,010826,A,12,0x00,0,0,1,393179,+4.32,-4.10*5C
$GPNVS,9,+9999999.9989,+1.87482,+9999999.949,15,+0.000,+0.39,,+36.12,50.0,99.0,*6D
$GPNVS,10,1,0,0,+0,+0,2,100,0.5,3,2,30,1,+1,1.0,20,-10,1,2,8000*67
$GPNVS,1,230102,010826,A,N,0,N,0x00000,0x20,0x00,1,N*16
$GPNVS,2,230102,010826,0.00,0.00,0.00,0.00,0.00,0.00,0.00,0.00,*61
$GPNVS,3,230102,010826,+0.38,,,+4.32,-4.09,,,,1,+36.12,*62
$GPNVS,4,230102,010826,0.00,0.00,,,,,,,*67
$GPNVS,5,230102,010826,5C9,0,0,+36.12,00000,00000,*2A
$GPNVS,6,0,A,0,0x00000,0x20,,0x00,00,,0x00000,,*05
$GPNVS,7,230102,010826,A,12,0x00,0,-1,0,393179,+4.32,-4.10*72
$GPNVS,9,+10000000.000,+1.87482,+10000000.05,15,+0.000,+0.39,,+36.12,50.0,99.0,*6D
$GPNVS,10,1,0,0,-5,+0,2,100,0.5,3,2,30,1,+1,1.0,20,-10,1,2,8000*64
$GPNVS,1,230103,010826,A,N,0,N,0x00000,0x20,0x00,1,N*17
$GPNVS,2,230103,010826,0.00,0.00,0.00,0.00,0.00,0.00,0.00,0.00,*60
$GPNVS,3,230103,010826,+0.38,,,+4.32,-4.11,,,,1,+35.80,*62
$GPNVS,4,230103,010826,0.00,0.00,,,,,,,*66
$GPNVS,5,230103,010826,5C9,0,0,+35.80,00000,00000,*23
$GPNVS,6,0,A,0,0x00000,0x20,,0x00,00,,0x00000,,*05
$GPNVS,7,230103,010826,A,12,0x00,0,0,0,393179,+4.32,-4.11*5E
$GPNVS,9,+9999999.9989,+1.87482,+9999999.949,15,+0.000,+0.39,,+35.80,50.0,99.0,*65
$GPNVS,10,1,0,0,+0,+0,2,100,0.5,3,2,30,1,+1,1.0,20,-10,1,2,8000*67
$GPNVS,1,230104,010826,A,N,0,N,0x00000,0x20,0x00,1,N*10
$GPNVS,2,230104,010826,0.00,0.00,0.00,0.00,0.00,0.00,0.00,0.00,*67
$GPNVS,3,230104,010826,+0.38,,,+4.32,-4.11,,,,1,+35.80,*65
$GPNVS,4,230104,010826,0.00,0.00,,,,,,,*61
$GPNVS,5,230104,010826,5C9,0,0,+35.80,00000,00000,*24
$GPNVS,6,0,A,0,0x00000,0x20,,0x00,00,,0x00000,,*05
$GPNVS,7,230104,010826,A,12,0x00,0,-1,1,393180,+4.32,-4.11*72
$GPNVS,9,+10000000.000,+1.87483,+10000000.05,15,+0.000,+0.39,,+35.80,50.0,99.0,*64
$GPNVS,10,1,0,0,-5,+0,2,100,0.5,3,2,30,1,+1,1.0,20,-10,1,2,8000*64
$GPNVS,1,230105,010826,A,N,0,N,0x00000,0x20,0x00,1,N*11
$GPNVS,2,230105,010826,0.00,0.00,0.00,0.00,0.00,0.00,0.00,0.00,*66
$GPNVS,3,230105,010826,+0.38,,,+4.32,-4.09,,,,1,+36.12,*65
$GPNVS,4,230105,010826,0.00,0.00,,,,,,,*60
$GPNVS,5,230105,010826,5C9,0,0,+36.12,00000,00000,*2D
$GPNVS,6,0,A,0,0x00000,0x20,,0x00,00,,0x00000,,*05
$GPNVS,7,230105,010826,A,12,0x00,0,-1,0,393180,+4.32,-4.10*73
$GPNVS,9,+10000000.000,+1.87483,+10000000.00,15,+0.000,+0.39,,+36.12,50.0,99.0,*69
$GPNVS,10,1,0,0,-5,-5,2,100,0.5,3,2,30,1,+0,1.0,20,-10,1,2,8000*66
$GPNVS,1,230106,010826,A,N,0,N,0x00000,0x20,0x00,1,N*12
$GPNVS,2,230106,010826,0.00,0.00,0.00,0.00,0.00,0.00,0.00,0.00,*65
$GPNVS,3,230106,010826,+0.38,,,+4.32,-4.11,,,,1,+35.80,*67
$GPNVS,4,230106,010826,0.00,0.00,,,,,,,*63
$GPNVS,5,230106,010826,5C9,0,0,+35.80,00000,00000,*26
$GPNVS,6,0,A,0,0x00000,0x20,,0x00,00,,0x00000,,*05
$GPNVS,7,230106,010826,A,12,0x00,0,0,0,393180,+4.32,-4.11*5D
$GPNVS,9,+9999999.9989,+1.87483,+9999999.949,15,+0.000,+0.39,,+35.80,50.0,99.0,*64
$GPNVS,10,1,0,0,+0,+0,2,100,0.5,3,2,30,1,+0,1.0,20,-10,1,2,8000*66
$GPNVS,1,230107,010826,A,N,0,N,0x00000,0x20,0x00,1,N*13
$GPNVS,2,230107,010826,0.00,0.00,0.00,0.00,0.00,0.00,0.00,0.00,*64
$GPNVS,3,230107,010826,+0.38,,,+4.32,-4.11,,,,1,+36.12,*6E
$GPNVS,4,230107,010826,0.00,0.00,,,,,,,*62
$GPNVS,5,230107,010826,5C9,0,0,+36.12,00000,00000,*2F
$GPNVS,6,0,A,0,0x00000,0x20,,0x00,00,,0x00000,,*05
$GPNVS,7,230107,010826,A,12,0x00,0,-1,-1,393179,+4.32,-4.11*5A
$GPNVS,9,+10000000.001,+1.87482,+10000000.05,15,+0.000,+0.39,,+36.12,50.0,99.0,*6C
$GPNVS,10,1,0,0,-5,+0,2,100,0.5,3,2,30,1,-1,1.0,20,-10,1,2,8000*62
$GPNVS,99,,,*5C
$GPNVS,1,230108,010826,A,N,0,N,0x00000,0x20,0x00,1,N*1C
$GPNVS,2,230108,010826,0.00,0.00,0.00,0.00,0.00,0.00,0.00,0.00,*6B
$GPNVS,3,230108,010826,+0.38,,,+4.32,-4.09,,,,1,+36.12,*68
$GPNVS,4,230108,010826,0.00,0.00,,,,,,,*6D
$GPNVS,5,230108,010826,5C9,0,0,+36.12,00000,00000,*20
$GPNVS,6,0,A,0,0x00000,0x20,,0x00,00,,0x00000,,*05
$GPNVS,7,230108,010826,A,12,0x00,0,0,0,393179,+4.32,-4.10*54
$GPNVS,9,+9999999.9989,+1.87482,+9999999.949,15,+0.000,+0.39,,+36.12,50.0,99.0,*6D
$GPNVS,10,1,0,0,+0,+0,2,100,0.5,3,2,30,1,-1,1.0,20,-10,1,2,8000*61
$GPNVS,1,230109,010826,A,N,0,N,0x00000,0x20,0x00,1,N*1D
$GPNVS,2,230109,010826,0.00,0.00,0.00,0.00,0.00,0.00,0.00,0.00,*6A
$GPNVS,3,230109,010826,+0.38,,,+4.32,-4.09,,,,1,+36.12,*69
$GPNVS,4,230109,010826,0.00,0.00,,,,,,,*6C
$GPNVS,5,230109,010826,5C9,0,0,+36.12,00000,00000,*21
$GPNVS,6,0,A,0,0x00000,0x20,,0x00,00,,0x00000,,*05
$GPNVS,7,230109,010826,A,12,0x00,0,0,0,393179,+4.32,-4.10*55
$GPNVS,9,+9999999.9989,+1.87482,+10000000.00,15,+0.000,+0.39,,+36.12,50.0,99.0,*61
$GPNVS,10,1,0,0,+0,+0,2,100,0.5,3,2,30,1,+0,1.0,20,-10,1,2,8000*66
$GPNVS,1,230110,010826,A,N,0,N,0x00000,0x20,0x00,1,N*15
$GPNVS,2,230110,010826,0.00,0.00,0.00,0.00,0.00,0.00,0.00,0.00,*62
$GPNVS,3,230110,010826,+0.38,,,+4.32,-4.09,,,,1,+35.80,*69
$GPNVS,4,230110,010826,0.00,0.00,,,,,,,*64
$GPNVS,5,230110,010826,5C9,0,0,+35.80,00000,00000,*21
$GPNVS,6,0,A,0,0x00000,0x20,,0x00,00,,0x00000,,*05
$GPNVS,7,230110,010826,A,12,0x00,0,-1,-1,393178,+4.32,-4.10*5C
$GPNVS,9,+10000000.000,+1.87482,+10000000.05,15,+0.000,+0.39,,+35.80,50.0,99.0,*65
$GPNVS,10,1,0,0,-5,+0,2,100,0.5,3,2,30,1,-1,1.0,20,-10,1,2,8000*62
$GPNVS,1,230111,010826,A,N,0,N,0x00000,0x20,0x00,1,N*14
$GPNVS,2,230111,010826,0.00,0.00,0.00,0.00,0.00,0.00,0.00,0.00,*63
$GPNVS,3,230111,010826,+0.38,,,+4.32,-4.11,,,,1,+35.80,*61
$GPNVS,4,230111,010826,0.00,0.00,,,,,,,*65
$GPNVS,5,230111,010826,5C9,0,0,+35.80,00000,00000,*20
$GPNVS,6,0,A,0,0x00000,0x20,,0x00,00,,0x00000,,*05
$GPNVS,7,230111,010826,A,12,0x00,0,-1,0,393178,+4.32,-4.11*70
$GPNVS,9,+10000000.001,+1.87482,+10000000.00,15,+0.000,+0.39,,+35.80,50.0,99.0,*61
$GPNVS,10,1,0,0,-5,-5,2,100,0.5,3,2,30,1,-1,1.0,20,+6,1,2,8000*50
$GPNVS,1,230112,010826,A,N,0,N,0x00000,0x20,0x00,1,N*17
$GPNVS,2,230112,010826,0.00,0.00,0.00,0.00,0.00,0.00,0.00,0.00,*60
$GPNVS,3,230112,010826,+0.38,,,+4.32,-4.09,,,,1,+36.12,*63
$GPNVS,4,230112,010826,0.00,0.00,,,,,,,*66
$GPNVS,5,230112,010826,5C9,0,0,+36.12,00000,00000,*2B
$GPNVS,6,0,A,0,0x00000,0x20,,0x00,00,,0x00000,,*05
$GPNVS,7,230112,010826,A,12,0x00,0,-1,0,393178,+4.32,-4.10*72
$GPNVS,9,+10000000.000,+1.87482,+10000000.00,15,+0.000,+0.39,,+36.12,50.0,99.0,*68
$GPNVS,10,1,0,0,-5,-5,2,100,0.5,3,2,30,1,-1,1.0,20,+6,1,2,8000*50
$GPNVS,1,230113,010826,A,N,0,N,0x00000,0x20,0x00,1,N*16
$GPNVS,2,230113,010826,0.00,0.00,0.00,0.00,0.00,0.00,0.00,0.00,*61
$GPNVS,3,230113,010826,+0.38,,,+4.32,-4.09,,,,1,+36.12,*62
$GPNVS,4,230113,010826,0.00,0.00,,,,,,,*67
$GPNVS,5,230113,010826,5C9,0,0,+36.12,00000,00000,*2A
$GPNVS,6,0,A,0,0x00000,0x20,,0x00,00,,0x00000,,*05
$GPNVS,7,230113,010826,A,12,0x00,0,-1,-1,393177,+4.32,-4.10*50
$GPNVS,9,+10000000.000,+1.87481,+10000000.00,15,+0.000,+0.39,,+36.12,50.0,99.0,*6B
$GPNVS,10,1,0,0,-5,-5,2,100,0.5,3,2,30,1,-1,1.0,20,+6,1,2,8000*50
$GPNVS,1,230114,010826,A,N,0,N,0x00000,0x20,0x00,1,N*11
$GPNVS,2,230114,010826,0.00,0.00,0.00,0.00,0.00,0.00,0.00,0.00,*66
$GPNVS,3,230114,010826,+0.38,,,+4.32,-4.11,,,,1,+36.12,*6C
$GPNVS,4,230114,010826,0.00,0.00,,,,,,,*60
$GPNVS,5,230114,010826,5C9,0,0,+36.12,00000,00000,*2D
$GPNVS,6,0,A,0,0x00000,0x20,,0x00,00,,0x00000,,*05
$GPNVS,7,230114,010826,A,12,0x00,0,-1,0,393177,+4.32,-4.11*7A
$GPNVS,9,+10000000.001,+1.87481,+10000000.00,15,+0.000,+0.39,,+36.12,50.0,99.0,*6A
$GPNVS,10,1,0,0,-5,-5,2,100,0.5,3,2,30,1,-1,1.0,20,+6,1,2,8000*50
$GPNVS,1,230115,010826,A,N,0,N,0x00000,0x20,0x00,1,N*10
$GPNVS,2,230115,010826,0.00,0.00,0.00,0.00,0.00,0.00,0.00,0.00,*67
$GPNVS,3,230115,010826,+0.38,,,+4.32,-4.11,,,,1,+36.12,*6D
$GPNVS,4,230115,010826,0.00,0.00,,,,,,,*61
$GPNVS,5,230115,010826,5C9,0,0,+36.12,00000,00000,*2C
$GPNVS,6,0,A,0,0x00000,0x20,,0x00,00,,0x00000,,*05
$GPNVS,7,230115,010826,A,12,0x00,0,-1,0,393177,+4.32,-4.11*7B
$GPNVS,9,+10000000.000,+1.87481,+10000000.00,15,+0.000,+0.39,,+36.12,50.0,99.0,*6B
$GPNVS,10,1,0,0,-5,-5,2,100,0.5,3,2,30,1,-1,1.0,20,+6,1,2,8000*50
$GPNVS,1,230116,010826,A,N,0,N,0x00000,0x20,0x00,1,N*13
$GPNVS,2,230116,010826,0.00,0.00,0.00,0.00,0.00,0.00,0.00,0.00,*64
$GPNVS,3,230116,010826,+0.38,,,+4.32,-4.11,,,,1,+36.12,*6E
$GPNVS,4,230116,010826,0.00,0.00,,,,,,,*62
$GPNVS,5,230116,010826,5C9,0,0,+36.12,00000,00000,*2F
$GPNVS,6,0,A,0,0x00000,0x20,,0x00,00,,0x00000,,*05
$GPNVS,7,230116,010826,A,12,0x00,0,-1,-1,393176,+4.32,-4.11*55
$GPNVS,9,+10000000.000,+1.87481,+10000000.00,15,+0.000,+0.39,,+36.12,50.0,99.0,*6B
$GPNVS,10,1,0,0,-5,-5,2,100,0.5,3,2,30,1,-1,1.0,20,+6,1,2,8000*50
$GPNVS,1,230117,010826,A,N,0,N,0x00000,0x20,0x00,1,N*12
$GPNVS,2,230117,010826,0.00,0.00,0.00,0.00,0.00,0.00,0.00,0.00,*65
$GPNVS,3,230117,010826,+0.38,,,+4.32,-4.09,,,,1,+36.12,*66
$GPNVS,4,230117,010826,0.00,0.00,,,,,,,*63
$GPNVS,5,230117,010826,5C9,0,0,+36.12,00000,00000,*2E
$GPNVS,6,0,A,0,0x00000,0x20,,0x00,00,,0x00000,,*05
$GPNVS,7,230117,010826,A,12,0x00,0,-1,0,393176,+4.32,-4.10*79
$GPNVS,9,+10000000.000,+1.87481,+10000000.00,15,+0.000,+0.39,,+36.12,50.0,99.0,*6B
$GPNVS,10,1,0,0,-5,-5,2,100,0.5,3,2,30,1,-1,1.0,20,+6,1,2,8000*50
$GPNVS,1,230118,010826,A,N,0,N,0x00000,0x20,0x00,1,N*1D
$GPNVS,2,230118,010826,0.00,0.00,0.00,0.00,0.00,0.00,0.00,0.00,*6A
$GPNVS,3,230118,010826,+0.38,,,+4.32,-4.09,,,,1,+36.12,*69
$GPNVS,4,230118,010826,0.00,0.00,,,,,,,*6C
$GPNVS,5,230118,010826,5C9,0,0,+36.12,00000,00000,*21
$GPNVS,6,0,A,0,0x00000,0x20,,0x00,00,,0x00000,,*05
$GPNVS,7,230118,010826,A,12,0x00,0,-1,0,393176,+4.32,-4.10*76
$GPNVS,9,+10000000.001,+1.87481,+10000000.00,15,+0.000,+0.39,,+36.12,50.0,99.0,*6A
$GPNVS,10,1,0,0,-5,-5,2,100,0.5,3,2,30,1,+0,1.0,20,+6,1,2,8000*57
$GPNVS,1,230119,010826,A,N,0,N,0x00000,0x20,0x00,1,N*1C
$GPNVS,2,230119,010826,0.00,0.00,0.00,0.00,0.00,0.00,0.00,0.00,*6B
$GPNVS,3,230119,010826,+0.38,,,+4.32,-4.11,,,,1,+36.12,*61
$GPNVS,4,230119,010826,0.00,0.00,,,,,,,*6D
$GPNVS,5,230119,010826,5C9,0,0,+36.12,00000,00000,*20
$GPNVS,6,0,A,0,0x00000,0x20,,0x00,00,,0x00000,,*05
$GPNVS,7,230119,010826,A,12,0x00,0,-1,0,393176,+4.32,-4.11*76
$GPNVS,9,+10000000.000,+1.87481,+10000000.00,15,+0.000,+0.39,,+36.12,50.0,99.0,*6B
$GPNVS,10,1,0,0,-5,-5,2,100,0.5,3,2,30,1,+0,1.0,20,+6,1,2,8000*57
$GPNVS,1,230120,010826,A,N,0,N,0x00000,0x20,0x00,1,N*16
$GPNVS,2,230120,010826,0.00,0.00,0.00,0.00,0.00,0.00,0.00,0.00,*61
$GPNVS,3,230120,010826,+0.38,,,+4.32,-4.11,,,,1,+36.12,*6B
$GPNVS,4,230120,010826,0.00,0.00,,,,,,,*67
$GPNVS,5,230120,010826,5C9,0,0,+36.12,00000,00000,*2A
$GPNVS,6,0,A,0,0x00000,0x20,,0x00,00,,0x00000,,*05
$GPNVS,7,230120,010826,A,12,0x00,0,0,0,393176,+4.32,-4.11*50
$GPNVS,9,+9999999.9989,+1.87481,+9999999.949,15,+0.000,+0.39,,+36.12,50.0,99.0,*6E
$GPNVS,10,1,0,0,+0,+0,2,100,0.5,3,2,30,1,+0,1.0,20,+6,1,2,8000*57
$GPNVS,1,230121,010826,A,N,0,N,0x00000,0x20,0x00,1,N*17
$GPNVS,2,230121,010826,0.00,0.00,0.00,0.00,0.00,0.00,0.00,0.00,*60
$GPNVS,3,230121,010826,+0.38,,,+4.32,-4.11,,,,1,+36.12,*6A
$GPNVS,4,230121,010826,0.00,0.00,,,,,,,*66
$GPNVS,5,230121,010826,5C9,0,0,+36.12,00000,00000,*2B
$GPNVS,6,0,A,0,0x00000,0x20,,0x00,00,,0x00000,,*05
$GPNVS,7,230121,010826,A,12,0x00,0,-1,0,393176,+4.32,-4.11*7D
$GPNVS,9,+10000000.000,+1.87481,+10000000.05,15,+0.000,+0.39,,+36.12,50.0,99.0,*6E
$GPNVS,10,1,0,0,-5,+0,2,100,0.5,3,2,30,1,+0,1.0,20,+6,1,2,8000*54
$GPNVS,1,230122,010826,A,N,0,N,0x00000,0x20,0x00,1,N*14
$GPNVS,2,230122,010826,0.00,0.00,0.00,0.00,0.00,0.00,0.00,0.00,*63
$GPNVS,3,230122,010826,+0.38,,,+4.32,-4.11,,,,1,+35.80,*61
$GPNVS,4,230122,010826,0.00,0.00,,,,,,,*65
$GPNVS,5,230122,010826,5C9,0,0,+35.80,00000,00000,*20
$GPNVS,6,0,A,0,0x00000,0x20,,0x00,00,,0x00000,,*05
$GPNVS,7,230122,010826,A,12,0x00,0,0,-1,393175,+4.32,-4.11*7D
$GPNVS,9,+9999999.9989,+1.87480,+9999999.949,15,+0.000,+0.39,,+35.80,50.0,99.0,*67
$GPNVS,10,1,0,0,+0,+0,2,100,0.5,3,2,30,1,-1,1.0,20,-14,1,2,8000*65
$GPNVS,99,,,*5C
$GPNVS,1,230123,010826,A,N,0,N,0x00000,0x20,0x00,1,N*15
$GPNVS,2,230123,010826,0.00,0.00,0.00,0.00,0.00,0.00,0.00,0.00,*62
$GPNVS,3,230123,010826,+0.38,,,+4.32,-4.11,,,,1,+36.12,*68
$GPNVS,4,230123,010826,0.00,0.00,,,,,,,*64
$GPNVS,5,230123,010826,5C9,0,0,+36.12,00000,00000,*29
$GPNVS,6,0,A,0,0x00000,0x20,,0x00,00,,0x00000,,*05
$GPNVS,7,230123,010826,A,12,0x00,0,-1,0,393175,+4.32,-4.11*7C
$GPNVS,9,+10000000.000,+1.87480,+10000000.05,15,+0.000,+0.39,,+36.12,50.0,99.0,*6F
$GPNVS,10,1,0,0,-5,+0,2,100,0.5,3,2,30,1,+0,1.0,20,-14,1,2,8000*61
$GPNVS,1,230124,010826,A,N,0,N,0x00000,0x20,0x00,1,N*12
$GPNVS,2,230124,010826,0.00,0.00,0.00,0.00,0.00,0.00,0.00,0.00,*65
$GPNVS,3,230124,010826,+0.38,,,+4.32,-4.09,,,,1,+36.12,*66
$GPNVS,4,230124,010826,0.00,0.00,,,,,,,*63
$GPNVS,5,230124,010826,5C9,0,0,+36.12,00000,00000,*2E
$GPNVS,6,0,A,0,0x00000,0x20,,0x00,00,,0x00000,,*05
$GPNVS,7,230124,010826,A,12,0x00,0,0,0,393175,+4.32,-4.10*56
$GPNVS,9,+9999999.9989,+1.87480,+9999999.949,15,+0.000,+0.39,,+36.12,50.0,99.0,*6F
$GPNVS,10,1,0,0,+0,+0,2,100,0.5,3,2,30,1,+0,1.0,20,-14,1,2,8000*62
$GPNVS,1,230125,010826,A,N,0,N,0x00000,0x20,0x00,1,N*13
$GPNVS,2,230125,010826,0.00,0.00,0.00,0.00,0.00,0.00,0.00,0.00,*64
$GPNVS,3,230125,010826,+0.38,,,+4.32,-4.09,,,,1,+35.80,*6F
$GPNVS,4,230125,010826,0.00,0.00,,,,,,,*62
$GPNVS,5,230125,010826,5C9,0,0,+35.80,00000,00000,*27
$GPNVS,6,0,A,0,0x00000,0x20,,0x00,00,,0x00000,,*05
$GPNVS,7,230125,010826,A,12,0x00,0,-1,0,393175,+4.32,-4.10*7B
$GPNVS,9,+10000000.000,+1.87480,+10000000.05,15,+0.000,+0.39,,+35.80,50.0,99.0,*67
$GPNVS,10,1,0,0,-5,+0,2,100,0.5,3,2,30,1,+0,1.0,20,-14,1,2,8000*61
$GPNVS,1,230126,010826,A,N,0,N,0x00000,0x20,0x00,1,N*10
$GPNVS,2,230126,010826,0.00,0.00,0.00,0.00,0.00,0.00,0.00,0.00,*67
$GPNVS,3,230126,010826,+0.38,,,+4.32,-4.09,,,,1,+36.12,*64
$GPNVS,4,230126,010826,0.00,0.00,,,,,,,*61
$GPNVS,5,230126,010826,5C9,0,0,+36.12,00000,00000,*2C
$GPNVS,6,0,A,0,0x00000,0x20,,0x00,00,,0x00000,,*05
$GPNVS,7,230126,010826,A,12,0x00,0,-1,0,393175,+4.32,-4.10*78
$GPNVS,9,+10000000.000,+1.87480,+10000000.00,15,+0.000,+0.39,,+36.12,50.0,99.0,*6A
$GPNVS,10,1,0,0,-5,-5,2,100,0.5,3,2,30,1,+0,1.0,20,-14,1,2,8000*62
$GPNVS,1,230127,010826,A,N,0,N,0x00000,0x20,0x00,1,N*11
$GPNVS,2,230127,010826,0.00,0.00,0.00,0.00,0.00,0.00,0.00,0.00,*66
$GPNVS,3,230127,010826,+0.38,,,+4.32,-4.11,,,,1,+35.80,*64
$GPNVS,4,230127,010826,0.00,0.00,,,,,,,*60
$GPNVS,5,230127,010826,5C9,0,0,+35.80,00000,00000,*25
$GPNVS,6,0,A,0,0x00000,0x20,,0x00,00,,0x00000,,*05
$GPNVS,7,230127,010826,A,12,0x00,0,-1,0,393175,+4.32,-4.11*78
$GPNVS,9,+10000000.000,+1.87480,+10000000.00,15,+0.000,+0.39,,+35.80,50.0,99.0,*62
$GPNVS,10,1,0,0,-5,-5,2,100,0.5,3,2,30,1,+0,1.0,20,-14,1,2,8000*62
$GPNVS,1,230128,010826,A,N,0,N,0x00000,0x20,0x00,1,N*1E
$GPNVS,2,230128,010826,0.00,0.00,0.00,0.00,0.00,0.00,0.00,0.00,*69
$GPNVS,3,230128,010826,+0.38,,,+4.32,-4.11,,,,1,+36.12,*63
$GPNVS,4,230128,010826,0.00,0.00,,,,,,,*6F
$GPNVS,5,230128,010826,5C9,0,0,+36.12,00000,00000,*22
$GPNVS,6,0,A,0,0x00000,0x20,,0x00,00,,0x00000,,*05
$GPNVS,7,230128,010826,A,12,0x00,0,-1,0,393175,+4.32,-4.11*77
$GPNVS,9,+10000000.000,+1.87480,+10000000.00,15,+0.000,+0.39,,+36.12,50.0,99.0,*6A
$GPNVS,10,1,0,0,-5,-5,2,100,0.5,3,2,30,1,+0,1.0,20,-14,1,2,8000*62
$GPNVS,1,230129,010826,A,N,0,N,0x00000,0x20,0x00,1,N*1F
$GPNVS,2,230129,010826,0.00,0.00,0.00,0.00,0.00,0.00,0.00,0.00,*68
$GPNVS,3,230129,010826,+0.38,,,+4.32,-4.09,,,,1,+36.12,*6B
$GPNVS,4,230129,010826,0.00,0.00,,,,,,,*6E
$GPNVS,5,230129,010826,5C9,0,0,+36.12,00000,00000,*23
$GPNVS,6,0,A,0,0x00000,0x20,,0x00,00,,0x00000,,*05
$GPNVS,7,230129,010826,A,12,0x00,0,0,0,393175,+4.32,-4.10*5B
$GPNVS,9,+9999999.9989,+1.87480,+9999999.949,15,+0.000,+0.39,,+36.12,50.0,99.0,*6F
$GPNVS,10,1,0,0,+0,+0,2,100,0.5,3,2,30,1,+0,1.0,20,-14,1,2,8000*62
$GPNVS,1,230130,010826,A,N,0,N,0x00000,0x20,0x00,1,N*17
$GPNVS,2,230130,010826,0.00,0.00,0.00,0.00,0.00,0.00,0.00,0.00,*60
$GPNVS,3,230130,010826,+0.38,,,+4.32,-4.09,,,,1,+36.12,*63
$GPNVS,4,230130,010826,0.00,0.00,,,,,,,*66
$GPNVS,5,230130,010826,5C9,0,0,+36.12,00000,00000,*2B
$GPNVS,6,0,A,0,0x00000,0x20,,0x00,00,,0x00000,,*05
$GPNVS,7,230130,010826,A,12,0x00,0,-1,0,393175,+4.32,-4.10*7F
$GPNVS,9,+10000000.000,+1.87480,+10000000.05,15,+0.000,+0.39,,+36.12,50.0,99.0,*6F
$GPNVS,10,1,0,0,-5,+0,2,100,0.5,3,2,30,1,+0,1.0,20,-14,1,2,8000*61
$GPNVS,1,230131,010826,A,N,0,N,0x00000,0x20,0x00,1,N*16
$GPNVS,2,230131,010826,0.00,0.00,0.00,0.00,0.00,0.00,0.00,0.00,*61
$GPNVS,3,230131,010826,+0.38,,,+4.32,-4.11,,,,1,+36.12,*6B
$GPNVS,4,230131,010826,0.00,0.00,,,,,,,*67
$GPNVS,5,230131,010826,5C9,0,0,+36.12,00000,00000,*2A
$GPNVS,6,0,A,0,0x00000,0x20,,0x00,00,,0x00000,,*05
$GPNVS,7,230131,010826,A,12,0x00,0,-1,0,393175,+4.32,-4.11*7F
$GPNVS,9,+10000000.000,+1.87480,+10000000.00,15,+0.000,+0.39,,+36.12,50.0,99.0,*6A
$GPNVS,10,1,0,0,-5,-5,2,100,0.5,3,2,30,1,+0,1.0,20,-14,1,2,8000*62
$GPNVS,1,230132,010826,A,N,0,N,0x00000,0x20,0x00,1,N*15
$GPNVS,2,230132,010826,0.00,0.00,0.00,0.00,0.00,0.00,0.00,0.00,*62
$GPNVS,3,230132,010826,+0.38,,,+4.32,-4.09,,,,1,+35.80,*69
$GPNVS,4,230132,010826,0.00,0.00,,,,,,,*64
$GPNVS,5,230132,010826,5C9,0,0,+35.80,00000,00000,*21
$GPNVS,6,0,A,0,0x00000,0x20,,0x00,00,,0x00000,,*05
$GPNVS,7,230132,010826,A,12,0x00,0,-1,0,393175,+4.32,-4.10*7D
$GPNVS,9,+10000000.000,+1.87480,+10000000.00,15,+0.000,+0.39,,+35.80,50.0,99.0,*62
$GPNVS,10,1,0,0,-5,-5,2,100,0.5,3,2,30,1,+0,1.0,20,-14,1,2,8000*62
$GPNVS,1,230133,010826,A,N,0,N,0x00000,0x20,0x00,1,N*14
$GPNVS,2,230133,010826,0.00,0.00,0.00,0.00,0.00,0.00,0.00,0.00,*63
$GPNVS,3,230133,010826,+0.38,,,+4.32,-4.11,,,,1,+36.12,*69
$GPNVS,4,230133,010826,0.00,0.00,,,,,,,*65
$GPNVS,5,230133,010826,5C9,0,0,+36.12,00000,00000,*28
$GPNVS,6,0,A,0,0x00000,0x20,,0x00,00,,0x00000,,*05
$GPNVS,7,230133,010826,A,12,0x00,0,-1,0,393175,+4.32,-4.11*7D
$GPNVS,9,+10000000.001,+1.87480,+10000000.00,15,+0.000,+0.39,,+36.12,50.0,99.0,*6B
$GPNVS,10,1,0,0,-5,-5,2,100,0.5,3,2,30,1,+0,1.0,20,+2,1,2,8000*53
$GPNVS,1,230134,010826,A,N,0,N,0x00000,0x20,0x00,1,N*13
$GPNVS,2,230134,010826,0.00,0.00,0.00,0.00,0.00,0.00,0.00,0.00,*64
$GPNVS,3,230134,010826,+0.38,,,+4.32,-4.11,,,,1,+36.12,*6E
$GPNVS,4,230134,010826,0.00,0.00,,,,,,,*62
$GPNVS,5,230134,010826,5C9,0,0,+36.12,00000,00000,*2F
$GPNVS,6,0,A,0,0x00000,0x20,,0x00,00,,0x00000,,*05
$GPNVS,7,230134,010826,A,12,0x00,0,0,0,393175,+4.32,-4.11*56
$GPNVS,9,+9999999.9989,+1.87480,+9999999.949,15,+0.000,+0.39,,+36.12,50.0,99.0,*6F
$GPNVS,10,1,0,0,+0,+0,2,100,0.5,3,2,30,1,+0,1.0,20,+2,1,2,8000*53
$GPNVS,1,230135,010826,A,N,0,N,0x00000,0x20,0x00,1,N*12
$GPNVS,2,230135,010826,0.00,0.00,0.00,0.00,0.00,0.00,0.00,0.00,*65
$GPNVS,3,230135,010826,+0.38,,,+4.32,-4.11,,,,1,+35.80,*67
$GPNVS,4,230135,010826,0.00,0.00,,,,,,,*63
$GPNVS,5,230135,010826,5C9,0,0,+35.80,00000,00000,*26
$GPNVS,6,0,A,0,0x00000,0x20,,0x00,00,,0x00000,,*05
$GPNVS,7,230135,010826,A,12,0x00,0,-1,0,393175,+4.32,-4.11*7B
$GPNVS,9,+10000000.000,+1.87480,+10000000.05,15,+0.000,+0.39,,+35.80,50.0,99.0,*67
$GPNVS,10,1,0,0,-5,+0,2,100,0.5,3,2,30,1,+0,1.0,20,+2,1,2,8000*50
$GPNVS,1,230136,010826,A,N,0,N,0x00000,0x20,0x00,1,N*11
$GPNVS,2,230136,010826,0.00,0.00,0.00,0.00,0.00,0.00,0.00,0.00,*66
$GPNVS,3,230136,010826,+0.38,,,+4.32,-4.09,,,,1,+35.80,*6D
$GPNVS,4,230136,010826,0.00,0.00,,,,,,,*60
$GPNVS,5,230136,010826,5C9,0,0,+35.80,00000,00000,*25
$GPNVS,6,0,A,0,0x00000,0x20,,0x00,00,,0x00000,,*05
$GPNVS,7,230136,010826,A,12,0x00,0,0,0,393175,+4.32,-4.10*55
$GPNVS,9,+9999999.9989,+1.87480,+9999999.949,15,+0.000,+0.39,,+35.80,50.0,99.0,*67
$GPNVS,10,1,0,0,+0,+0,2,100,0.5,3,2,30,1,+0,1.0,20,+2,1,2,8000*53
$GPNVS,1,230137,010826,A,N,0,N,0x00000,0x20,0x00,1,N*10
$GPNVS,2,230137,010826,0.00,0.00,0.00,0.00,0.00,0.00,0.00,0.00,*67
$GPNVS,3,230137,010826,+0.38,,,+4.32,-4.09,,,,1,+35.80,*6C
$GPNVS,4,230137,010826,0.00,0.00,,,,,,,*61
$GPNVS,5,230137,010826,5C9,0,0,+35.80,00000,00000,*24
$GPNVS,6,0,A,0,0x00000,0x20,,0x00,00,,0x00000,,*05
$GPNVS,7,230137,010826,A,12,0x00,0,-1,0,393175,+4.32,-4.10*78
$GPNVS,9,+10000000.000,+1.87480,+10000000.05,15,+0.000,+0.39,,+35.80,50.0,99.0,*67
$GPNVS,10,1,0,0,-5,+0,2,100,0.5,3,2,30,1,+0,1.0,20,+2,1,2,8000*50
$GPNVS,99,,,*5C
$GPNVS,1,230138,010826,A,N,0,N,0x00000,0x20,0x00,1,N*1F
$GPNVS,2,230138,010826,0.00,0.00,0.00,0.00,0.00,0.00,0.00,0.00,*68
$GPNVS,3,230138,010826,+0.38,,,+4.32,-4.09,,,,1,+35.80,*63
$GPNVS,4,230138,010826,0.00,0.00,,,,,,,*6E
$GPNVS,5,230138,010826,5C9,0,0,+35.80,00000,00000,*2B
$GPNVS,6,0,A,0,0x00000,0x20,,0x00,00,,0x00000,,*05
$GPNVS,7,230138,010826,A,12,0x00,0,0,0,393175,+4.32,-4.10*5B
$GPNVS,9,+10000000.000,+1.87480,+9999999.949,15,+0.000,+0.39,,+35.80,50.0,99.0,*6E
$GPNVS,10,1,0,0,+0,+0,2,100,0.5,3,2,30,1,+0,1.0,20,+2,1,2,8000*53
$GPNVS,1,230139,010826,A,N,0,N,0x00000,0x20,0x00,1,N*1E
$GPNVS,2,230139,010826,0.00,0.00,0.00,0.00,0.00,0.00,0.00,0.00,*69
$GPNVS,3,230139,010826,+0.38,,,+4.32,-4.09,,,,1,+35.80,*62
$GPNVS,4,230139,010826,0.00,0.00,,,,,,,*6F
$GPNVS,5,230139,010826,5C9,0,0,+35.80,00000,00000,*2A
$GPNVS,6,0,A,0,0x00000,0x20,,0x00,00,,0x00000,,*05
$GPNVS,7,230139,010826,A,12,0x00,0,0,0,393175,+4.32,-4.10*5A
$GPNVS,9,+9999999.9989,+1.87480,+10000000.00,15,+0.000,+0.39,,+35.80,50.0,99.0,*6B
$GPNVS,10,1,0,0,+0,+0,2,100,0.5,3,2,30,1,+1,1.0,20,+2,1,2,8000*52
$GPNVS,1,230140,010826,A,N,0,N,0x00000,0x20,0x00,1,N*10
$GPNVS,2,230140,010826,0.00,0.00,0.00,0.00,0.00,0.00,0.00,0.00,*67
$GPNVS,3,230140,010826,+0.38,,,+4.32,-4.09,,,,1,+35.80,*6C
$GPNVS,4,230140,010826,0.00,0.00,,,,,,,*61
$GPNVS,5,230140,010826,5C9,0,0,+35.80,00000,00000,*24
$GPNVS,6,0,A,0,0x00000,0x20,,0x00,00,,0x00000,,*05
$GPNVS,7,230140,010826,A,12,0x00,0,0,1,393176,+4.32,-4.10*56
$GPNVS,9,+10000000.000,+1.87481,+10000000.00,15,+0.000,+0.39,,+35.80,50.0,99.0,*63
$GPNVS,10,1,0,0,+0,+0,2,100,0.5,3,2,30,1,+1,1.0,20,+2,1,2,8000*52
$GPNVS,1,230141,010826,A,N,0,N,0x00000,0x20,0x00,1,N*11
$GPNVS,2,230141,010826,0.00,0.00,0.00,0.00,0.00,0.00,0.00,0.00,*66
$GPNVS,3,230141,010826,+0.38,,,+4.32,-4.11,,,,1,+36.12,*6C
$GPNVS,4,230141,010826,0.00,0.00,,,,,,,*60
$GPNVS,5,230141,010826,5C9,0,0,+36.12,00000,00000,*2D
$GPNVS,6,0,A,0,0x00000,0x20,,0x00,00,,0x00000,,*05
$GPNVS,7,230141,010826,A,12,0x00,0,0,0,393176,+4.32,-4.11*57
$GPNVS,9,+9999999.9989,+1.87481,+10000000.00,15,+0.000,+0.39,,+36.12,50.0,99.0,*62
$GPNVS,10,1,0,0,+0,+0,2,100,0.5,3,2,30,1,+1,1.0,20,+2,1,2,8000*52
$GPNVS,1,230142,010826,A,N,0,N,0x00000,0x20,0x00,1,N*12
$GPNVS,2,230142,010826,0.00,0.00,0.00,0.00,0.00,0.00,0.00,0.00,*65
$GPNVS,3,230142,010826,+0.38,,,+4.32,-4.09,,,,1,+36.12,*66
$GPNVS,4,230142,010826,0.00,0.00,,,,,,,*63
$GPNVS,5,230142,010826,5C9,0,0,+36.12,00000,00000,*2E
$GPNVS,6,0,A,0,0x00000,0x20,,0x00,00,,0x00000,,*05
$GPNVS,7,230142,010826,A,12,0x00,0,-1,0,393176,+4.32,-4.10*79
$GPNVS,9,+10000000.001,+1.87481,+10000000.05,15,+0.000,+0.39,,+36.12,50.0,99.0,*6F
$GPNVS,10,1,0,0,-5,+0,2,100,0.5,3,2,30,1,+1,1.0,20,+2,1,2,8000*51
$GPNVS,1,230143,010826,A,N,0,N,0x00000,0x20,0x00,1,N*13
$GPNVS,2,230143,010826,0.00,0.00,0.00,0.00,0.00,0.00,0.00,0.00,*64
$GPNVS,3,230143,010826,+0.38,,,+4.32,-4.09,,,,1,+36.12,*67
$GPNVS,4,230143,010826,0.00,0.00,,,,,,,*62
$GPNVS,5,230143,010826,5C9,0,0,+36.12,00000,00000,*2F
$GPNVS,6,0,A,0,0x00000,0x20,,0x00,00,,0x00000,,*05
$GPNVS,7,230143,010826,A,12,0x00,0,0,1,393177,+4.32,-4.10*54
$GPNVS,9,+9999999.9989,+1.87481,+9999999.949,15,+0.000,+0.39,,+36.12,50.0,99.0,*6E
$GPNVS,10,1,0,0,+0,+0,2,100,0.5,3,2,30,1,+1,1.0,20,+2,1,2,8000*52
$GPNVS,1,230144,010826,A,N,0,N,0x00000,0x20,0x00,1,N*14
$GPNVS,2,230144,010826,0.00,0.00,0.00,0.00,0.00,0.00,0.00,0.00,*63
$GPNVS,3,230144,010826,+0.38,,,+4.32,-4.11,,,,1,+36.12,*69
$GPNVS,4,230144,010826,0.00,0.00,,,,,,,*65
$GPNVS,5,230144,010826,5C9,0,0,+36.12,00000,00000,*28
$GPNVS,6,0,A,0,0x00000,0x20,,0x00,00,,0x00000,,*05
$GPNVS,7,230144,010826,A,12,0x00,0,0,0,393177,+4.32,-4.11*53
$GPNVS,9,+10000000.000,+1.87481,+10000000.00,15,+0.000,+0.39,,+36.12,50.0,99.0,*6B
$GPNVS,10,1,0,0,+0,+0,2,100,0.5,3,2,30,1,+1,1.0,20,-18,1,2,8000*6F
$GPNVS,1,230145,010826,A,N,0,N,0x00000,0x20,0x00,1,N*15
$GPNVS,2,230145,010826,0.00,0.00,0.00,0.00,0.00,0.00,0.00,0.00,*62
$GPNVS,3,230145,010826,+0.38,,,+4.32,-4.11,,,,1,+36.12,*68
$GPNVS,4,230145,010826,0.00,0.00,,,,,,,*64
$GPNVS,5,230145,010826,5C9,0,0,+36.12,00000,00000,*29
$GPNVS,6,0,A,0,0x00000,0x20,,0x00,00,,0x00000,,*05
$GPNVS,7,230145,010826,A,12,0x00,0,-1,0,393177,+4.32,-4.11*7E
$GPNVS,9,+10000000.001,+1.87481,+10000000.05,15,+0.000,+0.39,,+36.12,50.0,99.0,*6F
$GPNVS,10,1,0,0,-5,+0,2,100,0.5,3,2,30,1,+1,1.0,20,-18,1,2,8000*6C
$GPNVS,1,230146,010826,A,N,0,N,0x00000,0x20,0x00,1,N*16
$GPNVS,2,230146,010826,0.00,0.00,0.00,0.00,0.00,0.00,0.00,0.00,*61
$GPNVS,3,230146,010826,+0.38,,,+4.32,-4.11,,,,1,+36.12,*6B
$GPNVS,4,230146,010826,0.00,0.00,,,,,,,*67
$GPNVS,5,230146,010826,5C9,0,0,+36.12,00000,00000,*2A
$GPNVS,6,0,A,0,0x00000,0x20,,0x00,00,,0x00000,,*05
$GPNVS,7,230146,010826,A,12,0x00,0,0,1,393178,+4.32,-4.11*5F
$GPNVS,9,+10000000.000,+1.87482,+9999999.949,15,+0.000,+0.39,,+36.12,50.0,99.0,*64
$GPNVS,10,1,0,0,+0,+0,2,100,0.5,3,2,30,1,+1,1.0,20,-18,1,2,8000*6F
$GPNVS,1,230147,010826,A,N,0,N,0x00000,0x20,0x00,1,N*17
$GPNVS,2,230147,010826,0.00,0.00,0.00,0.00,0.00,0.00,0.00,0.00,*60
$GPNVS,3,230147,010826,+0.38,,,+4.32,-4.09,,,,1,+36.12,*63
$GPNVS,4,230147,010826,0.00,0.00,,,,,,,*66
$GPNVS,5,230147,010826,5C9,0,0,+36.12,00000,00000,*2B
$GPNVS,6,0,A,0,0x00000,0x20,,0x00,00,,0x00000,,*05
$GPNVS,7,230147,010826,A,12,0x00,0,-1,0,393178,+4.32,-4.10*72
$GPNVS,9,+10000000.000,+1.87482,+10000000.05,15,+0.000,+0.39,,+36.12,50.0,99.0,*6D
$GPNVS,10,1,0,0,-5,+0,2,100,0.5,3,2,30,1,+1,1.0,20,-18,1,2,8000*6C
$GPNVS,1,230148,010826,A,N,0,N,0x00000,0x20,0x00,1,N*18
$GPNVS,2,230148,010826,0.00,0.00,0.00,0.00,0.00,0.00,0.00,0.00,*6F
$GPNVS,3,230148,010826,+0.38,,,+4.32,-4.11,,,,1,+35.80,*6D
$GPNVS,4,230148,010826,0.00,0.00,,,,,,,*69
$GPNVS,5,230148,010826,5C9,0,0,+35.80,00000,00000,*2C
$GPNVS,6,0,A,0,0x00000,0x20,,0x00,00,,0x00000,,*05
$GPNVS,7,230148,010826,A,12,0x00,0,-1,0,393178,+4.32,-4.11*7C
$GPNVS,9,+10000000.001,+1.87482,+10000000.00,15,+0.000,+0.39,,+35.80,50.0,99.0,*61
$GPNVS,10,1,0,0,-5,-5,2,100,0.5,3,2,30,1,+0,1.0,20,-18,1,2,8000*6E
$GPNVS,1,230149,010826,A,N,0,N,0x00000,0x20,0x00,1,N*19
$GPNVS,2,230149,010826,0.00,0.00,0.00,0.00,0.00,0.00,0.00,0.00,*6E
$GPNVS,3,230149,010826,+0.38,,,+4.32,-4.11,,,,1,+36.12,*64
$GPNVS,4,230149,010826,0.00,0.00,,,,,,,*68
$GPNVS,5,230149,010826,5C9,0,0,+36.12,00000,00000,*25
$GPNVS,6,0,A,0,0x00000,0x20,,0x00,00,,0x00000,,*05
$GPNVS,7,230149,010826,A,12,0x00,0,-1,0,393178,+4.32,-4.11*7D
$GPNVS,9,+10000000.001,+1.87482,+10000000.00,15,+0.000,+0.39,,+36.12,50.0,99.0,*69
$GPNVS,10,1,0,0,-5,-5,2,100,0.5,3,2,30,1,+0,1.0,20,-18,1,2,8000*6E
$GPNVS,1,230150,010826,A,N,0,N,0x00000,0x20,0x00,1,N*11
$GPNVS,2,230150,010826,0.00,0.00,0.00,0.00,0.00,0.00,0.00,0.00,*66
$GPNVS,3,230150,010826,+0.38,,,+4.32,-4.09,,,,1,+35.80,*6D
$GPNVS,4,230150,010826,0.00,0.00,,,,,,,*60
$GPNVS,5,230150,010826,5C9,0,0,+35.80,00000,00000,*25
$GPNVS,6,0,A,0,0x00000,0x20,,0x00,00,,0x00000,,*05
$GPNVS,7,230150,010826,A,12,0x00,0,-1,0,393178,+4.32,-4.10*74
$GPNVS,9,+10000000.000,+1.87482,+10000000.00,15,+0.000,+0.39,,+35.80,50.0,99.0,*60
$GPNVS,10,1,0,0,-5,-5,2,100,0.5,3,2,30,1,+0,1.0,20,-18,1,2,8000*6E
$GPNVS,1,230151,010826,A,N,0,N,0x00000,0x20,0x00,1,N*10
$GPNVS,2,230151,010826,0.00,0.00,0.00,0.00,0.00,0.00,0.00,0.00,*67
$GPNVS,3,230151,010826,+0.38,,,+4.32,-4.11,,,,1,+36.12,*6D
$GPNVS,4,230151,010826,0.00,0.00,,,,,,,*61
$GPNVS,5,230151,010826,5C9,0,0,+36.12,00000,00000,*2C
$GPNVS,6,0,A,0,0x00000,0x20,,0x00,00,,0x00000,,*05
$GPNVS,7,230151,010826,A,12,0x00,0,-1,0,393178,+4.32,-4.11*74
$GPNVS,9,+10000000.001,+1.87482,+10000000.00,15,+0.000,+0.39,,+36.12,50.0,99.0,*69
$GPNVS,10,1,0,0,-5,-5,2,100,0.5,3,2,30,1,+0,1.0,20,-18,1,2,8000*6E
$GPNVS,1,230152,010826,A,N,0,N,0x00000,0x20,0x00,1,N*13
$GPNVS,2,230152,010826,0.00,0.00,0.00,0.00,0.00,0.00,0.00,0.00,*64
$GPNVS,3,230152,010826,+0.38,,,+4.32,-4.09,,,,1,+36.12,*67
$GPNVS,4,230152,010826,0.00,0.00,,,,,,,*62
$GPNVS,5,230152,010826,5C9,0,0,+36.12,00000,00000,*2F
$GPNVS,6,0,A,0,0x00000,0x20,,0x00,00,,0x00000,,*05
$GPNVS,7,230152,010826,A,12,0x00,0,-1,-1,393177,+4.32,-4.10*55
$GPNVS,9,+10000000.000,+1.87481,+10000000.00,15,+0.000,+0.39,,+36.12,50.0,99.0,*6B
$GPNVS,10,1,0,0,-5,-5,2,100,0.5,3,2,30,1,-1,1.0,20,-18,1,2,8000*69
$GPNVS,99,,,*5C
$GPNVS,1,230153,010826,A,N,0,N,0x00000,0x20,0x00,1,N*12
$GPNVS,2,230153,010826,0.00,0.00,0.00,0.00,0.00,0.00,0.00,0.00,*65
$GPNVS,3,230153,010826,+0.38,,,+4.32,-4.11,,,,1,+36.12,*6F
$GPNVS,4,230153,010826,0.00,0.00,,,,,,,*63
$GPNVS,5,230153,010826,5C9,0,0,+36.12,00000,00000,*2E
$GPNVS,6,0,A,0,0x00000,0x20,,0x00,00,,0x00000,,*05
$GPNVS,7,230153,010826,A,12,0x00,0,-1,0,393177,+4.32,-4.11*79
$GPNVS,9,+10000000.001,+1.87481,+10000000.00,15,+0.000,+0.39,,+36.12,50.0,99.0,*6A
$GPNVS,10,1,0,0,-5,-5,2,100,0.5,3,2,30,1,-1,1.0,20,-18,1,2,8000*69
$GPNVS,1,230154,010826,A,N,0,N,0x00000,0x20,0x00,1,N*15
$GPNVS,2,230154,010826,0.00,0.00,0.00,0.00,0.00,0.00,0.00,0.00,*62
$GPNVS,3,230154,010826,+0.38,,,+4.32,-4.09,,,,1,+36.12,*61
$GPNVS,4,230154,010826,0.00,0.00,,,,,,,*64
$GPNVS,5,230154,010826,5C9,0,0,+36.12,00000,00000,*29
$GPNVS,6,0,A,0,0x00000,0x20,,0x00,00,,0x00000,,*05
$GPNVS,7,230154,010826,A,12,0x00,0,-1,0,393177,+4.32,-4.10*7F
$GPNVS,9,+10000000.000,+1.87481,+10000000.00,15,+0.000,+0.39,,+36.12,50.0,99.0,*6B
$GPNVS,10,1,0,0,-5,-5,2,100,0.5,3,2,30,1,-1,1.0,20,+18,1,2,8000*6F
$GPNVS,1,230155,010826,A,N,0,N,0x00000,0x20,0x00,1,N*14
$GPNVS,2,230155,010826,0.00,0.00,0.00,0.00,0.00,0.00,0.00,0.00,*63
$GPNVS,3,230155,010826,+0.38,,,+4.32,-4.09,,,,1,+36.12,*60
$GPNVS,4,230155,010826,0.00,0.00,,,,,,,*65
$GPNVS,5,230155,010826,5C9,0,0,+36.12,00000,00000,*28
$GPNVS,6,0,A,0,0x00000,0x20,,0x00,00,,0x00000,,*05
$GPNVS,7,230155,010826,A,12,0x00,0,-1,-1,393176,+4.32,-4.10*53
$GPNVS,9,+10000000.000,+1.87481,+10000000.00,15,+0.000,+0.39,,+36.12,50.0,99.0,*6B
$GPNVS,10,1,0,0,-5,-5,2,100,0.5,3,2,30,1,-1,1.0,20,+18,1,2,8000*6F
$GPNVS,1,230156,010826,A,N,0,N,0x00000,0x20,0x00,1,N*17
$GPNVS,2,230156,010826,0.00,0.00,0.00,0.00,0.00,0.00,0.00,0.00,*60
$GPNVS,3,230156,010826,+0.38,,,+4.32,-4.11,,,,1,+36.12,*6A
$GPNVS,4,230156,010826,0.00,0.00,,,,,,,*66
$GPNVS,5,230156,010826,5C9,0,0,+36.12,00000,00000,*2B
$GPNVS,6,0,A,0,0x00000,0x20,,0x00,00,,0x00000,,*05
$GPNVS,7,230156,010826,A,12,0x00,0,-1,0,393176,+4.32,-4.11*7D
$GPNVS,9,+10000000.001,+1.87481,+10000000.00,15,+0.000,+0.39,,+36.12,50.0,99.0,*6A
$GPNVS,10,1,0,0,-5,-5,2,100,0.5,3,2,30,1,-1,1.0,20,+18,1,2,8000*6F
$GPNVS,1,230157,010826,A,N,0,N,0x00000,0x20,0x00,1,N*16
$GPNVS,2,230157,010826,0.00,0.00,0.00,0.00,0.00,0.00,0.00,0.00,*61
$GPNVS,3,230157,010826,+0.38,,,+4.32,-4.09,,,,1,+35.80,*6A
$GPNVS,4,230157,010826,0.00,0.00,,,,,,,*67
$GPNVS,5,230157,010826,5C9,0,0,+35.80,00000,00000,*22
$GPNVS,6,0,A,0,0x00000,0x20,,0x00,00,,0x00000,,*05
$GPNVS,7,230157,010826,A,12,0x00,0,-1,0,393176,+4.32,-4.10*7D
$GPNVS,9,+10000000.000,+1.87481,+10000000.00,15,+0.000,+0.39,,+35.80,50.0,99.0,*63
$GPNVS,10,1,0,0,-5,-5,2,100,0.5,3,2,30,1,-1,1.0,20,+18,1,2,8000*6F
$GPNVS,1,230158,010826,A,N,0,N,0x00000,0x20,0x00,1,N*19
$GPNVS,2,230158,010826,0.00,0.00,0.00,0.00,0.00,0.00,0.00,0.00,*6E
$GPNVS,3,230158,010826,+0.38,,,+4.32,-4.11,,,,1,+35.80,*6C
$GPNVS,4,230158,010826,0.00,0.00,,,,,,,*68
$GPNVS,5,230158,010826,5C9,0,0,+35.80,00000,00000,*2D
$GPNVS,6,0,A,0,0x00000,0x20,,0x00,00,,0x00000,,*05
$GPNVS,7,230158,010826,A,12,0x00,0,-1,-1,393175,+4.32,-4.11*5C
$GPNVS,9,+10000000.001,+1.87480,+10000000.00,15,+0.000,+0.39,,+35.80,50.0,99.0,*63
$GPNVS,10,1,0,0,-5,-5,2,100,0.5,3,2,30,1,-1,1.0,20,+18,1,2,8000*6F
$GPNVS,1,230159,010826,A,N,0,N,0x00000,0x20,0x00,1,N*18
$GPNVS,2,230159,010826,0.00,0.00,0.00,0.00,0.00,0.00,0.00,0.00,*6F
$GPNVS,3,230159,010826,+0.38,,,+4.32,-4.09,,,,1,+36.12,*6C
$GPNVS,4,230159,010826,0.00,0.00,,,,,,,*69
$GPNVS,5,230159,010826,5C9,0,0,+36.12,00000,00000,*24
$GPNVS,6,0,A,0,0x00000,0x20,,0x00,00,,0x00000,,*05
$GPNVS,7,230159,010826,A,12,0x00,0,-1,0,393175,+4.32,-4.10*70
$GPNVS,9,+10000000.001,+1.87480,+10000000.00,15,+0.000,+0.39,,+36.12,50.0,99.0,*6B
$GPNVS,10,1,0,0,-5,-5,2,100,0.5,3,2,30,1,-1,1.0,20,+18,1,2,8000*6F
$GPNVS,1,230200,010826,A,N,0,N,0x00000,0x20,0x00,1,N*17
$GPNVS,2,230200,010826,0.00,0.00,0.00,0.00,0.00,0.00,0.00,0.00,*60
$GPNVS,3,230200,010826,+0.38,,,+4.32,-4.09,,,,1,+35.80,*6B
$GPNVS,4,230200,010826,0.00,0.00,,,,,,,*66
$GPNVS,5,230200,010826,5C9,0,0,+35.80,00000,00000,*23
$GPNVS,6,0,A,0,0x00000,0x20,,0x00,00,,0x00000,,*05
$GPNVS,7,230200,010826,A,12,0x00,0,-1,0,393175,+4.32,-4.10*7F
$GPNVS,9,+10000000.000,+1.87480,+10000000.00,15,+0.000,+0.39,,+35.80,50.0,99.0,*62
$GPNVS,10,1,0,0,-5,-5,2,100,0.5,3,2,30,1,-1,1.0,20,+18,1,2,8000*6F
$GPNVS,1,230201,010826,A,N,0,N,0x00000,0x20,0x00,1,N*16
$GPNVS,2,230201,010826,0.00,0.00,0.00,0.00,0.00,0.00,0.00,0.00,*61
$GPNVS,3,230201,010826,+0.38,,,+4.32,-4.09,,,,1,+36.12,*62
$GPNVS,4,230201,010826,0.00,0.00,,,,,,,*67
$GPNVS,5,230201,010826,5C9,0,0,+36.12,00000,00000,*2A
$GPNVS,6,0,A,0,0x00000,0x20,,0x00,00,,0x00000,,*05
$GPNVS,7,230201,010826,A,12,0x00,0,0,0,393175,+4.32,-4.10*52
$GPNVS,9,+9999999.9989,+1.87480,+9999999.949,15,+0.000,+0.39,,+36.12,50.0,99.0,*6F
$GPNVS,10,1,0,0,+0,+0,2,100,0.5,3,2,30,1,+0,1.0,20,+18,1,2,8000*68
$GPNVS,1,230202,010826,A,N,0,N,0x00000,0x20,0x00,1,N*15
$GPNVS,2,230202,010826,0.00,0.00,0.00,0.00,0.00,0.00,0.00,0.00,*62
$GPNVS,3,230202,010826,+0.38,,,+4.32,-4.09,,,,1,+36.12,*61
$GPNVS,4,230202,010826,0.00,0.00,,,,,,,*64
$GPNVS,5,230202,010826,5C9,0,0,+36.12,00000,00000,*29
$GPNVS,6,0,A,0,0x00000,0x20,,0x00,00,,0x00000,,*05
$GPNVS,7,230202,010826,A,12,0x00,0,-1,0,393175,+4.32,-4.10*7D
$GPNVS,9,+10000000.000,+1.87480,+10000000.05,15,+0.000,+0.39,,+36.12,50.0,99.0,*6F
$GPNVS,10,1,0,0,-5,+0,2,100,0.5,3,2,30,1,+0,1.0,20,+18,1,2,8000*6B
$GPNVS,1,230203,010826,A,N,0,N,0x00000,0x20,0x00,1,N*14
$GPNVS,2,230203,010826,0.00,0.00,0.00,0.00,0.00,0.00,0.00,0.00,*63
$GPNVS,3,230203,010826,+0.38,,,+4.32,-4.11,,,,1,+35.80,*61
$GPNVS,4,230203,010826,0.00,0.00,,,,,,,*65
$GPNVS,5,230203,010826,5C9,0,0,+35.80,00000,00000,*20
$GPNVS,6,0,A,0,0x00000,0x20,,0x00,00,,0x00000,,*05
$GPNVS,7,230203,010826,A,12,0x00,0,0,0,393175,+4.32,-4.11*51
$GPNVS,9,+9999999.9989,+1.87480,+9999999.949,15,+0.000,+0.39,,+35.80,50.0,99.0,*67
$GPNVS,10,1,0,0,+0,+0,2,100,0.5,3,2,30,1,+0,1.0,20,+18,1,2,8000*68
$GPNVS,1,230204,010826,A,N,0,N,0x00000,0x20,0x00,1,N*13
$GPNVS,2,230204,010826,0.00,0.00,0.00,0.00,0.00,0.00,0.00,0.00,*64
$GPNVS,3,230204,010826,+0.38,,,+4.32,-4.11,,,,1,+36.12,*6E
$GPNVS,4,230204,010826,0.00,0.00,,,,,,,*62
$GPNVS,5,230204,010826,5C9,0,0,+36.12,00000,00000,*2F
$GPNVS,6,0,A,0,0x00000,0x20,,0x00,00,,0x00000,,*05
$GPNVS,7,230204,010826,A,12,0x00,0,-1,0,393175,+4.32,-4.11*7A
$GPNVS,9,+10000000.000,+1.87480,+10000000.05,15,+0.000,+0.39,,+36.12,50.0,99.0,*6F
$GPNVS,10,1,0,0,-5,+0,2,100,0.5,3,2,30,1,+0,1.0,20,+18,1,2,8000*6B
$GPNVS,1,230205,010826,A,N,0,N,0x00000,0x20,0x00,1,N*12
$GPNVS,2,230205,010826,0.00,0.00,0.00,0.00,0.00,0.00,0.00,0.00,*65
$GPNVS,3,230205,010826,+0.38,,,+4.32,-4.09,,,,1,+36.12,*66
$GPNVS,4,230205,010826,0.00,0.00,,,,,,,*63
$GPNVS,5,230205,010826,5C9,0,0,+36.12,00000,00000,*2E
$GPNVS,6,0,A,0,0x00000,0x20,,0x00,00,,0x00000,,*05
$GPNVS,7,230205,010826,A,12,0x00,0,-1,0,393175,+4.32,-4.10*7A
$GPNVS,9,+10000000.000,+1.87480,+10000000.00,15,+0.000,+0.39,,+36.12,50.0,99.0,*6A
$GPNVS,10,1,0,0,-5,-5,2,100,0.5,3,2,30,1,+0,1.0,20,-2,1,2,8000*55
$GPNVS,1,230206,010826,A,N,0,N,0x00000,0x20,0x00,1,N*11
$GPNVS,2,230206,010826,0.00,0.00,0.00,0.00,0.00,0.00,0.00,0.00,*66
$GPNVS,3,230206,010826,+0.38,,,+4.32,-4.09,,,,1,+36.12,*65
$GPNVS,4,230206,010826,0.00,0.00,,,,,,,*60
$GPNVS,5,230206,010826,5C9,0,0,+36.12,00000,00000,*2D
$GPNVS,6,0,A,0,0x00000,0x20,,0x00,00,,0x00000,,*05
$GPNVS,7,230206,010826,A,12,0x00,0,0,0,393175,+4.32,-4.10*55
$GPNVS,9,+9999999.9989,+1.87480,+9999999.949,15,+0.000,+0.39,,+36.12,50.0,99.0,*6F
$GPNVS,10,1,0,0,+0,+0,2,100,0.5,3,2,30,1,+0,1.0,20,-2,1,2,8000*55
$GPNVS,1,230207,010826,A,N,0,N,0x00000,0x20,0x00,1,N*10
$GPNVS,2,230207,010826,0.00,0.00,0.00,0.00,0.00,0.00,0.00,0.00,*67
$GPNVS,3,230207,010826,+0.38,,,+4.32,-4.09,,,,1,+35.80,*6C
$GPNVS,4,230207,010826,0.00,0.00,,,,,,,*61
$GPNVS,5,230207,010826,5C9,0,0,+35.80,00000,00000,*24
$GPNVS,6,0,A,0,0x00000,0x20,,0x00,00,,0x00000,,*05
$GPNVS,7,230207,010826,A,12,0x00,0,-1,0,393175,+4.32,-4.10*78
$GPNVS,9,+10000000.000,+1.87480,+10000000.05,15,+0.000,+0.39,,+35.80,50.0,99.0,*67
$GPNVS,10,1,0,0,-5,+0,2,100,0.5,3,2,30,1,+0,1.0,20,-2,1,2,8000*56
$GPNVS,99,,,*5C
$GPNVS,1,230208,010826,A,N,0,N,0x00000,0x20,0x00,1,N*1F
$GPNVS,2,230208,010826,0.00,0.00,0.00,0.00,0.00,0.00,0.00,0.00,*68
$GPNVS,3,230208,010826,+0.38,,,+4.32,-4.11,,,,1,+35.80,*6A
$GPNVS,4,230208,010826,0.00,0.00,,,,,,,*6E
$GPNVS,5,230208,010826,5C9,0,0,+35.80,00000,00000,*2B
$GPNVS,6,0,A,0,0x00000,0x20,,0x00,00,,0x00000,,*05
$GPNVS,7,230208,010826,A,12,0x00,0,0,0,393175,+4.32,-4.11*5A
$GPNVS,9,+9999999.9989,+1.87480,+9999999.949,15,+0.000,+0.39,,+35.80,50.0,99.0,*67
$GPNVS,10,1,0,0,+0,+0,2,100,0.5,3,2,30,1,+0,1.0,20,-2,1,2,8000*55
$GPNVS,1,230209,010826,A,N,0,N,0x00000,0x20,0x00,1,N*1E
$GPNVS,2,230209,010826,0.00,0.00,0.00,0.00,0.00,0.00,0.00,0.00,*69
$GPNVS,3,230209,010826,+0.38,,,+4.32,-4.11,,,,1,+35.80,*6B
$GPNVS,4,230209,010826,0.00,0.00,,,,,,,*6F
$GPNVS,5,230209,010826,5C9,0,0,+35.80,00000,00000,*2A
$GPNVS,6,0,A,0,0x00000,0x20,,0x00,00,,0x00000,,*05
$GPNVS,7,230209,010826,A,12,0x00,0,-1,0,393175,+4.32,-4.11*77
$GPNVS,9,+10000000.000,+1.87480,+10000000.05,15,+0.000,+0.39,,+35.80,50.0,99.0,*67
$GPNVS,10,1,0,0,-5,+0,2,100,0.5,3,2,30,1,+0,1.0,20,-2,1,2,8000*56
$GPNVS,1,230210,010826,A,N,0,N,0x00000,0x20,0x00,1,N*16
$GPNVS,2,230210,010826,0.00,0.00,0.00,0.00,0.00,0.00,0.00,0.00,*61
$GPNVS,3,230210,010826,+0.38,,,+4.32,-4.09,,,,1,+36.12,*62
$GPNVS,4,230210,010826,0.00,0.00,,,,,,,*67
$GPNVS,5,230210,010826,5C9,0,0,+36.12,00000,00000,*2A
$GPNVS,6,0,A,0,0x00000,0x20,,0x00,00,,0x00000,,*05
$GPNVS,7,230210,010826,A,12,0x00,0,0,0,393175,+4.32,-4.10*52
$GPNVS,9,+10000000.000,+1.87480,+9999999.949,15,+0.000,+0.39,,+36.12,50.0,99.0,*66
$GPNVS,10,1,0,0,+0,+0,2,100,0.5,3,2,30,1,+0,1.0,20,-2,1,2,8000*55
$GPNVS,1,230211,010826,A,N,0,N,0x00000,0x20,0x00,1,N*17
$GPNVS,2,230211,010826,0.00,0.00,0.00,0.00,0.00,0.00,0.00,0.00,*60
$GPNVS,3,230211,010826,+0.38,,,+4.32,-4.11,,,,1,+35.80,*62
$GPNVS,4,230211,010826,0.00,0.00,,,,,,,*66
$GPNVS,5,230211,010826,5C9,0,0,+35.80,00000,00000,*23
$GPNVS,6,0,A,0,0x00000,0x20,,0x00,00,,0x00000,,*05
$GPNVS,7,230211,010826,A,12,0x00,0,-1,0,393175,+4.32,-4.11*7E
$GPNVS,9,+10000000.000,+1.87480,+10000000.05,15,+0.000,+0.39,,+35.80,50.0,99.0,*67
$GPNVS,10,1,0,0,-5,+0,2,100,0.5,3,2,30,1,+0,1.0,20,-2,1,2,8000*56
$GPNVS,1,230212,010826,A,N,0,N,0x00000,0x20,0x00,1,N*14
$GPNVS,2,230212,010826,0.00,0.00,0.00,0.00,0.00,0.00,0.00,0.00,*63
$GPNVS,3,230212,010826,+0.38,,,+4.32,-4.11,,,,1,+36.12,*69
$GPNVS,4,230212,010826,0.00,0.00,,,,,,,*65
$GPNVS,5,230212,010826,5C9,0,0,+36.12,00000,00000,*28
$GPNVS,6,0,A,0,0x00000,0x20,,0x00,00,,0x00000,,*05
$GPNVS,7,230212,010826,A,12,0x00,0,0,0,393175,+4.32,-4.11*51
$GPNVS,9,+10000000.000,+1.87480,+9999999.949,15,+0.000,+0.39,,+36.12,50.0,99.0,*66
$GPNVS,10,1,0,0,+0,+0,2,100,0.5,3,2,30,1,+1,1.0,20,-2,1,2,8000*54
$GPNVS,1,230213,010826,A,N,0,N,0x00000,0x20,0x00,1,N*15
$GPNVS,2,230213,010826,0.00,0.00,0.00,0.00,0.00,0.00,0.00,0.00,*62
$GPNVS,3,230213,010826,+0.38,,,+4.32,-4.09,,,,1,+35.80,*69
$GPNVS,4,230213,010826,0.00,0.00,,,,,,,*64
$GPNVS,5,230213,010826,5C9,0,0,+35.80,00000,00000,*21
$GPNVS,6,0,A,0,0x00000,0x20,,0x00,00,,0x00000,,*05
$GPNVS,7,230213,010826,A,12,0x00,0,-1,0,393175,+4.32,-4.10*7D
$GPNVS,9,+10000000.000,+1.87480,+10000000.05,15,+0.000,+0.39,,+35.80,50.0,99.0,*67
$GPNVS,10,1,0,0,-5,+0,2,100,0.5,3,2,30,1,+0,1.0,20,-2,1,2,8000*56
$GPNVS,1,230214,010826,A,N,0,N,0x00000,0x20,0x00,1,N*12
$GPNVS,2,230214,010826,0.00,0.00,0.00,0.00,0.00,0.00,0.00,0.00,*65
$GPNVS,3,230214,010826,+0.38,,,+4.32,-4.11,,,,1,+36.12,*6F
$GPNVS,4,230214,010826,0.00,0.00,,,,,,,*63
$GPNVS,5,230214,010826,5C9,0,0,+36.12,00000,00000,*2E
$GPNVS,6,0,A,0,0x00000,0x20,,0x00,00,,0x00000,,*05
$GPNVS,7,230214,010826,A,12,0x00,0,0,0,393175,+4.32,-4.11*57
$GPNVS,9,+10000000.000,+1.87480,+9999999.949,15,+0.000,+0.39,,+36.12,50.0,99.0,*66
$GPNVS,10,1,0,0,+0,+0,2,100,0.5,3,2,30,1,+1,1.0,20,-2,1,2,8000*54
$GPNVS,1,230215,010826,A,N,0,N,0x00000,0x20,0x00,1,N*13
$GPNVS,2,230215,010826,0.00,0.00,0.00,0.00,0.00,0.00,0.00,0.00,*64
$GPNVS,3,230215,010826,+0.38,,,+4.32,-4.11,,,,1,+35.80,*66
$GPNVS,4,230215,010826,0.00,0.00,,,,,,,*62
$GPNVS,5,230215,010826,5C9,0,0,+35.80,00000,00000,*27
$GPNVS,6,0,A,0,0x00000,0x20,,0x00,00,,0x00000,,*05
$GPNVS,7,230215,010826,A,12,0x00,1,0,1,393176,+4.32,-4.11*55
$GPNVS,9,+9999999.9989,+1.87481,+10000000.00,15,+0.000,+0.39,,+35.80,50.0,99.0,*6A
$GPNVS,10,1,0,0,+0,+0,2,100,0.5,3,2,30,1,+1,1.0,20,-2,1,2,8000*54
$GPNVS,1,230216,010826,A,N,0,N,0x00000,0x20,0x00,1,N*10
$GPNVS,2,230216,010826,0.00,0.00,0.00,0.00,0.00,0.00,0.00,0.00,*67
$GPNVS,3,230216,010826,+0.38,,,+4.32,-4.09,,,,1,+36.12,*64
$GPNVS,4,230216,010826,0.00,0.00,,,,,,,*61
$GPNVS,5,230216,010826,5C9,0,0,+36.12,00000,00000,*2C
$GPNVS,6,0,A,0,0x00000,0x20,,0x00,00,,0x00000,,*05
$GPNVS,7,230216,010826,A,12,0x00,1,0,1,393177,+4.32,-4.10*56
$GPNVS,9,+9999999.9989,+1.87481,+10000000.00,15,+0.000,+0.39,,+36.12,50.0,99.0,*62
$GPNVS,10,1,0,0,+0,+0,2,100,0.5,3,2,30,1,+1,1.0,20,+14,1,2,8000*65
$GPNVS,1,230217,010826,A,N,0,N,0x00000,0x20,0x00,1,N*11
$GPNVS,2,230217,010826,0.00,0.00,0.00,0.00,0.00,0.00,0.00,0.00,*66
$GPNVS,3,230217,010826,+0.38,,,+4.32,-4.11,,,,1,+35.80,*64
$GPNVS,4,230217,010826,0.00,0.00,,,,,,,*60
$GPNVS,5,230217,010826,5C9,0,0,+35.80,00000,00000,*25
$GPNVS,6,0,A,0,0x00000,0x20,,0x00,00,,0x00000,,*05
$GPNVS,7,230217,010826,A,12,0x00,1,0,0,393177,+4.32,-4.11*57
$GPNVS,9,+9999999.9989,+1.87481,+10000000.00,15,+0.000,+0.39,,+35.80,50.0,99.0,*6A
$GPNVS,10,1,0,0,+0,+0,2,100,0.5,3,2,30,1,+1,1.0,20,+14,1,2,8000*65
$GPNVS,1,230218,010826,A,N,0,N,0x00000,0x20,0x00,1,N*1E
$GPNVS,2,230218,010826,0.00,0.00,0.00,0.00,0.00,0.00,0.00,0.00,*69
$GPNVS,3,230218,010826,+0.38,,,+4.32,-4.09,,,,1,+36.12,*6A
$GPNVS,4,230218,010826,0.00,0.00,,,,,,,*6F
$GPNVS,5,230218,010826,5C9,0,0,+36.12,00000,00000,*22
$GPNVS,6,0,A,0,0x00000,0x20,,0x00,00,,0x00000,,*05
$GPNVS,7,230218,010826,A,12,0x00,1,0,0,393177,+4.32,-4.10*59
$GPNVS,9,+9999999.9989,+1.87481,+10000000.00,15,+0.000,+0.39,,+36.12,50.0,99.0,*62
$GPNVS,10,1,0,0,+0,+0,2,100,0.5,3,2,30,1,+1,1.0,20,+14,1,2,8000*65
$GPNVS,1,230219,010826,A,N,0,N,0x00000,0x20,0x00,1,N*1F
$GPNVS,2,230219,010826,0.00,0.00,0.00,0.00,0.00,0.00,0.00,0.00,*68
$GPNVS,3,230219,010826,+0.38,,,+4.32,-4.09,,,,1,+36.12,*6B
$GPNVS,4,230219,010826,0.00,0.00,,,,,,,*6E
$GPNVS,5,230219,010826,5C9,0,0,+36.12,00000,00000,*23
$GPNVS,6,0,A,0,0x00000,0x20,,0x00,00,,0x00000,,*05
$GPNVS,7,230219,010826,A,12,0x00,1,0,1,393178,+4.32,-4.10*56
$GPNVS,9,+10000000.000,+1.87482,+10000000.00,15,+0.000,+0.39,,+36.12,50.0,99.0,*68
$GPNVS,10,1,0,0,+0,+0,2,100,0.5,3,2,30,1,+1,1.0,20,+14,1,2,8000*65
$GPNVS,1,230220,010826,A,N,0,N,0x00000,0x20,0x00,1,N*15
$GPNVS,2,230220,010826,0.00,0.00,0.00,0.00,0.00,0.00,0.00,0.00,*62
$GPNVS,3,230220,010826,+0.38,,,+4.32,-4.11,,,,1,+35.80,*60
$GPNVS,4,230220,010826,0.00,0.00,,,,,,,*64
$GPNVS,5,230220,010826,5C9,0,0,+35.80,00000,00000,*21
$GPNVS,6,0,A,0,0x00000,0x20,,0x00,00,,0x00000,,*05
$GPNVS,7,230220,010826,A,12,0x00,1,0,0,393178,+4.32,-4.11*5C
$GPNVS,9,+9999999.9989,+1.87482,+10000000.00,15,+0.000,+0.39,,+35.80,50.0,99.0,*69
$GPNVS,10,1,0,0,+0,+0,2,100,0.5,3,2,30,1,+1,1.0,20,+14,1,2,8000*65
$GPNVS,1,230221,010826,A,N,0,N,0x00000,0x20,0x00,1,N*14
$GPNVS,2,230221,010826,0.00,0.00,0.00,0.00,0.00,0.00,0.00,0.00,*63
$GPNVS,3,230221,010826,+0.38,,,+4.32,-4.09,,,,1,+36.12,*60
$GPNVS,4,230221,010826,0.00,0.00,,,,,,,*65
$GPNVS,5,230221,010826,5C9,0,0,+36.12,00000,00000,*28
$GPNVS,6,0,A,0,0x00000,0x20,,0x00,00,,0x00000,,*05
$GPNVS,7,230221,010826,A,12,0x00,1,0,0,393178,+4.32,-4.10*5C
$GPNVS,9,+9999999.9989,+1.87482,+10000000.00,15,+0.000,+0.39,,+36.12,50.0,99.0,*61
$GPNVS,10,1,0,0,+0,+0,2,100,0.5,3,2,30,1,+1,1.0,20,+14,1,2,8000*65
$GPNVS,1,230222,010826,A,N,0,N,0x00000,0x20,0x00,1,N*17
$GPNVS,2,230222,010826,0.00,0.00,0.00,0.00,0.00,0.00,0.00,0.00,*60
$GPNVS,3,230222,010826,+0.38,,,+4.32,-4.09,,,,1,+36.12,*63
$GPNVS,4,230222,010826,0.00,0.00,,,,,,,*66
$GPNVS,5,230222,010826,5C9,0,0,+36.12,00000,00000,*2B
$GPNVS,6,0,A,0,0x00000,0x20,,0x00,00,,0x00000,,*05
$GPNVS,7,230222,010826,A,12,0x00,1,0,1,393179,+4.32,-4.10*5F
$GPNVS,9,+9999999.9989,+1.87482,+10000000.00,15,+0.000,+0.39,,+36.12,50.0,99.0,*61
$GPNVS,10,1,0,0,+0,+0,2,100,0.5,3,2,30,1,+1,1.0,20,+14,1,2,8000*65
$GPNVS,99,,,*5C
$GPNVS,1,230223,010826,A,N,0,N,0x00000,0x20,0x00,1,N*16
$GPNVS,2,230223,010826,0.00,0.00,0.00,0.00,0.00,0.00,0.00,0.00,*61
$GPNVS,3,230223,010826,+0.38,,,+4.32,-4.11,,,,1,+35.80,*63
$GPNVS,4,230223,010826,0.00,0.00,,,,,,,*67
$GPNVS,5,230223,010826,5C9,0,0,+35.80,00000,00000,*22
$GPNVS,6,0,A,0,0x00000,0x20,,0x00,00,,0x00000,,*05
$GPNVS,7,230223,010826,A,12,0x00,1,0,0,393179,+4.32,-4.11*5E
$GPNVS,9,+9999999.9989,+1.87482,+10000000.00,15,+0.000,+0.39,,+35.80,50.0,99.0,*69
$GPNVS,10,1,0,0,+0,+0,2,100,0.5,3,2,30,1,+1,1.0,20,+14,1,2,8000*65
